vehicle_id,timestamp,vehicle_type,vehicle_age_years,engine_size_l,vehicle_weight_kg,fuel_type,latitude,longitude,speed_kmph,acceleration_mps2,rpm,gear,throttle_position_pct,brake_pressure_pct,engine_load_pct,road_slope_pct,road_type,traffic_level,ambient_temperature_c,distance_travelled_km,idle_duration_sec,fuel_level_l,fuel_rate_lph,fuel_consumption_l_100km,behavior_label
V001,2026-08-22T08:10:00,Van,1,2.0,3080.2,Diesel,19.028287,72.838495,23.2,0.37,4500.0,1,76.4,0.0,74.5,0.07,Urban,High,28.6,0.006,0,69.48,7.47,32.21,excessive_revving
V001,2026-08-22T08:10:01,Van,1,2.0,3080.2,Diesel,19.028348,72.838544,24.5,0.37,4500.0,1,69.8,0.0,86.4,1.91,Urban,High,28.7,0.013,0,69.48,7.89,32.21,excessive_revving
V001,2026-08-22T08:10:02,Van,1,2.0,3080.2,Diesel,19.028412,72.838595,25.4,0.26,4500.0,1,85.7,0.0,87.1,-0.55,Urban,High,27.5,0.02,0,69.47,8.19,32.21,excessive_revving
V001,2026-08-22T08:10:03,Van,1,2.0,3080.2,Diesel,19.028471,72.838642,23.5,-0.53,4500.0,1,86.1,0.0,73.4,-0.94,Urban,High,29.8,0.027,0,69.47,7.58,32.21,excessive_revving
V001,2026-08-22T08:10:04,Van,1,2.0,3080.2,Diesel,19.02853,72.83869,23.8,0.08,4500.0,1,81.0,0.0,85.3,0.71,Urban,High,28.6,0.033,0,69.47,7.68,32.21,excessive_revving
V001,2026-08-22T08:10:05,Van,1,2.0,3080.2,Diesel,19.028592,72.83874,24.9,0.28,4500.0,1,78.0,0.0,76.9,-1.04,Urban,High,25.7,0.04,0,69.47,8.01,32.21,excessive_revving
V001,2026-08-22T08:10:06,Van,1,2.0,3080.2,Diesel,19.028654,72.838789,24.7,-0.03,4500.0,1,68.2,0.0,81.7,0.45,Urban,High,27.3,0.047,0,69.47,7.97,32.21,excessive_revving
V001,2026-08-22T08:10:07,Van,1,2.0,3080.2,Diesel,19.028719,72.838841,25.7,0.28,4500.0,1,75.6,0.0,70.7,0.49,Urban,High,26.7,0.054,0,69.46,8.29,32.21,excessive_revving
V001,2026-08-22T08:10:08,Van,1,2.0,3080.2,Diesel,19.02878,72.83889,24.6,-0.32,4500.0,1,73.4,0.0,88.4,0.21,Urban,High,31.0,0.061,0,69.46,7.92,32.21,excessive_revving
V001,2026-08-22T08:10:09,Van,1,2.0,3080.2,Diesel,19.028838,72.838937,23.4,-0.34,4500.0,1,77.8,0.0,88.9,2.1,Urban,High,29.0,0.068,0,69.46,7.53,32.21,excessive_revving
V001,2026-08-22T08:10:10,Van,1,2.0,3080.2,Diesel,19.028893,72.838981,22.0,-0.39,4500.0,1,88.6,0.0,83.2,4.02,Urban,High,32.3,0.074,0,69.46,7.08,32.21,excessive_revving
V001,2026-08-22T08:10:11,Van,1,2.0,3080.2,Diesel,19.028947,72.839023,21.4,-0.17,4500.0,1,69.9,0.0,78.6,-0.63,Urban,High,29.1,0.08,0,69.46,6.89,32.21,excessive_revving
V001,2026-08-22T08:10:12,Van,1,2.0,3080.2,Diesel,19.028998,72.839064,20.4,-0.27,4500.0,1,74.6,0.0,83.0,-0.53,Urban,High,27.1,0.085,0,69.45,6.58,32.21,excessive_revving
V001,2026-08-22T08:10:13,Van,1,2.0,3080.2,Diesel,19.02905,72.839106,20.6,0.06,4500.0,1,77.4,0.0,86.2,-0.11,Urban,High,27.3,0.091,0,69.45,6.65,32.21,excessive_revving
V001,2026-08-22T08:10:14,Van,1,2.0,3080.2,Diesel,19.0291,72.839146,20.0,-0.53,4500.0,1,71.5,0.0,75.3,0.73,Urban,High,26.5,0.097,0,69.45,6.44,32.21,excessive_revving
V001,2026-08-22T08:10:15,Van,1,2.0,3080.2,Diesel,19.02915,72.839186,20.0,-0.8,4500.0,1,76.3,0.0,70.1,0.21,Urban,High,28.9,0.102,0,69.45,6.44,32.21,excessive_revving
V001,2026-08-22T08:10:16,Van,1,2.0,3080.2,Diesel,19.029203,72.839229,21.5,0.41,4500.0,1,85.9,0.0,86.2,-1.41,Urban,High,28.2,0.108,0,69.45,6.92,32.21,excessive_revving
V001,2026-08-22T08:10:17,Van,1,2.0,3080.2,Diesel,19.029257,72.839271,21.3,-0.05,4500.0,1,83.6,0.0,86.9,-0.56,Urban,High,27.7,0.114,0,69.44,6.86,32.21,excessive_revving
V001,2026-08-22T08:10:18,Van,1,2.0,3080.2,Diesel,19.029309,72.839313,20.9,-0.13,4500.0,1,65.7,0.0,73.9,-0.66,Urban,High,30.0,0.12,0,69.44,6.72,32.21,excessive_revving
V001,2026-08-22T08:10:19,Van,1,2.0,3080.2,Diesel,19.029359,72.839353,20.0,-0.6,4500.0,1,78.9,0.0,88.7,0.95,Urban,High,27.5,0.126,0,69.44,6.44,32.21,excessive_revving
V001,2026-08-22T08:10:20,Van,1,2.0,3080.2,Diesel,19.029409,72.839393,20.0,-0.1,4500.0,1,69.7,0.0,71.4,0.86,Urban,High,28.4,0.131,0,69.44,6.44,32.21,excessive_revving
V001,2026-08-22T08:10:21,Van,1,2.0,3080.2,Diesel,19.029461,72.839435,21.0,0.29,4500.0,1,86.8,0.0,81.5,0.37,Urban,High,27.7,0.137,0,69.44,6.78,32.21,excessive_revving
V001,2026-08-22T08:10:22,Van,1,2.0,3080.2,Diesel,19.029518,72.83948,22.7,0.46,4500.0,1,77.2,0.0,89.3,-1.05,Urban,High,26.1,0.143,0,69.44,7.31,32.21,excessive_revving
V001,2026-08-22T08:10:23,Van,1,2.0,3080.2,Diesel,19.029575,72.839526,22.9,0.06,4500.0,1,89.6,0.0,89.9,-0.3,Urban,High,27.5,0.15,0,69.43,7.38,32.21,excessive_revving
V001,2026-08-22T08:10:24,Van,1,2.0,3080.2,Diesel,19.029631,72.839571,22.4,-0.14,4500.0,1,70.2,0.0,73.9,0.1,Urban,High,26.1,0.156,0,69.43,7.22,32.21,excessive_revving
V001,2026-08-22T08:10:25,Van,1,2.0,3080.2,Diesel,19.029684,72.839613,21.1,-0.38,4500.0,1,75.6,0.0,88.4,-0.18,Urban,High,30.4,0.162,0,69.43,6.79,32.21,excessive_revving
V001,2026-08-22T08:10:26,Van,1,2.0,3080.2,Diesel,19.029736,72.839655,20.8,-0.06,4500.0,1,79.0,0.0,80.4,1.87,Urban,High,28.6,0.167,0,69.43,6.72,32.21,excessive_revving
V001,2026-08-22T08:10:27,Van,1,2.0,3080.2,Diesel,19.029787,72.839695,20.2,-0.18,4500.0,1,89.0,0.0,71.2,-2.04,Urban,High,28.3,0.173,0,69.43,6.5,32.21,excessive_revving
V001,2026-08-22T08:10:28,Van,1,2.0,3080.2,Diesel,19.029837,72.839735,20.0,-0.26,4500.0,1,82.1,0.0,82.5,1.92,Urban,High,27.2,0.179,0,69.42,6.44,32.21,excessive_revving
V001,2026-08-22T08:10:29,Van,1,2.0,3080.2,Diesel,19.029891,72.839779,21.8,0.51,4500.0,1,84.2,0.0,76.7,-1.13,Urban,High,28.3,0.185,0,69.42,7.03,32.21,excessive_revving
V001,2026-08-22T08:10:30,Van,1,2.0,3080.2,Diesel,19.029942,72.83982,20.3,-0.42,4500.0,1,67.0,0.0,74.9,0.56,Urban,High,27.1,0.19,0,69.42,6.54,32.21,excessive_revving
V001,2026-08-22T08:10:31,Van,1,2.0,3080.2,Diesel,19.029995,72.839862,21.4,0.29,4500.0,1,87.4,0.0,77.6,-1.54,Urban,High,27.2,0.196,0,69.42,6.88,32.21,excessive_revving
V001,2026-08-22T08:10:32,Van,1,2.0,3080.2,Diesel,19.030049,72.839905,21.3,-0.01,4500.0,1,89.1,0.0,72.1,0.62,Urban,High,31.0,0.202,0,69.42,6.87,32.21,excessive_revving
V001,2026-08-22T08:10:33,Van,1,2.0,3080.2,Diesel,19.030104,72.839949,22.0,0.18,4500.0,1,70.2,0.0,78.3,-0.29,Urban,High,29.5,0.208,0,69.41,7.08,32.21,excessive_revving
V001,2026-08-22T08:10:34,Van,1,2.0,3080.2,Diesel,19.030157,72.839992,21.5,-0.14,4500.0,1,71.5,0.0,78.0,-0.14,Urban,High,25.6,0.214,0,69.41,6.91,32.21,excessive_revving
V001,2026-08-22T08:10:35,Van,1,2.0,3080.2,Diesel,19.030209,72.840033,20.8,-0.17,4500.0,1,70.7,0.0,79.8,1.54,Urban,High,29.4,0.22,0,69.41,6.71,32.21,excessive_revving
V001,2026-08-22T08:10:36,Van,1,2.0,3080.2,Diesel,19.030261,72.840075,20.5,-0.08,4500.0,1,69.6,0.0,86.5,0.7,Urban,High,30.1,0.226,0,69.41,6.62,32.21,excessive_revving
V001,2026-08-22T08:10:37,Van,1,2.0,3080.2,Diesel,19.030311,72.840115,20.0,-0.71,4500.0,1,79.6,0.0,75.4,-0.27,Urban,High,27.9,0.231,0,69.41,6.44,32.21,excessive_revving
V001,2026-08-22T08:10:38,Van,1,2.0,3080.2,Diesel,19.030361,72.840155,20.0,-0.55,4500.0,1,76.2,0.0,89.3,1.29,Urban,High,28.2,0.237,0,69.41,6.44,32.21,excessive_revving
V001,2026-08-22T08:10:39,Van,1,2.0,3080.2,Diesel,19.030416,72.840199,22.0,0.56,4500.0,1,73.3,0.0,78.3,-2.05,Urban,High,28.3,0.243,0,69.4,7.1,32.21,excessive_revving
V001,2026-08-22T08:10:40,Van,1,2.0,3080.2,Diesel,19.030469,72.840241,21.4,-0.19,4500.0,1,68.7,0.0,78.3,0.39,Urban,High,28.5,0.249,0,69.4,6.88,32.21,excessive_revving
V001,2026-08-22T08:10:41,Van,1,2.0,3080.2,Diesel,19.030524,72.840285,21.9,0.15,4500.0,1,66.4,0.0,78.4,-1.19,Urban,High,24.9,0.255,0,69.4,7.06,32.21,excessive_revving
V001,2026-08-22T08:10:42,Van,1,2.0,3080.2,Diesel,19.030579,72.840329,22.0,0.03,4500.0,1,74.5,0.0,71.3,0.27,Urban,High,29.5,0.261,0,69.4,7.1,32.21,excessive_revving
V001,2026-08-22T08:10:43,Van,1,2.0,3080.2,Diesel,19.030634,72.840373,21.8,-0.08,4500.0,1,70.1,0.0,80.1,0.03,Urban,High,27.3,0.267,0,69.4,7.01,32.21,excessive_revving
V001,2026-08-22T08:10:44,Van,1,2.0,3080.2,Diesel,19.030684,72.840413,20.0,-0.86,4500.0,1,79.8,0.0,84.2,1.01,Urban,High,26.8,0.273,0,69.39,6.44,32.21,excessive_revving
V001,2026-08-22T08:10:45,Van,1,2.0,3080.2,Diesel,19.03074,72.840458,22.5,0.7,4500.0,1,78.2,0.0,80.3,-0.88,Urban,High,28.1,0.279,0,69.39,7.25,32.21,excessive_revving
V001,2026-08-22T08:10:46,Van,1,2.0,3080.2,Diesel,19.030796,72.840503,22.7,0.05,4500.0,1,73.8,0.0,78.6,-0.73,Urban,High,28.6,0.285,0,69.39,7.3,32.21,excessive_revving
V001,2026-08-22T08:10:47,Van,1,2.0,3080.2,Diesel,19.030851,72.840547,21.8,-0.23,4500.0,1,66.7,0.0,87.7,0.47,Urban,High,30.3,0.291,0,69.39,7.03,32.21,excessive_revving
V001,2026-08-22T08:10:48,Van,1,2.0,3080.2,Diesel,19.030903,72.840589,20.9,-0.26,4500.0,1,84.4,0.0,89.7,0.29,Urban,High,25.2,0.297,0,69.39,6.73,32.21,excessive_revving
V001,2026-08-22T08:10:49,Van,1,2.0,3080.2,Diesel,19.030959,72.840633,22.2,0.35,4500.0,1,71.1,0.0,82.4,-0.03,Urban,High,28.6,0.303,0,69.38,7.15,32.21,excessive_revving
V001,2026-08-22T08:10:50,Van,1,2.0,3080.2,Diesel,19.031009,72.840673,20.0,-0.63,4500.0,1,81.0,0.0,86.2,-0.7,Urban,High,28.1,0.309,0,69.38,6.44,32.21,excessive_revving
V001,2026-08-22T08:10:51,Van,1,2.0,3080.2,Diesel,19.031059,72.840713,20.0,-0.0,4500.0,1,78.5,0.0,71.4,-0.43,Urban,High,27.5,0.314,0,69.38,6.44,32.21,excessive_revving
V001,2026-08-22T08:10:52,Van,1,2.0,3080.2,Diesel,19.03111,72.840754,20.5,0.13,4500.0,1,74.7,0.0,74.4,0.91,Urban,High,26.6,0.32,0,69.38,6.6,32.21,excessive_revving
V001,2026-08-22T08:10:53,Van,1,2.0,3080.2,Diesel,19.03116,72.840794,20.0,-0.44,4500.0,1,75.7,0.0,89.2,-0.82,Urban,High,28.9,0.326,0,69.38,6.44,32.21,excessive_revving
V001,2026-08-22T08:10:54,Van,1,2.0,3080.2,Diesel,19.03121,72.840834,20.0,-0.11,4500.0,1,68.3,0.0,79.3,-0.15,Urban,High,27.5,0.331,0,69.37,6.44,32.21,excessive_revving
V001,2026-08-22T08:10:55,Van,1,2.0,3080.2,Diesel,19.031263,72.840876,21.2,0.33,4500.0,1,89.2,0.0,85.4,2.67,Urban,High,26.2,0.337,0,69.37,6.83,32.21,excessive_revving
V001,2026-08-22T08:10:56,Van,1,2.0,3080.2,Diesel,19.031315,72.840918,20.6,-0.17,4500.0,1,81.4,0.0,73.9,-0.0,Urban,High,25.9,0.343,0,69.37,6.64,32.21,excessive_revving
V001,2026-08-22T08:10:57,Van,1,2.0,3080.2,Diesel,19.031366,72.840959,20.8,0.05,4500.0,1,82.8,0.0,82.0,-1.14,Urban,High,24.7,0.349,0,69.37,6.7,32.21,excessive_revving
V001,2026-08-22T08:10:58,Van,1,2.0,3080.2,Diesel,19.031418,72.841,20.7,-0.03,4500.0,1,79.7,0.0,74.9,-0.17,Urban,High,32.1,0.354,0,69.37,6.66,32.21,excessive_revving
V001,2026-08-22T08:10:59,Van,1,2.0,3080.2,Diesel,19.031469,72.841041,20.2,-0.14,4500.0,1,85.7,0.0,71.4,0.66,Urban,High,26.7,0.36,0,69.37,6.5,32.21,excessive_revving
V001,2026-08-22T08:11:00,Van,1,2.0,3080.2,Diesel,19.031519,72.841081,20.0,-0.38,4500.0,1,86.0,0.0,82.3,0.58,Urban,High,26.7,0.366,0,69.36,6.44,32.21,excessive_revving
V001,2026-08-22T08:11:01,Van,1,2.0,3080.2,Diesel,19.031569,72.841121,20.0,-0.16,4500.0,1,65.7,0.0,86.8,-0.42,Urban,High,30.7,0.371,0,69.36,6.44,32.21,excessive_revving
V001,2026-08-22T08:11:02,Van,1,2.0,3080.2,Diesel,19.031619,72.841161,20.0,-0.92,4500.0,1,79.5,0.0,74.8,0.55,Urban,High,28.8,0.377,0,69.36,6.44,32.21,excessive_revving
V001,2026-08-22T08:11:03,Van,1,2.0,3080.2,Diesel,19.031673,72.841204,21.6,0.43,4500.0,1,83.3,0.0,80.8,-0.53,Urban,High,27.8,0.383,0,69.36,6.95,32.21,excessive_revving
V001,2026-08-22T08:11:04,Van,1,2.0,3080.2,Diesel,19.031728,72.841248,22.1,0.14,4500.0,1,82.8,0.0,80.9,-0.36,Urban,High,26.5,0.389,0,69.36,7.1,32.21,excessive_revving
V001,2026-08-22T08:11:05,Van,1,2.0,3080.2,Diesel,19.03178,72.84129,21.0,-0.29,4500.0,1,86.7,0.0,79.9,1.03,Urban,High,28.0,0.395,0,69.35,6.77,32.21,excessive_revving
V001,2026-08-22T08:11:06,Van,1,2.0,3080.2,Diesel,19.031834,72.841333,21.4,0.12,4500.0,1,88.4,0.0,71.3,0.22,Urban,High,27.3,0.401,0,69.35,6.91,32.21,excessive_revving
V001,2026-08-22T08:11:07,Van,1,2.0,3080.2,Diesel,19.031885,72.841374,20.6,-0.23,4500.0,1,84.2,0.0,86.1,-1.79,Urban,High,26.2,0.406,0,69.35,6.64,32.21,excessive_revving
V001,2026-08-22T08:11:08,Van,1,2.0,3080.2,Diesel,19.031938,72.841416,20.9,0.09,4500.0,1,85.7,0.0,77.2,0.64,Urban,High,27.8,0.412,0,69.35,6.74,32.21,excessive_revving
V001,2026-08-22T08:11:09,Van,1,2.0,3080.2,Diesel,19.031988,72.841456,20.0,-0.27,4500.0,1,65.6,0.0,81.3,0.5,Urban,High,27.3,0.418,0,69.35,6.44,32.21,excessive_revving
V001,2026-08-22T08:11:10,Van,1,2.0,3080.2,Diesel,19.032038,72.841497,20.3,0.07,4500.0,1,77.5,0.0,77.2,2.49,Urban,High,27.9,0.423,0,69.35,6.53,32.21,excessive_revving
V001,2026-08-22T08:11:11,Van,1,2.0,3080.2,Diesel,19.032092,72.841539,21.3,0.28,4500.0,1,68.5,0.0,84.6,1.49,Urban,High,26.1,0.429,0,69.34,6.85,32.21,excessive_revving
V001,2026-08-22T08:11:12,Van,1,2.0,3080.2,Diesel,19.032147,72.841584,22.2,0.26,4500.0,1,78.0,0.0,88.1,-0.5,Urban,High,27.3,0.435,0,69.34,7.16,32.21,excessive_revving
V001,2026-08-22T08:11:13,Van,1,2.0,3080.2,Diesel,19.032204,72.84163,23.0,0.21,4500.0,1,69.5,0.0,73.6,1.39,Urban,High,29.5,0.442,0,69.34,7.4,32.21,excessive_revving
V001,2026-08-22T08:11:14,Van,1,2.0,3080.2,Diesel,19.032261,72.841675,22.5,-0.12,4500.0,1,82.6,0.0,79.6,0.1,Urban,High,28.2,0.448,0,69.34,7.26,32.21,excessive_revving
V001,2026-08-22T08:11:15,Van,1,2.0,3080.2,Diesel,19.032319,72.841721,23.2,0.17,4500.0,1,81.4,0.0,74.5,-0.47,Urban,High,30.7,0.454,0,69.34,7.46,32.21,excessive_revving
V001,2026-08-22T08:11:16,Van,1,2.0,3080.2,Diesel,19.032375,72.841766,22.4,-0.22,4500.0,1,76.1,0.0,76.9,-0.85,Urban,High,31.3,0.461,0,69.33,7.21,32.21,excessive_revving
V001,2026-08-22T08:11:17,Van,1,2.0,3080.2,Diesel,19.032433,72.841812,23.1,0.21,4500.0,1,85.6,0.0,80.4,-0.34,Urban,High,24.8,0.467,0,69.33,7.46,32.21,excessive_revving
V001,2026-08-22T08:11:18,Van,1,2.0,3080.2,Diesel,19.032489,72.841857,22.7,-0.14,4500.0,1,77.5,0.0,79.4,0.11,Urban,High,26.6,0.473,0,69.33,7.3,32.21,excessive_revving
V001,2026-08-22T08:11:19,Van,1,2.0,3080.2,Diesel,19.032547,72.841903,23.0,0.11,4500.0,1,78.7,0.0,73.4,0.06,Urban,High,29.1,0.48,0,69.33,7.42,32.21,excessive_revving
V001,2026-08-22T08:11:20,Van,1,2.0,3080.2,Diesel,19.032602,72.841947,22.0,-0.3,4500.0,1,75.9,0.0,75.9,-1.18,Urban,High,29.3,0.486,0,69.32,7.08,32.21,excessive_revving
V001,2026-08-22T08:11:21,Van,1,2.0,3080.2,Diesel,19.032658,72.841992,22.3,0.09,4500.0,1,71.1,0.0,71.9,-0.57,Urban,High,29.8,0.492,0,69.32,7.18,32.21,excessive_revving
V001,2026-08-22T08:11:22,Van,1,2.0,3080.2,Diesel,19.032715,72.842038,22.9,0.16,4500.0,1,74.6,0.0,76.0,0.86,Urban,High,27.8,0.498,0,69.32,7.37,32.21,excessive_revving
V001,2026-08-22T08:11:23,Van,1,2.0,3080.2,Diesel,19.032773,72.842084,23.2,0.08,4500.0,1,70.7,0.0,77.0,-2.01,Urban,High,27.9,0.505,0,69.32,7.47,32.21,excessive_revving
V001,2026-08-22T08:11:24,Van,1,2.0,3080.2,Diesel,19.032829,72.842129,22.4,-0.22,4500.0,1,83.9,0.0,73.3,-0.75,Urban,High,28.0,0.511,0,69.32,7.22,32.21,excessive_revving
V001,2026-08-22T08:11:25,Van,1,2.0,3080.2,Diesel,19.032884,72.842173,22.0,-0.12,4500.0,1,74.5,0.0,82.7,-0.33,Urban,High,28.9,0.517,0,69.31,7.08,32.21,excessive_revving
V001,2026-08-22T08:11:26,Van,1,2.0,3080.2,Diesel,19.03294,72.842218,22.4,0.11,4500.0,1,76.4,0.0,72.9,-0.42,Urban,High,27.7,0.523,0,69.31,7.21,32.21,excessive_revving
V001,2026-08-22T08:11:27,Van,1,2.0,3080.2,Diesel,19.032998,72.842264,23.4,0.28,4500.0,1,81.4,0.0,82.3,-1.6,Urban,High,27.9,0.53,0,69.31,7.53,32.21,excessive_revving
V001,2026-08-22T08:11:28,Van,1,2.0,3080.2,Diesel,19.033057,72.842311,23.6,0.06,4500.0,1,88.3,0.0,87.5,-1.35,Urban,High,28.5,0.536,0,69.31,7.6,32.21,excessive_revving
V001,2026-08-22T08:11:29,Van,1,2.0,3080.2,Diesel,19.033116,72.842359,23.5,-0.01,4500.0,1,85.0,0.0,87.4,-0.11,Urban,High,27.5,0.543,0,69.31,7.58,32.21,excessive_revving
V001,2026-08-22T08:11:30,Van,1,2.0,3080.2,Diesel,19.033172,72.842404,22.6,-0.26,4500.0,1,69.5,0.0,79.6,0.48,Urban,High,27.4,0.549,0,69.3,7.28,32.21,excessive_revving
V001,2026-08-22T08:11:31,Van,1,2.0,3080.2,Diesel,19.033227,72.842447,21.8,-0.24,4500.0,1,80.8,0.0,83.6,-0.03,Urban,High,27.5,0.555,0,69.3,7.01,32.21,excessive_revving
V001,2026-08-22T08:11:32,Van,1,2.0,3080.2,Diesel,19.033282,72.842492,22.3,0.16,4500.0,1,82.9,0.0,80.6,1.25,Urban,High,27.6,0.561,0,69.3,7.19,32.21,excessive_revving
V001,2026-08-22T08:11:33,Van,1,2.0,3080.2,Diesel,19.033335,72.842534,21.0,-0.36,4500.0,1,79.3,0.0,82.0,2.12,Urban,High,29.3,0.567,0,69.3,6.77,32.21,excessive_revving
V001,2026-08-22T08:11:34,Van,1,2.0,3080.2,Diesel,19.033385,72.842574,20.0,-0.31,4500.0,1,89.4,0.0,88.0,0.61,Urban,High,24.9,0.573,0,69.3,6.44,32.21,excessive_revving
V001,2026-08-22T08:11:35,Van,1,2.0,3080.2,Diesel,19.033435,72.842614,20.0,-0.02,4500.0,1,86.3,0.0,72.6,-1.01,Urban,High,27.0,0.578,0,69.3,6.44,32.21,excessive_revving
V001,2026-08-22T08:11:36,Van,1,2.0,3080.2,Diesel,19.033491,72.842659,22.3,0.65,4500.0,1,67.1,0.0,84.2,-0.99,Urban,High,27.8,0.585,0,69.29,7.19,32.21,excessive_revving
V001,2026-08-22T08:11:37,Van,1,2.0,3080.2,Diesel,19.033553,72.842709,24.9,0.73,4500.0,1,90.0,0.0,74.0,1.74,Urban,High,27.3,0.592,0,69.29,8.04,32.21,excessive_revving
V001,2026-08-22T08:11:38,Van,1,2.0,3080.2,Diesel,19.033619,72.842761,26.2,0.35,4500.0,1,73.8,0.0,74.1,0.24,Urban,High,28.9,0.599,0,69.29,8.44,32.21,excessive_revving
V001,2026-08-22T08:11:39,Van,1,2.0,3080.2,Diesel,19.033686,72.842815,26.9,0.2,4500.0,1,87.1,0.0,80.8,0.26,Urban,High,28.0,0.606,0,69.29,8.67,32.21,excessive_revving
V001,2026-08-22T08:11:40,Van,1,2.0,3080.2,Diesel,19.033754,72.842869,27.0,0.02,4500.0,1,77.0,0.0,75.2,-1.95,Urban,High,27.9,0.614,0,69.28,8.7,32.21,excessive_revving
V001,2026-08-22T08:11:41,Van,1,2.0,3080.2,Diesel,19.033822,72.842924,27.5,0.14,4500.0,1,77.0,0.0,74.5,-0.62,Urban,High,27.5,0.621,0,69.28,8.85,32.21,excessive_revving
V001,2026-08-22T08:11:42,Van,1,2.0,3080.2,Diesel,19.03389,72.842978,27.2,-0.09,4500.0,1,70.9,0.0,85.3,0.75,Urban,High,28.1,0.629,0,69.28,8.75,32.21,excessive_revving
V001,2026-08-22T08:11:43,Van,1,2.0,3080.2,Diesel,19.033961,72.843035,28.3,0.32,4500.0,1,76.0,0.0,70.7,-1.76,Urban,High,29.4,0.637,0,69.28,9.12,32.21,excessive_revving
V001,2026-08-22T08:11:44,Van,1,2.0,3080.2,Diesel,19.034035,72.843094,29.5,0.34,4500.0,1,83.5,0.0,71.1,0.86,Urban,High,29.0,0.645,0,69.27,9.51,32.21,excessive_revving
V001,2026-08-22T08:11:45,Van,1,2.0,3080.2,Diesel,19.034105,72.84315,28.0,-0.41,4500.0,1,74.3,0.0,87.7,0.77,Urban,High,30.8,0.653,0,69.27,9.03,32.21,excessive_revving
V001,2026-08-22T08:11:46,Van,1,2.0,3080.2,Diesel,19.034168,72.8432,25.3,-0.76,4500.0,1,78.1,0.0,86.1,-1.49,Urban,High,28.3,0.66,0,69.27,8.16,32.21,excessive_revving
V001,2026-08-22T08:11:47,Van,1,2.0,3080.2,Diesel,19.034229,72.843249,24.5,-0.24,4500.0,1,73.6,0.0,89.8,-0.34,Urban,High,26.4,0.667,0,69.27,7.88,32.21,excessive_revving
V001,2026-08-22T08:11:48,Van,1,2.0,3080.2,Diesel,19.034288,72.843296,23.4,-0.29,4500.0,1,69.2,0.0,87.5,-1.51,Urban,High,26.3,0.673,0,69.26,7.54,32.21,excessive_revving
V001,2026-08-22T08:11:49,Van,1,2.0,3080.2,Diesel,19.034344,72.843341,22.4,-0.28,4500.0,1,68.8,0.0,82.3,-1.0,Urban,High,25.5,0.679,0,69.26,7.22,32.21,excessive_revving
V001,2026-08-22T08:11:50,Van,1,2.0,3080.2,Diesel,19.034398,72.843385,21.8,-0.17,4500.0,1,73.9,0.0,77.1,0.53,Urban,High,31.1,0.685,0,69.26,7.03,32.21,excessive_revving
V001,2026-08-22T08:11:51,Van,1,2.0,3080.2,Diesel,19.034451,72.843427,21.1,-0.21,4500.0,1,71.3,0.0,86.8,-0.58,Urban,High,30.2,0.691,0,69.26,6.78,32.21,excessive_revving
V001,2026-08-22T08:11:52,Van,1,2.0,3080.2,Diesel,19.034501,72.843467,20.0,-0.55,4500.0,1,84.8,0.0,71.3,-0.95,Urban,High,27.0,0.697,0,69.26,6.44,32.21,excessive_revving
V001,2026-08-22T08:11:53,Van,1,2.0,3080.2,Diesel,19.034551,72.843507,20.0,-0.14,4500.0,1,65.7,0.0,81.5,-0.33,Urban,High,28.3,0.702,0,69.26,6.44,32.21,excessive_revving
V001,2026-08-22T08:11:54,Van,1,2.0,3080.2,Diesel,19.034601,72.843547,20.1,0.04,4500.0,1,84.9,0.0,82.8,-0.36,Urban,High,27.5,0.708,0,69.25,6.49,32.21,excessive_revving
V001,2026-08-22T08:11:55,Van,1,2.0,3080.2,Diesel,19.034658,72.843592,22.5,0.65,4500.0,1,70.4,0.0,80.3,-1.33,Urban,High,28.1,0.714,0,69.25,7.24,32.21,excessive_revving
V001,2026-08-22T08:11:56,Van,1,2.0,3080.2,Diesel,19.034717,72.84364,23.9,0.41,4500.0,1,86.4,0.0,78.9,0.55,Urban,High,27.7,0.721,0,69.25,7.71,32.21,excessive_revving
V001,2026-08-22T08:11:57,Van,1,2.0,3080.2,Diesel,19.034776,72.843687,23.5,-0.12,4500.0,1,85.9,0.0,83.5,-1.36,Urban,High,28.6,0.727,0,69.25,7.57,32.21,excessive_revving
V001,2026-08-22T08:11:58,Van,1,2.0,3080.2,Diesel,19.034833,72.843732,22.6,-0.25,4500.0,1,86.4,0.0,86.7,-0.99,Urban,High,27.1,0.734,0,69.25,7.28,32.21,excessive_revving
V001,2026-08-22T08:11:59,Van,1,2.0,3080.2,Diesel,19.03489,72.843778,23.1,0.14,4500.0,1,69.8,0.0,73.7,-1.02,Urban,High,28.3,0.74,0,69.24,7.43,32.21,excessive_revving
V001,2026-08-22T10:10:00,Van,1,2.0,2930.9,Diesel,19.067428,72.925456,38.6,3.32,4500.0,2,86.9,0.0,97.4,1.93,Urban,High,26.8,0.011,0,55.69,7.91,20.5,harsh_acceleration
V001,2026-08-22T10:10:01,Van,1,2.0,2930.9,Diesel,19.067553,72.925556,50.0,3.77,4500.0,2,99.4,0.0,93.6,-1.21,Urban,High,28.4,0.025,0,55.69,9.59,19.18,harsh_acceleration
V001,2026-08-22T10:10:02,Van,1,2.0,2930.9,Diesel,19.067678,72.925656,50.0,3.52,4500.0,2,92.0,0.0,91.8,-0.75,Urban,High,28.5,0.038,0,55.69,9.59,19.18,harsh_acceleration
V001,2026-08-22T10:10:03,Van,1,2.0,2930.9,Diesel,19.067803,72.925756,50.0,4.16,4500.0,2,91.3,0.0,98.7,0.4,Urban,High,28.7,0.052,0,55.68,9.59,19.18,harsh_acceleration
V001,2026-08-22T10:10:04,Van,1,2.0,2930.9,Diesel,19.067928,72.925856,50.0,3.16,4500.0,2,91.2,0.0,91.2,0.4,Urban,High,25.6,0.066,0,55.68,9.59,19.18,harsh_acceleration
V001,2026-08-22T10:10:05,Van,1,2.0,2930.9,Diesel,19.068053,72.925956,50.0,3.93,4500.0,2,96.2,0.0,93.0,-0.05,Urban,High,28.6,0.08,0,55.68,9.59,19.18,harsh_acceleration
V001,2026-08-22T10:10:06,Van,1,2.0,2930.9,Diesel,19.068178,72.926056,50.0,3.61,4500.0,2,96.1,0.0,91.7,-0.1,Urban,High,27.5,0.094,0,55.68,9.59,19.18,harsh_acceleration
V001,2026-08-22T10:10:07,Van,1,2.0,2930.9,Diesel,19.068303,72.926156,50.0,3.1,4500.0,2,87.0,0.0,90.6,-0.61,Urban,High,29.2,0.108,0,55.67,9.59,19.18,harsh_acceleration
V001,2026-08-22T10:10:08,Van,1,2.0,2930.9,Diesel,19.068428,72.926256,50.0,4.05,4500.0,2,97.7,0.0,95.5,-1.65,Urban,High,27.4,0.122,0,55.67,9.59,19.18,harsh_acceleration
V001,2026-08-22T10:10:09,Van,1,2.0,2930.9,Diesel,19.068553,72.926356,50.0,2.63,4500.0,2,97.9,0.0,93.0,1.77,Urban,High,29.1,0.136,0,55.67,9.59,19.18,harsh_acceleration
V001,2026-08-22T10:10:10,Van,1,2.0,2930.9,Diesel,19.068678,72.926456,50.0,4.15,4500.0,2,87.0,0.0,93.0,-4.05,Urban,High,30.2,0.15,0,55.66,9.59,19.18,harsh_acceleration
V001,2026-08-22T10:10:11,Van,1,2.0,2930.9,Diesel,19.068803,72.926556,50.0,2.9,4500.0,2,93.1,0.0,89.8,-1.42,Urban,High,25.5,0.163,0,55.66,9.59,19.18,harsh_acceleration
V001,2026-08-22T10:10:12,Van,1,2.0,2930.9,Diesel,19.068928,72.926656,50.0,3.83,4500.0,2,87.1,0.0,92.4,0.85,Urban,High,31.8,0.177,0,55.66,9.59,19.18,harsh_acceleration
V001,2026-08-22T10:10:13,Van,1,2.0,2930.9,Diesel,19.069053,72.926756,50.0,2.71,4500.0,2,97.9,0.0,93.4,-0.53,Urban,High,27.8,0.191,0,55.66,9.59,19.18,harsh_acceleration
V001,2026-08-22T10:10:14,Van,1,2.0,2930.9,Diesel,19.069178,72.926856,50.0,3.35,4500.0,2,92.8,0.0,99.7,0.55,Urban,High,28.3,0.205,0,55.65,9.59,19.18,harsh_acceleration
V001,2026-08-22T10:10:15,Van,1,2.0,2930.9,Diesel,19.069303,72.926956,50.0,3.12,4500.0,2,89.3,0.0,91.4,-0.08,Urban,High,29.4,0.219,0,55.65,9.59,19.18,harsh_acceleration
V001,2026-08-22T10:10:16,Van,1,2.0,2930.9,Diesel,19.069428,72.927056,50.0,3.87,4500.0,2,92.1,0.0,98.8,-0.97,Urban,High,26.0,0.233,0,55.65,9.59,19.18,harsh_acceleration
V001,2026-08-22T10:10:17,Van,1,2.0,2930.9,Diesel,19.069553,72.927156,50.0,2.97,4500.0,2,91.8,0.0,96.3,1.7,Urban,High,27.1,0.247,0,55.65,9.59,19.18,harsh_acceleration
V001,2026-08-22T10:10:18,Van,1,2.0,2930.9,Diesel,19.069678,72.927256,50.0,2.78,4500.0,2,95.3,0.0,93.9,-0.7,Urban,High,28.8,0.261,0,55.64,9.59,19.18,harsh_acceleration
V001,2026-08-22T10:10:19,Van,1,2.0,2930.9,Diesel,19.069803,72.927356,50.0,3.74,4500.0,2,89.8,0.0,90.3,-1.67,Urban,High,25.2,0.275,0,55.64,9.59,19.18,harsh_acceleration
V001,2026-08-22T10:10:20,Van,1,2.0,2930.9,Diesel,19.069928,72.927456,50.0,3.52,4500.0,2,92.6,0.0,94.6,-0.74,Urban,High,29.3,0.288,0,55.64,9.59,19.18,harsh_acceleration
V001,2026-08-22T10:10:21,Van,1,2.0,2930.9,Diesel,19.070053,72.927556,50.0,3.75,4500.0,2,91.4,0.0,89.4,1.08,Urban,High,26.3,0.302,0,55.64,9.59,19.18,harsh_acceleration
V001,2026-08-22T10:10:22,Van,1,2.0,2930.9,Diesel,19.070178,72.927656,50.0,3.76,4500.0,2,93.3,0.0,91.7,-0.92,Urban,High,28.4,0.316,0,55.63,9.59,19.18,harsh_acceleration
V001,2026-08-22T10:10:23,Van,1,2.0,2930.9,Diesel,19.070303,72.927756,50.0,3.31,4500.0,2,90.6,0.0,96.2,-1.9,Urban,High,27.1,0.33,0,55.63,9.59,19.18,harsh_acceleration
V001,2026-08-22T10:10:24,Van,1,2.0,2930.9,Diesel,19.070428,72.927856,50.0,2.65,4500.0,2,89.5,0.0,89.5,1.02,Urban,High,27.0,0.344,0,55.63,9.59,19.18,harsh_acceleration
V001,2026-08-22T10:10:25,Van,1,2.0,2930.9,Diesel,19.070553,72.927956,50.0,3.35,4500.0,2,99.7,0.0,90.3,-1.58,Urban,High,30.3,0.358,0,55.62,9.59,19.18,harsh_acceleration
V001,2026-08-22T10:10:26,Van,1,2.0,2930.9,Diesel,19.070678,72.928056,50.0,3.47,4500.0,2,88.8,0.0,90.6,-2.68,Urban,High,27.4,0.372,0,55.62,9.59,19.18,harsh_acceleration
V001,2026-08-22T10:10:27,Van,1,2.0,2930.9,Diesel,19.070803,72.928156,50.0,3.56,4500.0,2,92.4,0.0,96.8,-0.99,Urban,High,28.8,0.386,0,55.62,9.59,19.18,harsh_acceleration
V001,2026-08-22T10:10:28,Van,1,2.0,2930.9,Diesel,19.070928,72.928256,50.0,3.63,4500.0,2,98.3,0.0,97.9,-0.85,Urban,High,26.3,0.4,0,55.62,9.59,19.18,harsh_acceleration
V001,2026-08-22T10:10:29,Van,1,2.0,2930.9,Diesel,19.071053,72.928356,50.0,3.29,4500.0,2,85.3,0.0,98.9,-1.03,Urban,High,28.5,0.413,0,55.61,9.59,19.18,harsh_acceleration
V001,2026-08-22T10:10:30,Van,1,2.0,2930.9,Diesel,19.071178,72.928456,50.0,3.7,4500.0,2,99.6,0.0,92.7,-0.33,Urban,High,24.8,0.427,0,55.61,9.59,19.18,harsh_acceleration
V001,2026-08-22T10:10:31,Van,1,2.0,2930.9,Diesel,19.071303,72.928556,50.0,2.94,4500.0,2,99.2,0.0,93.5,-0.68,Urban,High,29.4,0.441,0,55.61,9.59,19.18,harsh_acceleration
V001,2026-08-22T10:10:32,Van,1,2.0,2930.9,Diesel,19.071428,72.928656,50.0,3.75,4500.0,2,97.0,0.0,98.3,-0.35,Urban,High,26.8,0.455,0,55.61,9.59,19.18,harsh_acceleration
V001,2026-08-22T10:10:33,Van,1,2.0,2930.9,Diesel,19.071553,72.928756,50.0,2.99,4500.0,2,91.6,0.0,89.6,1.21,Urban,High,25.5,0.469,0,55.6,9.59,19.18,harsh_acceleration
V001,2026-08-22T10:10:34,Van,1,2.0,2930.9,Diesel,19.071678,72.928856,50.0,4.08,4500.0,2,97.5,0.0,89.2,0.48,Urban,High,26.2,0.483,0,55.6,9.59,19.18,harsh_acceleration
V001,2026-08-22T10:10:35,Van,1,2.0,2930.9,Diesel,19.071803,72.928956,50.0,4.13,4500.0,2,97.8,0.0,90.7,1.18,Urban,High,28.5,0.497,0,55.6,9.59,19.18,harsh_acceleration
V001,2026-08-22T10:10:36,Van,1,2.0,2930.9,Diesel,19.071928,72.929056,50.0,2.96,4500.0,2,92.8,0.0,88.6,1.73,Urban,High,26.3,0.511,0,55.6,9.59,19.18,harsh_acceleration
V001,2026-08-22T10:10:37,Van,1,2.0,2930.9,Diesel,19.072053,72.929156,50.0,4.07,4500.0,2,93.8,0.0,96.4,-1.2,Urban,High,28.3,0.525,0,55.59,9.59,19.18,harsh_acceleration
V001,2026-08-22T10:10:38,Van,1,2.0,2930.9,Diesel,19.072178,72.929256,50.0,3.01,4500.0,2,97.1,0.0,89.9,1.39,Urban,High,27.4,0.538,0,55.59,9.59,19.18,harsh_acceleration
V001,2026-08-22T10:10:39,Van,1,2.0,2930.9,Diesel,19.072303,72.929356,50.0,3.23,4500.0,2,86.8,0.0,88.6,-0.99,Urban,High,27.4,0.552,0,55.59,9.59,19.18,harsh_acceleration
V001,2026-08-22T10:10:40,Van,1,2.0,2930.9,Diesel,19.072428,72.929456,50.0,3.42,4500.0,2,94.8,0.0,99.3,0.13,Urban,High,29.5,0.566,0,55.58,9.59,19.18,harsh_acceleration
V001,2026-08-22T10:10:41,Van,1,2.0,2930.9,Diesel,19.072553,72.929556,50.0,2.8,4500.0,2,89.0,0.0,90.2,-0.53,Urban,High,27.2,0.58,0,55.58,9.59,19.18,harsh_acceleration
V001,2026-08-22T10:10:42,Van,1,2.0,2930.9,Diesel,19.072678,72.929656,50.0,4.1,4500.0,2,90.5,0.0,91.2,-2.61,Urban,High,26.4,0.594,0,55.58,9.59,19.18,harsh_acceleration
V001,2026-08-22T10:10:43,Van,1,2.0,2930.9,Diesel,19.072803,72.929756,50.0,3.91,4500.0,2,85.5,0.0,90.9,0.82,Urban,High,29.3,0.608,0,55.58,9.59,19.18,harsh_acceleration
V001,2026-08-22T10:10:44,Van,1,2.0,2930.9,Diesel,19.072928,72.929856,50.0,3.83,4500.0,2,93.6,0.0,94.9,0.31,Urban,High,28.5,0.622,0,55.57,9.59,19.18,harsh_acceleration
V001,2026-08-22T10:10:45,Van,1,2.0,2930.9,Diesel,19.073053,72.929956,50.0,2.79,4500.0,2,92.7,0.0,94.4,0.4,Urban,High,27.5,0.636,0,55.57,9.59,19.18,harsh_acceleration
V001,2026-08-22T10:10:46,Van,1,2.0,2930.9,Diesel,19.073178,72.930056,50.0,3.94,4500.0,2,85.7,0.0,91.7,-1.35,Urban,High,28.7,0.65,0,55.57,9.59,19.18,harsh_acceleration
V001,2026-08-22T10:10:47,Van,1,2.0,2930.9,Diesel,19.073303,72.930156,50.0,3.41,4500.0,2,86.9,0.0,95.5,-1.08,Urban,High,25.6,0.663,0,55.57,9.59,19.18,harsh_acceleration
V001,2026-08-22T10:10:48,Van,1,2.0,2930.9,Diesel,19.073428,72.930256,50.0,3.26,4500.0,2,87.1,0.0,88.8,0.7,Urban,High,28.9,0.677,0,55.56,9.59,19.18,harsh_acceleration
V001,2026-08-22T10:10:49,Van,1,2.0,2930.9,Diesel,19.073553,72.930356,50.0,3.08,4500.0,2,99.9,0.0,93.1,0.54,Urban,High,28.7,0.691,0,55.56,9.59,19.18,harsh_acceleration
V001,2026-08-22T10:10:50,Van,1,2.0,2930.9,Diesel,19.073678,72.930456,50.0,4.15,4500.0,2,94.8,0.0,97.2,-1.68,Urban,High,26.3,0.705,0,55.56,9.59,19.18,harsh_acceleration
V001,2026-08-22T10:10:51,Van,1,2.0,2930.9,Diesel,19.073803,72.930556,50.0,2.97,4500.0,2,89.8,0.0,98.0,-0.18,Urban,High,29.4,0.719,0,55.56,9.59,19.18,harsh_acceleration
V001,2026-08-22T10:10:52,Van,1,2.0,2930.9,Diesel,19.073928,72.930656,50.0,3.64,4500.0,2,86.4,0.0,94.4,-1.76,Urban,High,28.5,0.733,0,55.55,9.59,19.18,harsh_acceleration
V001,2026-08-22T10:10:53,Van,1,2.0,2930.9,Diesel,19.074053,72.930756,50.0,3.59,4500.0,2,91.2,0.0,90.6,0.11,Urban,High,27.5,0.747,0,55.55,9.59,19.18,harsh_acceleration
V001,2026-08-22T10:10:54,Van,1,2.0,2930.9,Diesel,19.074178,72.930856,50.0,3.74,4500.0,2,98.0,0.0,93.4,1.3,Urban,High,26.7,0.761,0,55.55,9.59,19.18,harsh_acceleration
V001,2026-08-22T10:10:55,Van,1,2.0,2930.9,Diesel,19.074303,72.930956,50.0,3.23,4500.0,2,85.8,0.0,98.2,0.07,Urban,High,25.4,0.775,0,55.54,9.59,19.18,harsh_acceleration
V001,2026-08-22T10:10:56,Van,1,2.0,2930.9,Diesel,19.074428,72.931056,50.0,2.94,4500.0,2,91.1,0.0,94.4,-0.52,Urban,High,29.2,0.788,0,55.54,9.59,19.18,harsh_acceleration
V001,2026-08-22T10:10:57,Van,1,2.0,2930.9,Diesel,19.074553,72.931156,50.0,4.07,4500.0,2,88.0,0.0,88.1,-1.25,Urban,High,30.2,0.802,0,55.54,9.59,19.18,harsh_acceleration
V001,2026-08-22T10:10:58,Van,1,2.0,2930.9,Diesel,19.074678,72.931256,50.0,4.01,4500.0,2,88.2,0.0,92.6,-0.82,Urban,High,29.7,0.816,0,55.54,9.59,19.18,harsh_acceleration
V001,2026-08-22T10:10:59,Van,1,2.0,2930.9,Diesel,19.074803,72.931356,50.0,3.61,4500.0,2,98.5,0.0,92.3,-0.43,Urban,High,26.7,0.83,0,55.53,9.59,19.18,harsh_acceleration
V001,2026-08-22T10:11:00,Van,1,2.0,2930.9,Diesel,19.074928,72.931456,50.0,3.32,4500.0,2,87.2,0.0,99.9,-0.27,Urban,High,29.3,0.844,0,55.53,9.59,19.18,harsh_acceleration
V001,2026-08-22T10:11:01,Van,1,2.0,2930.9,Diesel,19.075053,72.931556,50.0,3.71,4500.0,2,97.4,0.0,95.5,0.5,Urban,High,26.3,0.858,0,55.53,9.59,19.18,harsh_acceleration
V001,2026-08-22T10:11:02,Van,1,2.0,2930.9,Diesel,19.075178,72.931656,50.0,3.03,4500.0,2,98.6,0.0,97.4,0.34,Urban,High,28.8,0.872,0,55.53,9.59,19.18,harsh_acceleration
V001,2026-08-22T10:11:03,Van,1,2.0,2930.9,Diesel,19.075303,72.931756,50.0,2.96,4500.0,2,99.6,0.0,92.5,0.67,Urban,High,22.4,0.886,0,55.52,9.59,19.18,harsh_acceleration
V001,2026-08-22T10:11:04,Van,1,2.0,2930.9,Diesel,19.075428,72.931856,50.0,2.84,4500.0,2,95.3,0.0,95.2,-0.19,Urban,High,27.2,0.9,0,55.52,9.59,19.18,harsh_acceleration
V001,2026-08-22T10:11:05,Van,1,2.0,2930.9,Diesel,19.075553,72.931956,50.0,2.96,4500.0,2,85.7,0.0,93.3,0.65,Urban,High,26.5,0.913,0,55.52,9.59,19.18,harsh_acceleration
V001,2026-08-22T10:11:06,Van,1,2.0,2930.9,Diesel,19.075678,72.932056,50.0,3.63,4500.0,2,86.0,0.0,92.5,-1.29,Urban,High,28.3,0.927,0,55.52,9.59,19.18,harsh_acceleration
V001,2026-08-22T10:11:07,Van,1,2.0,2930.9,Diesel,19.075803,72.932156,50.0,4.0,4500.0,2,99.0,0.0,88.4,-0.54,Urban,High,30.8,0.941,0,55.51,9.59,19.18,harsh_acceleration
V001,2026-08-22T10:11:08,Van,1,2.0,2930.9,Diesel,19.075928,72.932256,50.0,3.48,4500.0,2,85.5,0.0,96.4,1.56,Urban,High,30.3,0.955,0,55.51,9.59,19.18,harsh_acceleration
V001,2026-08-22T10:11:09,Van,1,2.0,2930.9,Diesel,19.076053,72.932356,50.0,3.32,4500.0,2,85.3,0.0,93.4,-0.69,Urban,High,28.6,0.969,0,55.51,9.59,19.18,harsh_acceleration
V001,2026-08-22T10:11:10,Van,1,2.0,2930.9,Diesel,19.076178,72.932456,50.0,3.16,4500.0,2,86.6,0.0,92.7,-0.48,Urban,High,28.6,0.983,0,55.5,9.59,19.18,harsh_acceleration
V001,2026-08-22T10:11:11,Van,1,2.0,2930.9,Diesel,19.076303,72.932556,50.0,3.78,4500.0,2,89.1,0.0,96.2,-1.71,Urban,High,27.7,0.997,0,55.5,9.59,19.18,harsh_acceleration
V001,2026-08-22T10:11:12,Van,1,2.0,2930.9,Diesel,19.076428,72.932656,50.0,3.55,4500.0,2,99.4,0.0,92.4,-1.05,Urban,High,25.9,1.011,0,55.5,9.59,19.18,harsh_acceleration
V001,2026-08-22T10:11:13,Van,1,2.0,2930.9,Diesel,19.076553,72.932756,50.0,3.94,4500.0,2,94.5,0.0,91.9,0.91,Urban,High,26.9,1.025,0,55.5,9.59,19.18,harsh_acceleration
V001,2026-08-22T10:11:14,Van,1,2.0,2930.9,Diesel,19.076678,72.932856,50.0,3.36,4500.0,2,97.4,0.0,99.7,0.55,Urban,High,27.6,1.038,0,55.49,9.59,19.18,harsh_acceleration
V001,2026-08-22T10:11:15,Van,1,2.0,2930.9,Diesel,19.076803,72.932956,50.0,3.14,4500.0,2,90.9,0.0,88.9,0.32,Urban,High,27.1,1.052,0,55.49,9.59,19.18,harsh_acceleration
V001,2026-08-22T10:11:16,Van,1,2.0,2930.9,Diesel,19.076928,72.933056,50.0,3.92,4500.0,2,85.5,0.0,91.5,-0.46,Urban,High,27.1,1.066,0,55.49,9.59,19.18,harsh_acceleration
V001,2026-08-22T10:11:17,Van,1,2.0,2930.9,Diesel,19.077053,72.933156,50.0,3.32,4500.0,2,86.3,0.0,96.8,-0.08,Urban,High,27.4,1.08,0,55.49,9.59,19.18,harsh_acceleration
V001,2026-08-22T10:11:18,Van,1,2.0,2930.9,Diesel,19.077178,72.933256,50.0,4.04,4500.0,2,87.0,0.0,91.7,1.64,Urban,High,28.5,1.094,0,55.48,9.59,19.18,harsh_acceleration
V001,2026-08-22T10:11:19,Van,1,2.0,2930.9,Diesel,19.077303,72.933356,50.0,3.61,4500.0,2,95.5,0.0,88.6,0.35,Urban,High,27.8,1.108,0,55.48,9.59,19.18,harsh_acceleration
V001,2026-08-22T10:11:20,Van,1,2.0,2930.9,Diesel,19.077428,72.933456,50.0,3.78,4500.0,2,97.5,0.0,97.0,-1.55,Urban,High,27.5,1.122,0,55.48,9.59,19.18,harsh_acceleration
V001,2026-08-22T10:11:21,Van,1,2.0,2930.9,Diesel,19.077553,72.933556,50.0,4.02,4500.0,2,93.5,0.0,94.1,-0.35,Urban,High,25.5,1.136,0,55.48,9.59,19.18,harsh_acceleration
V001,2026-08-22T10:11:22,Van,1,2.0,2930.9,Diesel,19.077678,72.933656,50.0,3.05,4500.0,2,95.9,0.0,98.9,0.33,Urban,High,26.7,1.15,0,55.47,9.59,19.18,harsh_acceleration
V001,2026-08-22T10:11:23,Van,1,2.0,2930.9,Diesel,19.077803,72.933756,50.0,3.16,4500.0,2,97.5,0.0,91.2,-0.11,Urban,High,27.6,1.163,0,55.47,9.59,19.18,harsh_acceleration
V001,2026-08-22T10:11:24,Van,1,2.0,2930.9,Diesel,19.077928,72.933856,50.0,3.07,4500.0,2,86.7,0.0,97.7,0.62,Urban,High,30.2,1.177,0,55.47,9.59,19.18,harsh_acceleration
V001,2026-08-22T10:11:25,Van,1,2.0,2930.9,Diesel,19.078053,72.933956,50.0,4.16,4500.0,2,96.0,0.0,91.8,2.23,Urban,High,28.8,1.191,0,55.46,9.59,19.18,harsh_acceleration
V001,2026-08-22T10:11:26,Van,1,2.0,2930.9,Diesel,19.078178,72.934056,50.0,3.73,4500.0,2,87.7,0.0,97.7,0.88,Urban,High,30.8,1.205,0,55.46,9.59,19.18,harsh_acceleration
V001,2026-08-22T10:11:27,Van,1,2.0,2930.9,Diesel,19.078303,72.934156,50.0,3.73,4500.0,2,89.0,0.0,89.3,-0.94,Urban,High,29.9,1.219,0,55.46,9.59,19.18,harsh_acceleration
V001,2026-08-22T10:11:28,Van,1,2.0,2930.9,Diesel,19.078428,72.934256,50.0,2.77,4500.0,2,88.2,0.0,99.6,0.85,Urban,High,30.0,1.233,0,55.46,9.59,19.18,harsh_acceleration
V001,2026-08-22T10:11:29,Van,1,2.0,2930.9,Diesel,19.078553,72.934356,50.0,3.74,4500.0,2,94.3,0.0,98.4,-0.31,Urban,High,28.4,1.247,0,55.45,9.59,19.18,harsh_acceleration
V001,2026-08-22T10:11:30,Van,1,2.0,2930.9,Diesel,19.078678,72.934456,50.0,3.74,4500.0,2,94.5,0.0,93.5,-0.75,Urban,High,27.5,1.261,0,55.45,9.59,19.18,harsh_acceleration
V001,2026-08-22T10:11:31,Van,1,2.0,2930.9,Diesel,19.078803,72.934556,50.0,3.15,4500.0,2,90.7,0.0,92.0,-1.27,Urban,High,26.0,1.275,0,55.45,9.59,19.18,harsh_acceleration
V001,2026-08-22T10:11:32,Van,1,2.0,2930.9,Diesel,19.078928,72.934656,50.0,2.74,4500.0,2,97.1,0.0,91.6,0.8,Urban,High,27.1,1.288,0,55.45,9.59,19.18,harsh_acceleration
V001,2026-08-22T10:11:33,Van,1,2.0,2930.9,Diesel,19.079053,72.934756,50.0,3.03,4500.0,2,91.2,0.0,88.2,-1.63,Urban,High,28.3,1.302,0,55.44,9.59,19.18,harsh_acceleration
V001,2026-08-22T10:11:34,Van,1,2.0,2930.9,Diesel,19.079178,72.934856,50.0,3.5,4500.0,2,85.9,0.0,97.0,1.36,Urban,High,27.3,1.316,0,55.44,9.59,19.18,harsh_acceleration
V001,2026-08-22T10:11:35,Van,1,2.0,2930.9,Diesel,19.079303,72.934956,50.0,3.93,4500.0,2,94.7,0.0,96.7,-0.43,Urban,High,26.9,1.33,0,55.44,9.59,19.18,harsh_acceleration
V001,2026-08-22T10:11:36,Van,1,2.0,2930.9,Diesel,19.079428,72.935056,50.0,3.65,4500.0,2,90.7,0.0,99.1,0.56,Urban,High,28.7,1.344,0,55.44,9.59,19.18,harsh_acceleration
V001,2026-08-22T10:11:37,Van,1,2.0,2930.9,Diesel,19.079553,72.935156,50.0,3.02,4500.0,2,96.7,0.0,95.5,-1.39,Urban,High,24.9,1.358,0,55.43,9.59,19.18,harsh_acceleration
V001,2026-08-22T10:11:38,Van,1,2.0,2930.9,Diesel,19.079678,72.935256,50.0,4.04,4500.0,2,94.2,0.0,94.9,-0.5,Urban,High,27.9,1.372,0,55.43,9.59,19.18,harsh_acceleration
V001,2026-08-22T10:11:39,Van,1,2.0,2930.9,Diesel,19.079803,72.935356,50.0,3.21,4500.0,2,92.9,0.0,99.0,1.47,Urban,High,23.9,1.386,0,55.43,9.59,19.18,harsh_acceleration
V001,2026-08-22T10:11:40,Van,1,2.0,2930.9,Diesel,19.079928,72.935456,50.0,4.02,4500.0,2,92.6,0.0,93.9,0.39,Urban,High,28.3,1.4,0,55.42,9.59,19.18,harsh_acceleration
V001,2026-08-22T10:11:41,Van,1,2.0,2930.9,Diesel,19.080053,72.935556,50.0,2.65,4500.0,2,99.8,0.0,99.4,0.09,Urban,High,28.3,1.413,0,55.42,9.59,19.18,harsh_acceleration
V001,2026-08-22T10:11:42,Van,1,2.0,2930.9,Diesel,19.080178,72.935656,50.0,3.51,4500.0,2,87.4,0.0,93.0,0.08,Urban,High,28.1,1.427,0,55.42,9.59,19.18,harsh_acceleration
V001,2026-08-22T10:11:43,Van,1,2.0,2930.9,Diesel,19.080303,72.935756,50.0,4.07,4500.0,2,90.5,0.0,94.1,-1.33,Urban,High,26.2,1.441,0,55.42,9.59,19.18,harsh_acceleration
V001,2026-08-22T10:11:44,Van,1,2.0,2930.9,Diesel,19.080428,72.935856,50.0,3.28,4500.0,2,95.3,0.0,90.0,2.11,Urban,High,27.7,1.455,0,55.41,9.59,19.18,harsh_acceleration
V001,2026-08-22T10:11:45,Van,1,2.0,2930.9,Diesel,19.080553,72.935956,50.0,3.63,4500.0,2,98.5,0.0,89.1,-0.11,Urban,High,27.9,1.469,0,55.41,9.59,19.18,harsh_acceleration
V001,2026-08-22T10:11:46,Van,1,2.0,2930.9,Diesel,19.080678,72.936056,50.0,4.1,4500.0,2,91.7,0.0,97.4,0.92,Urban,High,29.5,1.483,0,55.41,9.59,19.18,harsh_acceleration
V001,2026-08-22T10:11:47,Van,1,2.0,2930.9,Diesel,19.080803,72.936156,50.0,2.82,4500.0,2,96.5,0.0,99.1,0.77,Urban,High,28.7,1.497,0,55.41,9.59,19.18,harsh_acceleration
V001,2026-08-22T10:11:48,Van,1,2.0,2930.9,Diesel,19.080928,72.936256,50.0,4.01,4500.0,2,93.2,0.0,93.7,1.41,Urban,High,27.4,1.511,0,55.4,9.59,19.18,harsh_acceleration
V001,2026-08-22T10:11:49,Van,1,2.0,2930.9,Diesel,19.081053,72.936356,50.0,3.59,4500.0,2,87.8,0.0,91.9,0.28,Urban,High,28.6,1.525,0,55.4,9.59,19.18,harsh_acceleration
V001,2026-08-22T10:11:50,Van,1,2.0,2930.9,Diesel,19.081178,72.936456,50.0,3.34,4500.0,2,91.4,0.0,97.9,-1.58,Urban,High,28.0,1.538,0,55.4,9.59,19.18,harsh_acceleration
V001,2026-08-22T10:11:51,Van,1,2.0,2930.9,Diesel,19.081303,72.936556,50.0,4.1,4500.0,2,88.3,0.0,92.9,-0.13,Urban,High,28.2,1.552,0,55.4,9.59,19.18,harsh_acceleration
V001,2026-08-22T10:11:52,Van,1,2.0,2930.9,Diesel,19.081428,72.936656,50.0,2.76,4500.0,2,90.7,0.0,96.3,1.22,Urban,High,29.0,1.566,0,55.39,9.59,19.18,harsh_acceleration
V001,2026-08-22T10:11:53,Van,1,2.0,2930.9,Diesel,19.081553,72.936756,50.0,3.48,4500.0,2,94.4,0.0,97.6,0.54,Urban,High,28.8,1.58,0,55.39,9.59,19.18,harsh_acceleration
V001,2026-08-22T10:11:54,Van,1,2.0,2930.9,Diesel,19.081678,72.936856,50.0,4.04,4500.0,2,91.3,0.0,96.1,0.3,Urban,High,29.3,1.594,0,55.39,9.59,19.18,harsh_acceleration
V001,2026-08-22T10:11:55,Van,1,2.0,2930.9,Diesel,19.081803,72.936956,50.0,3.36,4500.0,2,99.6,0.0,96.9,-2.28,Urban,High,27.5,1.608,0,55.38,9.59,19.18,harsh_acceleration
V001,2026-08-22T10:11:56,Van,1,2.0,2930.9,Diesel,19.081928,72.937056,50.0,3.55,4500.0,2,96.0,0.0,94.5,-0.35,Urban,High,29.9,1.622,0,55.38,9.59,19.18,harsh_acceleration
V001,2026-08-22T10:11:57,Van,1,2.0,2930.9,Diesel,19.082053,72.937156,50.0,3.7,4500.0,2,86.8,0.0,91.7,0.07,Urban,High,28.8,1.636,0,55.38,9.59,19.18,harsh_acceleration
V001,2026-08-22T10:11:58,Van,1,2.0,2930.9,Diesel,19.082178,72.937256,50.0,2.93,4500.0,2,93.0,0.0,92.8,-0.17,Urban,High,27.4,1.65,0,55.38,9.59,19.18,harsh_acceleration
V001,2026-08-22T10:11:59,Van,1,2.0,2930.9,Diesel,19.082303,72.937356,50.0,3.72,4500.0,2,87.0,0.0,94.4,-1.26,Urban,High,29.3,1.663,0,55.37,9.59,19.18,harsh_acceleration
V001,2026-08-22T12:10:00,Van,1,2.0,2714.7,Diesel,19.105391,72.833761,46.1,0.79,4500.0,3,50.5,0.0,44.1,-3.36,Highway,Low,29.5,0.013,0,30.39,4.23,9.18,downhill_acceleration
V001,2026-08-22T12:10:01,Van,1,2.0,2714.7,Diesel,19.105521,72.833865,51.9,1.61,4500.0,3,48.4,0.0,62.1,-4.09,Highway,Low,30.3,0.027,0,30.39,4.76,9.18,downhill_acceleration
V001,2026-08-22T12:10:02,Van,1,2.0,2714.7,Diesel,19.105659,72.833975,55.1,0.89,4500.0,4,64.3,0.0,52.4,-4.3,Highway,Low,28.1,0.043,0,30.39,5.05,9.18,downhill_acceleration
V001,2026-08-22T12:10:03,Van,1,2.0,2714.7,Diesel,19.105804,72.834091,58.2,0.86,4500.0,4,69.9,0.0,43.7,-3.94,Highway,Low,26.7,0.059,0,30.39,5.34,9.18,downhill_acceleration
V001,2026-08-22T12:10:04,Van,1,2.0,2714.7,Diesel,19.105958,72.834214,61.5,0.94,4500.0,4,55.3,0.0,45.0,-4.32,Highway,Low,28.5,0.076,0,30.39,5.65,9.18,downhill_acceleration
V001,2026-08-22T12:10:05,Van,1,2.0,2714.7,Diesel,19.106126,72.834348,67.1,1.53,4500.0,4,59.5,0.0,50.1,-2.86,Highway,Low,30.1,0.094,0,30.39,6.15,9.18,downhill_acceleration
V001,2026-08-22T12:10:06,Van,1,2.0,2714.7,Diesel,19.106306,72.834493,72.1,1.4,4500.0,5,57.0,0.0,52.9,-3.39,Highway,Low,28.8,0.114,0,30.38,6.62,9.18,downhill_acceleration
V001,2026-08-22T12:10:07,Van,1,2.0,2714.7,Diesel,19.106498,72.834647,77.0,1.36,4500.0,5,70.5,0.0,40.7,-4.35,Highway,Low,29.2,0.136,0,30.38,7.07,9.18,downhill_acceleration
V001,2026-08-22T12:10:08,Van,1,2.0,2714.7,Diesel,19.106697,72.834805,79.3,0.64,4500.0,5,67.0,0.0,49.1,-2.8,Highway,Low,27.3,0.158,0,30.38,7.28,9.18,downhill_acceleration
V001,2026-08-22T12:10:09,Van,1,2.0,2714.7,Diesel,19.106909,72.834975,84.9,1.56,4500.0,5,59.0,0.0,42.9,-3.25,Highway,Low,25.3,0.181,0,30.38,7.79,9.18,downhill_acceleration
V001,2026-08-22T12:10:10,Van,1,2.0,2714.7,Diesel,19.107133,72.835154,89.8,1.35,4500.0,6,60.5,0.0,59.7,-2.34,Highway,Low,27.9,0.206,0,30.38,8.24,9.18,downhill_acceleration
V001,2026-08-22T12:10:11,Van,1,2.0,2714.7,Diesel,19.107365,72.835339,92.5,0.75,4500.0,6,54.0,0.0,64.5,-3.72,Highway,Low,28.4,0.232,0,30.37,8.48,9.18,downhill_acceleration
V001,2026-08-22T12:10:12,Van,1,2.0,2714.7,Diesel,19.107602,72.835529,94.8,0.65,4500.0,6,59.4,0.0,51.3,-2.23,Highway,Low,27.1,0.258,0,30.37,8.7,9.18,downhill_acceleration
V001,2026-08-22T12:10:13,Van,1,2.0,2714.7,Diesel,19.107839,72.835719,95.0,1.0,4500.0,6,63.5,0.0,41.3,-2.82,Highway,Low,29.3,0.285,0,30.37,8.72,9.18,downhill_acceleration
V001,2026-08-22T12:10:14,Van,1,2.0,2714.7,Diesel,19.108077,72.835909,95.0,1.33,4500.0,6,66.2,0.0,60.5,-2.97,Highway,Low,26.0,0.311,0,30.37,8.72,9.18,downhill_acceleration
V001,2026-08-22T12:10:15,Van,1,2.0,2714.7,Diesel,19.108314,72.836099,95.0,0.66,4500.0,6,53.0,0.0,54.6,-4.13,Highway,Low,26.9,0.338,0,30.36,8.72,9.18,downhill_acceleration
V001,2026-08-22T12:10:16,Van,1,2.0,2714.7,Diesel,19.108552,72.836289,95.0,1.59,4500.0,6,64.1,0.0,61.4,-2.82,Highway,Low,29.7,0.364,0,30.36,8.72,9.18,downhill_acceleration
V001,2026-08-22T12:10:17,Van,1,2.0,2714.7,Diesel,19.108789,72.836479,95.0,1.58,4500.0,6,73.3,0.0,62.2,-3.11,Highway,Low,25.8,0.39,0,30.36,8.72,9.18,downhill_acceleration
V001,2026-08-22T12:10:18,Van,1,2.0,2714.7,Diesel,19.109027,72.836669,95.0,0.69,4500.0,6,59.1,0.0,42.9,-3.47,Highway,Low,27.3,0.417,0,30.36,8.72,9.18,downhill_acceleration
V001,2026-08-22T12:10:19,Van,1,2.0,2714.7,Diesel,19.109264,72.836859,95.0,0.8,4500.0,6,47.7,0.0,46.9,-2.41,Highway,Low,27.4,0.443,0,30.35,8.72,9.18,downhill_acceleration
V001,2026-08-22T12:10:20,Van,1,2.0,2714.7,Diesel,19.109502,72.837049,95.0,1.46,4500.0,6,63.9,0.0,61.1,-2.95,Highway,Low,28.5,0.469,0,30.35,8.72,9.18,downhill_acceleration
V001,2026-08-22T12:10:21,Van,1,2.0,2714.7,Diesel,19.109739,72.837239,95.0,1.33,4500.0,6,70.0,0.0,40.6,-4.25,Highway,Low,29.1,0.496,0,30.35,8.72,9.18,downhill_acceleration
V001,2026-08-22T12:10:22,Van,1,2.0,2714.7,Diesel,19.109977,72.837429,95.0,0.91,4500.0,6,63.7,0.0,43.8,-4.3,Highway,Low,30.7,0.522,0,30.35,8.72,9.18,downhill_acceleration
V001,2026-08-22T12:10:23,Van,1,2.0,2714.7,Diesel,19.110214,72.837619,95.0,0.94,4500.0,6,45.2,0.0,62.6,-2.48,Highway,Low,28.8,0.549,0,30.35,8.72,9.18,downhill_acceleration
V001,2026-08-22T12:10:24,Van,1,2.0,2714.7,Diesel,19.110452,72.837809,95.0,1.77,4500.0,6,66.6,0.0,61.3,-2.79,Highway,Low,28.4,0.575,0,30.34,8.72,9.18,downhill_acceleration
V001,2026-08-22T12:10:25,Van,1,2.0,2714.7,Diesel,19.110689,72.837999,95.0,1.25,4500.0,6,50.0,0.0,64.0,-3.94,Highway,Low,28.1,0.601,0,30.34,8.72,9.18,downhill_acceleration
V001,2026-08-22T12:10:26,Van,1,2.0,2714.7,Diesel,19.110927,72.838189,95.0,1.34,4500.0,6,71.5,0.0,62.2,-3.15,Highway,Low,27.1,0.628,0,30.34,8.72,9.18,downhill_acceleration
V001,2026-08-22T12:10:27,Van,1,2.0,2714.7,Diesel,19.111164,72.838379,95.0,1.09,4500.0,6,54.3,0.0,45.6,-3.16,Highway,Low,28.2,0.654,0,30.34,8.72,9.18,downhill_acceleration
V001,2026-08-22T12:10:28,Van,1,2.0,2714.7,Diesel,19.111402,72.838569,95.0,1.55,4500.0,6,47.5,0.0,49.8,-3.61,Highway,Low,29.2,0.681,0,30.33,8.72,9.18,downhill_acceleration
V001,2026-08-22T12:10:29,Van,1,2.0,2714.7,Diesel,19.111639,72.838759,95.0,0.82,4500.0,6,51.5,0.0,62.6,-2.32,Highway,Low,28.5,0.707,0,30.33,8.72,9.18,downhill_acceleration
V001,2026-08-22T12:10:30,Van,1,2.0,2714.7,Diesel,19.111877,72.838949,95.0,1.45,4500.0,6,52.6,0.0,44.9,-2.3,Highway,Low,30.1,0.733,0,30.33,8.72,9.18,downhill_acceleration
V001,2026-08-22T12:10:31,Van,1,2.0,2714.7,Diesel,19.112114,72.839139,95.0,0.6,4500.0,6,73.0,0.0,44.5,-2.41,Highway,Low,28.8,0.76,0,30.33,8.72,9.18,downhill_acceleration
V001,2026-08-22T12:10:32,Van,1,2.0,2714.7,Diesel,19.112352,72.839329,95.0,1.51,4500.0,6,60.9,0.0,63.8,-4.35,Highway,Low,28.4,0.786,0,30.32,8.72,9.18,downhill_acceleration
V001,2026-08-22T12:10:33,Van,1,2.0,2714.7,Diesel,19.112589,72.839519,95.0,1.48,4500.0,6,56.1,0.0,42.5,-3.77,Highway,Low,25.0,0.813,0,30.32,8.72,9.18,downhill_acceleration
V001,2026-08-22T12:10:34,Van,1,2.0,2714.7,Diesel,19.112827,72.839709,95.0,1.14,4500.0,6,54.7,0.0,40.3,-3.29,Highway,Low,23.8,0.839,0,30.32,8.72,9.18,downhill_acceleration
V001,2026-08-22T12:10:35,Van,1,2.0,2714.7,Diesel,19.113064,72.839899,95.0,1.07,4500.0,6,50.2,0.0,41.4,-3.96,Highway,Low,27.1,0.865,0,30.32,8.72,9.18,downhill_acceleration
V001,2026-08-22T12:10:36,Van,1,2.0,2714.7,Diesel,19.113302,72.840089,95.0,1.79,4500.0,6,74.7,0.0,48.1,-4.33,Highway,Low,26.0,0.892,0,30.31,8.72,9.18,downhill_acceleration
V001,2026-08-22T12:10:37,Van,1,2.0,2714.7,Diesel,19.113539,72.840279,95.0,1.42,4500.0,6,53.6,0.0,47.9,-2.6,Highway,Low,27.8,0.918,0,30.31,8.72,9.18,downhill_acceleration
V001,2026-08-22T12:10:38,Van,1,2.0,2714.7,Diesel,19.113777,72.840469,95.0,1.31,4500.0,6,60.7,0.0,55.4,-4.4,Highway,Low,28.1,0.944,0,30.31,8.72,9.18,downhill_acceleration
V001,2026-08-22T12:10:39,Van,1,2.0,2714.7,Diesel,19.114014,72.840659,95.0,0.69,4500.0,6,47.0,0.0,55.1,-2.8,Highway,Low,28.0,0.971,0,30.31,8.72,9.18,downhill_acceleration
V001,2026-08-22T12:10:40,Van,1,2.0,2714.7,Diesel,19.114252,72.840849,95.0,1.45,4500.0,6,66.1,0.0,58.0,-3.97,Highway,Low,30.2,0.997,0,30.3,8.72,9.18,downhill_acceleration
V001,2026-08-22T12:10:41,Van,1,2.0,2714.7,Diesel,19.114489,72.841039,95.0,1.74,4500.0,6,70.9,0.0,56.9,-3.67,Highway,Low,27.3,1.024,0,30.3,8.72,9.18,downhill_acceleration
V001,2026-08-22T12:10:42,Van,1,2.0,2714.7,Diesel,19.114727,72.841229,95.0,1.06,4500.0,6,61.0,0.0,59.1,-2.48,Highway,Low,29.0,1.05,0,30.3,8.72,9.18,downhill_acceleration
V001,2026-08-22T12:10:43,Van,1,2.0,2714.7,Diesel,19.114964,72.841419,95.0,1.57,4500.0,6,56.8,0.0,58.3,-3.29,Highway,Low,28.4,1.076,0,30.3,8.72,9.18,downhill_acceleration
V001,2026-08-22T12:10:44,Van,1,2.0,2714.7,Diesel,19.115202,72.841609,95.0,1.37,4500.0,6,46.9,0.0,40.4,-3.38,Highway,Low,30.1,1.103,0,30.29,8.72,9.18,downhill_acceleration
V001,2026-08-22T12:10:45,Van,1,2.0,2714.7,Diesel,19.115439,72.841799,95.0,1.78,4500.0,6,73.7,0.0,50.1,-3.39,Highway,Low,26.7,1.129,0,30.29,8.72,9.18,downhill_acceleration
V001,2026-08-22T12:10:46,Van,1,2.0,2714.7,Diesel,19.115677,72.841989,95.0,0.84,4500.0,6,55.7,0.0,58.2,-2.34,Highway,Low,28.2,1.156,0,30.29,8.72,9.18,downhill_acceleration
V001,2026-08-22T12:10:47,Van,1,2.0,2714.7,Diesel,19.115914,72.842179,95.0,1.75,4500.0,6,61.8,0.0,45.8,-3.69,Highway,Low,27.4,1.182,0,30.29,8.72,9.18,downhill_acceleration
V001,2026-08-22T12:10:48,Van,1,2.0,2714.7,Diesel,19.116152,72.842369,95.0,0.62,4500.0,6,70.6,0.0,44.4,-2.57,Highway,Low,26.9,1.208,0,30.28,8.72,9.18,downhill_acceleration
V001,2026-08-22T12:10:49,Van,1,2.0,2714.7,Diesel,19.116389,72.842559,95.0,0.73,4500.0,6,59.7,0.0,56.6,-2.26,Highway,Low,28.5,1.235,0,30.28,8.72,9.18,downhill_acceleration
V001,2026-08-22T12:10:50,Van,1,2.0,2714.7,Diesel,19.116627,72.842749,95.0,1.53,4500.0,6,62.9,0.0,48.4,-4.41,Highway,Low,30.6,1.261,0,30.28,8.72,9.18,downhill_acceleration
V001,2026-08-22T12:10:51,Van,1,2.0,2714.7,Diesel,19.116864,72.842939,95.0,1.18,4500.0,6,69.0,0.0,53.8,-3.3,Highway,Low,27.2,1.288,0,30.28,8.72,9.18,downhill_acceleration
V001,2026-08-22T12:10:52,Van,1,2.0,2714.7,Diesel,19.117102,72.843129,95.0,1.6,4500.0,6,53.8,0.0,57.1,-4.18,Highway,Low,29.7,1.314,0,30.27,8.72,9.18,downhill_acceleration
V001,2026-08-22T12:10:53,Van,1,2.0,2714.7,Diesel,19.117339,72.843319,95.0,1.07,4500.0,6,49.4,0.0,63.2,-3.38,Highway,Low,26.3,1.34,0,30.27,8.72,9.18,downhill_acceleration
V001,2026-08-22T12:10:54,Van,1,2.0,2714.7,Diesel,19.117577,72.843509,95.0,0.63,4500.0,6,50.5,0.0,58.6,-3.55,Highway,Low,29.8,1.367,0,30.27,8.72,9.18,downhill_acceleration
V001,2026-08-22T12:10:55,Van,1,2.0,2714.7,Diesel,19.117814,72.843699,95.0,1.8,4500.0,6,50.3,0.0,43.1,-3.2,Highway,Low,28.6,1.393,0,30.27,8.72,9.18,downhill_acceleration
V001,2026-08-22T12:10:56,Van,1,2.0,2714.7,Diesel,19.118052,72.843889,95.0,1.07,4500.0,6,53.8,0.0,56.6,-3.71,Highway,Low,29.4,1.419,0,30.27,8.72,9.18,downhill_acceleration
V001,2026-08-22T12:10:57,Van,1,2.0,2714.7,Diesel,19.118289,72.844079,95.0,1.23,4500.0,6,61.3,0.0,63.8,-2.96,Highway,Low,30.3,1.446,0,30.26,8.72,9.18,downhill_acceleration
V001,2026-08-22T12:10:58,Van,1,2.0,2714.7,Diesel,19.118527,72.844269,95.0,1.34,4500.0,6,66.7,0.0,47.4,-3.07,Highway,Low,29.5,1.472,0,30.26,8.72,9.18,downhill_acceleration
V001,2026-08-22T12:10:59,Van,1,2.0,2714.7,Diesel,19.118764,72.844459,95.0,1.69,4500.0,6,51.6,0.0,61.8,-4.31,Highway,Low,27.3,1.499,0,30.26,8.72,9.18,downhill_acceleration
V001,2026-08-22T12:11:00,Van,1,2.0,2714.7,Diesel,19.119002,72.844649,95.0,1.59,4500.0,6,68.6,0.0,61.9,-3.8,Highway,Low,29.8,1.525,0,30.26,8.72,9.18,downhill_acceleration
V001,2026-08-22T12:11:01,Van,1,2.0,2714.7,Diesel,19.119239,72.844839,95.0,1.6,4500.0,6,46.5,0.0,47.6,-3.65,Highway,Low,27.0,1.551,0,30.25,8.72,9.18,downhill_acceleration
V001,2026-08-22T12:11:02,Van,1,2.0,2714.7,Diesel,19.119477,72.845029,95.0,1.63,4500.0,6,46.2,0.0,41.5,-2.41,Highway,Low,26.2,1.578,0,30.25,8.72,9.18,downhill_acceleration
V001,2026-08-22T12:11:03,Van,1,2.0,2714.7,Diesel,19.119714,72.845219,95.0,1.78,4500.0,6,47.2,0.0,64.6,-4.44,Highway,Low,28.3,1.604,0,30.25,8.72,9.18,downhill_acceleration
V001,2026-08-22T12:11:04,Van,1,2.0,2714.7,Diesel,19.119952,72.845409,95.0,1.29,4500.0,6,56.6,0.0,54.8,-2.26,Highway,Low,27.4,1.631,0,30.25,8.72,9.18,downhill_acceleration
V001,2026-08-22T12:11:05,Van,1,2.0,2714.7,Diesel,19.120189,72.845599,95.0,1.06,4500.0,6,58.9,0.0,40.2,-4.35,Highway,Low,28.6,1.657,0,30.24,8.72,9.18,downhill_acceleration
V001,2026-08-22T12:11:06,Van,1,2.0,2714.7,Diesel,19.120427,72.845789,95.0,0.63,4500.0,6,69.3,0.0,50.4,-2.95,Highway,Low,27.0,1.683,0,30.24,8.72,9.18,downhill_acceleration
V001,2026-08-22T12:11:07,Van,1,2.0,2714.7,Diesel,19.120664,72.845979,95.0,0.67,4500.0,6,68.1,0.0,62.2,-3.34,Highway,Low,28.5,1.71,0,30.24,8.72,9.18,downhill_acceleration
V001,2026-08-22T12:11:08,Van,1,2.0,2714.7,Diesel,19.120902,72.846169,95.0,0.85,4500.0,6,74.5,0.0,56.4,-2.78,Highway,Low,26.7,1.736,0,30.24,8.72,9.18,downhill_acceleration
V001,2026-08-22T12:11:09,Van,1,2.0,2714.7,Diesel,19.121139,72.846359,95.0,1.16,4500.0,6,58.9,0.0,64.2,-4.45,Highway,Low,28.3,1.763,0,30.23,8.72,9.18,downhill_acceleration
V001,2026-08-22T12:11:10,Van,1,2.0,2714.7,Diesel,19.121377,72.846549,95.0,1.35,4500.0,6,69.6,0.0,47.3,-4.16,Highway,Low,27.6,1.789,0,30.23,8.72,9.18,downhill_acceleration
V001,2026-08-22T12:11:11,Van,1,2.0,2714.7,Diesel,19.121614,72.846739,95.0,1.13,4500.0,6,48.1,0.0,63.2,-3.65,Highway,Low,27.6,1.815,0,30.23,8.72,9.18,downhill_acceleration
V001,2026-08-22T12:11:12,Van,1,2.0,2714.7,Diesel,19.121852,72.846929,95.0,0.71,4500.0,6,66.7,0.0,64.6,-3.33,Highway,Low,27.8,1.842,0,30.23,8.72,9.18,downhill_acceleration
V001,2026-08-22T12:11:13,Van,1,2.0,2714.7,Diesel,19.122089,72.847119,95.0,0.88,4500.0,6,62.2,0.0,62.4,-3.83,Highway,Low,29.4,1.868,0,30.22,8.72,9.18,downhill_acceleration
V001,2026-08-22T12:11:14,Van,1,2.0,2714.7,Diesel,19.122327,72.847309,95.0,0.98,4500.0,6,57.2,0.0,57.0,-2.77,Highway,Low,30.3,1.894,0,30.22,8.72,9.18,downhill_acceleration
V001,2026-08-22T12:11:15,Van,1,2.0,2714.7,Diesel,19.122564,72.847499,95.0,1.1,4500.0,6,56.1,0.0,45.7,-3.66,Highway,Low,28.8,1.921,0,30.22,8.72,9.18,downhill_acceleration
V001,2026-08-22T12:11:16,Van,1,2.0,2714.7,Diesel,19.122802,72.847689,95.0,0.91,4500.0,6,68.4,0.0,58.5,-2.97,Highway,Low,26.3,1.947,0,30.22,8.72,9.18,downhill_acceleration
V001,2026-08-22T12:11:17,Van,1,2.0,2714.7,Diesel,19.123039,72.847879,95.0,1.53,4500.0,6,57.1,0.0,59.3,-2.98,Highway,Low,29.3,1.974,0,30.21,8.72,9.18,downhill_acceleration
V001,2026-08-22T12:11:18,Van,1,2.0,2714.7,Diesel,19.123277,72.848069,95.0,1.5,4500.0,6,56.5,0.0,44.6,-3.73,Highway,Low,26.1,2.0,0,30.21,8.72,9.18,downhill_acceleration
V001,2026-08-22T12:11:19,Van,1,2.0,2714.7,Diesel,19.123514,72.848259,95.0,0.67,4500.0,6,57.5,0.0,52.5,-2.91,Highway,Low,30.1,2.026,0,30.21,8.72,9.18,downhill_acceleration
V001,2026-08-22T12:11:20,Van,1,2.0,2714.7,Diesel,19.123752,72.848449,95.0,1.46,4500.0,6,61.3,0.0,58.7,-3.89,Highway,Low,26.3,2.053,0,30.21,8.72,9.18,downhill_acceleration
V001,2026-08-22T12:11:21,Van,1,2.0,2714.7,Diesel,19.123989,72.848639,95.0,1.01,4500.0,6,57.2,0.0,62.2,-2.36,Highway,Low,26.9,2.079,0,30.2,8.72,9.18,downhill_acceleration
V001,2026-08-22T12:11:22,Van,1,2.0,2714.7,Diesel,19.124227,72.848829,95.0,0.6,4500.0,6,74.0,0.0,51.6,-3.22,Highway,Low,28.2,2.106,0,30.2,8.72,9.18,downhill_acceleration
V001,2026-08-22T12:11:23,Van,1,2.0,2714.7,Diesel,19.124464,72.849019,95.0,0.99,4500.0,6,73.7,0.0,60.2,-3.36,Highway,Low,26.9,2.132,0,30.2,8.72,9.18,downhill_acceleration
V001,2026-08-22T12:11:24,Van,1,2.0,2714.7,Diesel,19.124702,72.849209,95.0,1.61,4500.0,6,56.2,0.0,60.7,-3.25,Highway,Low,26.8,2.158,0,30.2,8.72,9.18,downhill_acceleration
V001,2026-08-22T12:11:25,Van,1,2.0,2714.7,Diesel,19.124939,72.849399,95.0,1.59,4500.0,6,52.1,0.0,53.7,-4.31,Highway,Low,27.2,2.185,0,30.19,8.72,9.18,downhill_acceleration
V001,2026-08-22T12:11:26,Van,1,2.0,2714.7,Diesel,19.125177,72.849589,95.0,0.74,4500.0,6,64.6,0.0,52.2,-2.79,Highway,Low,29.4,2.211,0,30.19,8.72,9.18,downhill_acceleration
V001,2026-08-22T12:11:27,Van,1,2.0,2714.7,Diesel,19.125414,72.849779,95.0,1.03,4500.0,6,50.3,0.0,44.3,-2.75,Highway,Low,25.3,2.238,0,30.19,8.72,9.18,downhill_acceleration
V001,2026-08-22T12:11:28,Van,1,2.0,2714.7,Diesel,19.125652,72.849969,95.0,1.41,4500.0,6,46.4,0.0,40.2,-4.12,Highway,Low,28.0,2.264,0,30.19,8.72,9.18,downhill_acceleration
V001,2026-08-22T12:11:29,Van,1,2.0,2714.7,Diesel,19.125889,72.850159,95.0,1.76,4500.0,6,54.5,0.0,53.3,-3.34,Highway,Low,29.3,2.29,0,30.19,8.72,9.18,downhill_acceleration
V001,2026-08-22T12:11:30,Van,1,2.0,2714.7,Diesel,19.126127,72.850349,95.0,1.33,4500.0,6,73.8,0.0,60.7,-3.13,Highway,Low,28.0,2.317,0,30.18,8.72,9.18,downhill_acceleration
V001,2026-08-22T12:11:31,Van,1,2.0,2714.7,Diesel,19.126364,72.850539,95.0,1.31,4500.0,6,46.9,0.0,54.6,-2.47,Highway,Low,30.7,2.343,0,30.18,8.72,9.18,downhill_acceleration
V001,2026-08-22T12:11:32,Van,1,2.0,2714.7,Diesel,19.126602,72.850729,95.0,1.11,4500.0,6,67.1,0.0,40.6,-3.06,Highway,Low,29.1,2.369,0,30.18,8.72,9.18,downhill_acceleration
V001,2026-08-22T12:11:33,Van,1,2.0,2714.7,Diesel,19.126839,72.850919,95.0,1.0,4500.0,6,59.7,0.0,55.1,-4.07,Highway,Low,29.4,2.396,0,30.18,8.72,9.18,downhill_acceleration
V001,2026-08-22T12:11:34,Van,1,2.0,2714.7,Diesel,19.127077,72.851109,95.0,0.96,4500.0,6,55.4,0.0,55.3,-2.23,Highway,Low,27.2,2.422,0,30.17,8.72,9.18,downhill_acceleration
V001,2026-08-22T12:11:35,Van,1,2.0,2714.7,Diesel,19.127314,72.851299,95.0,1.48,4500.0,6,47.1,0.0,45.8,-3.78,Highway,Low,26.5,2.449,0,30.17,8.72,9.18,downhill_acceleration
V001,2026-08-22T12:11:36,Van,1,2.0,2714.7,Diesel,19.127552,72.851489,95.0,1.67,4500.0,6,46.6,0.0,62.6,-2.36,Highway,Low,28.2,2.475,0,30.17,8.72,9.18,downhill_acceleration
V001,2026-08-22T12:11:37,Van,1,2.0,2714.7,Diesel,19.127789,72.851679,95.0,1.73,4500.0,6,51.7,0.0,61.5,-3.81,Highway,Low,27.4,2.501,0,30.17,8.72,9.18,downhill_acceleration
V001,2026-08-22T12:11:38,Van,1,2.0,2714.7,Diesel,19.128027,72.851869,95.0,1.62,4500.0,6,58.7,0.0,60.9,-3.5,Highway,Low,28.9,2.528,0,30.16,8.72,9.18,downhill_acceleration
V001,2026-08-22T12:11:39,Van,1,2.0,2714.7,Diesel,19.128264,72.852059,95.0,1.37,4500.0,6,68.4,0.0,40.5,-4.26,Highway,Low,28.4,2.554,0,30.16,8.72,9.18,downhill_acceleration
V001,2026-08-22T12:11:40,Van,1,2.0,2714.7,Diesel,19.128502,72.852249,95.0,1.35,4500.0,6,72.3,0.0,53.5,-4.31,Highway,Low,26.7,2.581,0,30.16,8.72,9.18,downhill_acceleration
V001,2026-08-22T12:11:41,Van,1,2.0,2714.7,Diesel,19.128739,72.852439,95.0,1.29,4500.0,6,49.6,0.0,56.4,-3.02,Highway,Low,27.1,2.607,0,30.16,8.72,9.18,downhill_acceleration
V001,2026-08-22T12:11:42,Van,1,2.0,2714.7,Diesel,19.128977,72.852629,95.0,1.47,4500.0,6,73.5,0.0,50.1,-3.1,Highway,Low,28.2,2.633,0,30.15,8.72,9.18,downhill_acceleration
V001,2026-08-22T12:11:43,Van,1,2.0,2714.7,Diesel,19.129214,72.852819,95.0,0.81,4500.0,6,54.8,0.0,42.1,-2.28,Highway,Low,26.2,2.66,0,30.15,8.72,9.18,downhill_acceleration
V001,2026-08-22T12:11:44,Van,1,2.0,2714.7,Diesel,19.129452,72.853009,95.0,1.66,4500.0,6,67.8,0.0,56.0,-4.2,Highway,Low,24.7,2.686,0,30.15,8.72,9.18,downhill_acceleration
V001,2026-08-22T12:11:45,Van,1,2.0,2714.7,Diesel,19.129689,72.853199,95.0,0.64,4500.0,6,47.5,0.0,40.2,-4.36,Highway,Low,26.4,2.713,0,30.15,8.72,9.18,downhill_acceleration
V001,2026-08-22T12:11:46,Van,1,2.0,2714.7,Diesel,19.129927,72.853389,95.0,1.75,4500.0,6,73.5,0.0,59.4,-3.34,Highway,Low,26.8,2.739,0,30.14,8.72,9.18,downhill_acceleration
V001,2026-08-22T12:11:47,Van,1,2.0,2714.7,Diesel,19.130164,72.853579,95.0,1.38,4500.0,6,65.9,0.0,54.0,-4.46,Highway,Low,28.1,2.765,0,30.14,8.72,9.18,downhill_acceleration
V001,2026-08-22T12:11:48,Van,1,2.0,2714.7,Diesel,19.130402,72.853769,95.0,0.91,4500.0,6,71.7,0.0,44.8,-2.75,Highway,Low,30.0,2.792,0,30.14,8.72,9.18,downhill_acceleration
V001,2026-08-22T12:11:49,Van,1,2.0,2714.7,Diesel,19.130639,72.853959,95.0,0.7,4500.0,6,48.0,0.0,41.9,-2.88,Highway,Low,28.1,2.818,0,30.14,8.72,9.18,downhill_acceleration
V001,2026-08-22T12:11:50,Van,1,2.0,2714.7,Diesel,19.130877,72.854149,95.0,1.72,4500.0,6,58.7,0.0,59.4,-3.33,Highway,Low,26.1,2.844,0,30.13,8.72,9.18,downhill_acceleration
V001,2026-08-22T12:11:51,Van,1,2.0,2714.7,Diesel,19.131114,72.854339,95.0,1.71,4500.0,6,58.9,0.0,63.2,-4.23,Highway,Low,29.2,2.871,0,30.13,8.72,9.18,downhill_acceleration
V001,2026-08-22T12:11:52,Van,1,2.0,2714.7,Diesel,19.131352,72.854529,95.0,0.7,4500.0,6,48.5,0.0,61.9,-2.21,Highway,Low,28.5,2.897,0,30.13,8.72,9.18,downhill_acceleration
V001,2026-08-22T12:11:53,Van,1,2.0,2714.7,Diesel,19.131589,72.854719,95.0,1.73,4500.0,6,48.0,0.0,54.5,-4.27,Highway,Low,29.5,2.924,0,30.13,8.72,9.18,downhill_acceleration
V001,2026-08-22T12:11:54,Van,1,2.0,2714.7,Diesel,19.131827,72.854909,95.0,1.05,4500.0,6,61.5,0.0,43.4,-2.91,Highway,Low,25.6,2.95,0,30.12,8.72,9.18,downhill_acceleration
V001,2026-08-22T12:11:55,Van,1,2.0,2714.7,Diesel,19.132064,72.855099,95.0,1.02,4500.0,6,51.2,0.0,55.1,-2.23,Highway,Low,28.3,2.976,0,30.12,8.72,9.18,downhill_acceleration
V001,2026-08-22T12:11:56,Van,1,2.0,2714.7,Diesel,19.132302,72.855289,95.0,0.7,4500.0,6,62.5,0.0,47.5,-3.81,Highway,Low,29.1,3.003,0,30.12,8.72,9.18,downhill_acceleration
V001,2026-08-22T12:11:57,Van,1,2.0,2714.7,Diesel,19.132539,72.855479,95.0,0.78,4500.0,6,70.6,0.0,59.3,-2.69,Highway,Low,29.2,3.029,0,30.12,8.72,9.18,downhill_acceleration
V001,2026-08-22T12:11:58,Van,1,2.0,2714.7,Diesel,19.132777,72.855669,95.0,0.66,4500.0,6,54.8,0.0,53.1,-2.68,Highway,Low,29.1,3.056,0,30.12,8.72,9.18,downhill_acceleration
V001,2026-08-22T12:11:59,Van,1,2.0,2714.7,Diesel,19.133014,72.855859,95.0,1.74,4500.0,6,51.1,0.0,54.4,-4.33,Highway,Low,28.4,3.082,0,30.11,8.72,9.18,downhill_acceleration
V001,2026-08-22T14:10:00,Van,1,2.0,3313.9,Diesel,19.086126,72.85461,25.0,0.06,1952.0,5,77.8,0.0,79.8,0.19,Rural,Medium,27.9,0.007,0,35.67,3.61,14.43,inefficient_gear
V001,2026-08-22T14:10:01,Van,1,2.0,3313.9,Diesel,19.086189,72.854661,25.4,0.11,1977.0,5,70.9,0.0,77.5,-0.0,Rural,Medium,28.6,0.014,0,35.67,3.66,14.43,inefficient_gear
V001,2026-08-22T14:10:02,Van,1,2.0,3313.9,Diesel,19.086257,72.854715,27.1,0.49,3444.0,5,75.9,0.0,89.5,1.16,Rural,Medium,30.3,0.022,0,35.67,3.92,14.43,inefficient_gear
V001,2026-08-22T14:10:03,Van,1,2.0,3313.9,Diesel,19.086325,72.85477,27.2,0.02,3530.0,5,55.7,0.0,88.8,0.85,Rural,Medium,26.7,0.029,0,35.67,3.93,14.43,inefficient_gear
V001,2026-08-22T14:10:04,Van,1,2.0,3313.9,Diesel,19.086391,72.854822,26.4,-0.22,2043.0,5,61.9,0.0,76.9,1.9,Rural,Medium,25.3,0.036,0,35.67,3.82,14.43,inefficient_gear
V001,2026-08-22T14:10:05,Van,1,2.0,3313.9,Diesel,19.086457,72.854876,26.5,0.02,3507.0,5,69.0,0.0,75.0,-2.3,Rural,Medium,28.6,0.044,0,35.67,3.83,14.43,inefficient_gear
V001,2026-08-22T14:10:06,Van,1,2.0,3313.9,Diesel,19.086526,72.85493,27.3,0.21,3509.0,5,79.8,0.0,80.0,-0.0,Rural,Medium,29.1,0.051,0,35.67,3.94,14.43,inefficient_gear
V001,2026-08-22T14:10:07,Van,1,2.0,3313.9,Diesel,19.086596,72.854987,28.3,0.29,2184.0,5,60.2,0.0,76.7,1.36,Rural,Medium,27.7,0.059,0,35.66,4.09,14.43,inefficient_gear
V001,2026-08-22T14:10:08,Van,1,2.0,3313.9,Diesel,19.086665,72.855041,27.3,-0.28,3538.0,5,75.1,0.0,76.2,-1.74,Rural,Medium,30.6,0.067,0,35.66,3.95,14.43,inefficient_gear
V001,2026-08-22T14:10:09,Van,1,2.0,3313.9,Diesel,19.086733,72.855096,27.2,-0.05,3491.0,5,70.4,0.0,91.0,0.01,Rural,Medium,26.3,0.074,0,35.66,3.92,14.43,inefficient_gear
V001,2026-08-22T14:10:10,Van,1,2.0,3313.9,Diesel,19.086803,72.855152,28.0,0.23,2173.0,5,73.3,0.0,88.2,-0.77,Rural,Medium,28.7,0.082,0,35.66,4.04,14.43,inefficient_gear
V001,2026-08-22T14:10:11,Van,1,2.0,3313.9,Diesel,19.086876,72.85521,29.1,0.31,3502.0,5,62.1,0.0,89.2,1.21,Rural,Medium,28.0,0.09,0,35.66,4.2,14.43,inefficient_gear
V001,2026-08-22T14:10:12,Van,1,2.0,3313.9,Diesel,19.086949,72.855269,29.4,0.09,2223.0,5,76.3,0.0,81.2,1.4,Rural,Medium,28.2,0.098,0,35.66,4.25,14.43,inefficient_gear
V001,2026-08-22T14:10:13,Van,1,2.0,3313.9,Diesel,19.087023,72.855328,29.7,0.06,2296.0,5,58.5,0.0,89.3,-0.91,Rural,Medium,28.9,0.107,0,35.66,4.28,14.43,inefficient_gear
V001,2026-08-22T14:10:14,Van,1,2.0,3313.9,Diesel,19.087098,72.855388,29.9,0.05,2266.0,5,64.4,0.0,90.8,-0.79,Rural,Medium,25.7,0.115,0,35.66,4.31,14.43,inefficient_gear
V001,2026-08-22T14:10:15,Van,1,2.0,3313.9,Diesel,19.087174,72.855449,30.4,0.15,2306.0,5,78.2,0.0,91.8,-1.19,Rural,Medium,26.5,0.123,0,35.65,4.39,14.43,inefficient_gear
V001,2026-08-22T14:10:16,Van,1,2.0,3313.9,Diesel,19.087255,72.855514,32.4,0.56,3493.0,5,68.9,0.0,82.0,1.78,Rural,Medium,28.4,0.132,0,35.65,4.68,14.43,inefficient_gear
V001,2026-08-22T14:10:17,Van,1,2.0,3313.9,Diesel,19.087338,72.85558,33.0,0.15,3480.0,5,55.8,0.0,76.2,1.0,Rural,Medium,30.2,0.142,0,35.65,4.76,14.43,inefficient_gear
V001,2026-08-22T14:10:18,Van,1,2.0,3313.9,Diesel,19.087423,72.855648,34.0,0.29,3499.0,5,60.4,0.0,88.1,-1.48,Rural,Medium,25.7,0.151,0,35.65,4.91,14.43,inefficient_gear
V001,2026-08-22T14:10:19,Van,1,2.0,3313.9,Diesel,19.087506,72.855714,33.2,-0.23,3467.0,5,76.7,0.0,78.7,-0.84,Rural,Medium,27.8,0.16,0,35.65,4.79,14.43,inefficient_gear
V001,2026-08-22T14:10:20,Van,1,2.0,3313.9,Diesel,19.087591,72.855782,34.2,0.28,2491.0,5,59.0,0.0,78.4,1.86,Rural,Medium,30.5,0.17,0,35.65,4.93,14.43,inefficient_gear
V001,2026-08-22T14:10:21,Van,1,2.0,3313.9,Diesel,19.087675,72.855849,33.5,-0.19,2458.0,5,58.4,0.0,75.2,1.12,Rural,Medium,28.3,0.179,0,35.65,4.83,14.43,inefficient_gear
V001,2026-08-22T14:10:22,Van,1,2.0,3313.9,Diesel,19.08776,72.855918,34.3,0.21,3478.0,5,57.6,0.0,75.4,-0.05,Rural,Medium,29.0,0.189,0,35.65,4.94,14.43,inefficient_gear
V001,2026-08-22T14:10:23,Van,1,2.0,3313.9,Diesel,19.087844,72.855984,33.3,-0.28,3479.0,5,76.4,0.0,79.4,0.6,Rural,Medium,29.5,0.198,0,35.64,4.8,14.43,inefficient_gear
V001,2026-08-22T14:10:24,Van,1,2.0,3313.9,Diesel,19.087928,72.856052,33.6,0.1,2510.0,5,66.2,0.0,81.8,0.88,Rural,Medium,30.1,0.207,0,35.64,4.85,14.43,inefficient_gear
V001,2026-08-22T14:10:25,Van,1,2.0,3313.9,Diesel,19.088012,72.856119,33.6,-0.01,2522.0,5,65.1,0.0,87.0,0.83,Rural,Medium,28.1,0.216,0,35.64,4.85,14.43,inefficient_gear
V001,2026-08-22T14:10:26,Van,1,2.0,3313.9,Diesel,19.088098,72.856188,34.4,0.22,2511.0,5,60.5,0.0,81.8,1.79,Rural,Medium,27.9,0.226,0,35.64,4.96,14.43,inefficient_gear
V001,2026-08-22T14:10:27,Van,1,2.0,3313.9,Diesel,19.088185,72.856257,34.9,0.13,2498.0,5,73.0,0.0,75.4,0.26,Rural,Medium,28.1,0.236,0,35.64,5.03,14.43,inefficient_gear
V001,2026-08-22T14:10:28,Van,1,2.0,3313.9,Diesel,19.088277,72.856331,36.9,0.56,3471.0,5,74.8,0.0,88.2,0.46,Rural,Medium,26.0,0.246,0,35.64,5.32,14.43,inefficient_gear
V001,2026-08-22T14:10:29,Van,1,2.0,3313.9,Diesel,19.08837,72.856406,37.4,0.14,2730.0,5,60.1,0.0,82.2,-0.88,Rural,Medium,26.9,0.256,0,35.64,5.39,14.43,inefficient_gear
V001,2026-08-22T14:10:30,Van,1,2.0,3313.9,Diesel,19.088466,72.856482,38.1,0.21,3506.0,5,58.7,0.0,89.1,1.99,Rural,Medium,28.7,0.267,0,35.63,5.5,14.43,inefficient_gear
V001,2026-08-22T14:10:31,Van,1,2.0,3313.9,Diesel,19.08856,72.856558,37.9,-0.06,2738.0,5,58.4,0.0,89.5,1.86,Rural,Medium,31.5,0.277,0,35.63,5.47,14.43,inefficient_gear
V001,2026-08-22T14:10:32,Van,1,2.0,3313.9,Diesel,19.088654,72.856633,37.7,-0.06,2674.0,5,63.0,0.0,75.2,0.52,Rural,Medium,26.6,0.288,0,35.63,5.44,14.43,inefficient_gear
V001,2026-08-22T14:10:33,Van,1,2.0,3313.9,Diesel,19.088751,72.856711,38.7,0.29,2728.0,5,56.6,0.0,87.5,-2.33,Rural,Medium,27.5,0.299,0,35.63,5.59,14.43,inefficient_gear
V001,2026-08-22T14:10:34,Van,1,2.0,3313.9,Diesel,19.08885,72.856789,39.3,0.17,2858.0,5,76.5,0.0,88.5,1.45,Rural,Medium,26.1,0.31,0,35.63,5.68,14.43,inefficient_gear
V001,2026-08-22T14:10:35,Van,1,2.0,3313.9,Diesel,19.088946,72.856867,38.7,-0.17,2770.0,5,74.8,0.0,89.4,-0.1,Rural,Medium,27.8,0.32,0,35.63,5.59,14.43,inefficient_gear
V001,2026-08-22T14:10:36,Van,1,2.0,3313.9,Diesel,19.089046,72.856947,40.0,0.35,2865.0,5,65.2,0.0,76.4,0.04,Rural,Medium,28.9,0.331,0,35.62,5.77,14.43,inefficient_gear
V001,2026-08-22T14:10:37,Van,1,2.0,3313.9,Diesel,19.089146,72.857027,40.0,0.01,3506.0,5,74.5,0.0,79.7,0.2,Rural,Medium,26.7,0.343,0,35.62,5.77,14.43,inefficient_gear
V001,2026-08-22T14:10:38,Van,1,2.0,3313.9,Diesel,19.089246,72.857106,39.7,-0.07,2816.0,5,56.8,0.0,82.0,3.78,Rural,Medium,29.0,0.354,0,35.62,5.74,14.43,inefficient_gear
V001,2026-08-22T14:10:39,Van,1,2.0,3313.9,Diesel,19.089346,72.857186,40.2,0.11,3507.0,2,75.6,0.0,77.6,1.15,Rural,Medium,27.4,0.365,0,35.62,5.79,14.43,inefficient_gear
V001,2026-08-22T14:10:40,Van,1,2.0,3313.9,Diesel,19.089448,72.857268,40.8,0.17,3514.0,2,69.3,0.0,88.2,-0.37,Rural,Medium,25.5,0.376,0,35.62,5.88,14.43,inefficient_gear
V001,2026-08-22T14:10:41,Van,1,2.0,3313.9,Diesel,19.089551,72.85735,41.1,0.1,3514.0,2,79.3,0.0,90.2,2.42,Rural,Medium,28.3,0.388,0,35.62,5.93,14.43,inefficient_gear
V001,2026-08-22T14:10:42,Van,1,2.0,3313.9,Diesel,19.089655,72.857434,41.8,0.2,4500.0,2,57.5,0.0,82.9,1.69,Rural,Medium,28.2,0.399,0,35.61,6.04,14.43,inefficient_gear
V001,2026-08-22T14:10:43,Van,1,2.0,3313.9,Diesel,19.089758,72.857516,41.1,-0.21,4500.0,2,58.8,0.0,84.7,-0.59,Rural,Medium,27.8,0.411,0,35.61,5.93,14.43,inefficient_gear
V001,2026-08-22T14:10:44,Van,1,2.0,3313.9,Diesel,19.089863,72.8576,42.2,0.3,3576.0,2,55.7,0.0,79.8,-1.3,Rural,Medium,27.5,0.422,0,35.61,6.09,14.43,inefficient_gear
V001,2026-08-22T14:10:45,Van,1,2.0,3313.9,Diesel,19.08997,72.857686,42.8,0.18,3472.0,2,75.0,0.0,84.6,1.75,Rural,Medium,28.2,0.434,0,35.61,6.18,14.43,inefficient_gear
V001,2026-08-22T14:10:46,Van,1,2.0,3313.9,Diesel,19.090076,72.857771,42.3,-0.14,4500.0,2,68.6,0.0,90.2,2.15,Rural,Medium,29.0,0.446,0,35.61,6.11,14.43,inefficient_gear
V001,2026-08-22T14:10:47,Van,1,2.0,3313.9,Diesel,19.090182,72.857856,42.5,0.04,4500.0,2,69.1,0.0,78.9,-0.12,Rural,Medium,29.0,0.458,0,35.61,6.13,14.43,inefficient_gear
V001,2026-08-22T14:10:48,Van,1,2.0,3313.9,Diesel,19.090289,72.857941,42.6,0.04,3471.0,2,76.5,0.0,87.4,-1.06,Rural,Medium,24.2,0.47,0,35.6,6.15,14.43,inefficient_gear
V001,2026-08-22T14:10:49,Van,1,2.0,3313.9,Diesel,19.090397,72.858027,43.4,0.21,3523.0,2,65.2,0.0,84.9,0.08,Rural,Medium,28.2,0.482,0,35.6,6.26,14.43,inefficient_gear
V001,2026-08-22T14:10:50,Van,1,2.0,3313.9,Diesel,19.090506,72.858114,43.4,0.01,4500.0,2,71.5,0.0,83.1,0.47,Rural,Medium,28.0,0.494,0,35.6,6.26,14.43,inefficient_gear
V001,2026-08-22T14:10:51,Van,1,2.0,3313.9,Diesel,19.090617,72.858203,44.4,0.28,4500.0,2,70.7,0.0,76.1,0.07,Rural,Medium,31.3,0.506,0,35.6,6.41,14.43,inefficient_gear
V001,2026-08-22T14:10:52,Van,1,2.0,3313.9,Diesel,19.090728,72.858292,44.6,0.06,4500.0,2,61.2,0.0,88.3,-0.14,Rural,Medium,27.8,0.518,0,35.6,6.44,14.43,inefficient_gear
V001,2026-08-22T14:10:53,Van,1,2.0,3313.9,Diesel,19.090843,72.858384,45.8,0.31,3478.0,2,62.6,0.0,81.6,0.01,Rural,Medium,29.1,0.531,0,35.6,6.61,14.43,inefficient_gear
V001,2026-08-22T14:10:54,Van,1,2.0,3313.9,Diesel,19.090961,72.858478,47.2,0.39,3455.0,2,59.9,0.0,86.1,0.71,Rural,Medium,26.0,0.544,0,35.59,6.81,14.43,inefficient_gear
V001,2026-08-22T14:10:55,Van,1,2.0,3313.9,Diesel,19.091084,72.858577,49.3,0.59,4500.0,2,62.2,0.0,80.6,-0.08,Rural,Medium,27.9,0.558,0,35.59,7.12,14.43,inefficient_gear
V001,2026-08-22T14:10:56,Van,1,2.0,3313.9,Diesel,19.091207,72.858675,49.2,-0.04,3549.0,2,74.7,0.0,81.3,0.43,Rural,Medium,25.9,0.572,0,35.59,7.09,14.43,inefficient_gear
V001,2026-08-22T14:10:57,Van,1,2.0,3313.9,Diesel,19.091329,72.858773,48.9,-0.06,3557.0,2,76.6,0.0,80.2,0.94,Rural,Medium,28.0,0.585,0,35.59,7.06,14.43,inefficient_gear
V001,2026-08-22T14:10:58,Van,1,2.0,3313.9,Diesel,19.091454,72.858872,49.7,0.21,4500.0,2,76.4,0.0,84.3,-1.05,Rural,Medium,26.0,0.599,0,35.59,7.17,14.43,inefficient_gear
V001,2026-08-22T14:10:59,Van,1,2.0,3313.9,Diesel,19.091578,72.858972,49.6,-0.02,4500.0,2,61.3,0.0,77.8,-0.44,Rural,Medium,26.9,0.613,0,35.58,7.16,14.43,inefficient_gear
V001,2026-08-22T14:11:00,Van,1,2.0,3313.9,Diesel,19.091702,72.859072,49.9,0.08,4500.0,2,66.6,0.0,82.3,-0.66,Rural,Medium,26.9,0.627,0,35.58,7.2,14.43,inefficient_gear
V001,2026-08-22T14:11:01,Van,1,2.0,3313.9,Diesel,19.091831,72.859174,51.4,0.4,4500.0,2,56.1,0.0,81.5,-1.87,Rural,Medium,27.7,0.641,0,35.58,7.41,14.43,inefficient_gear
V001,2026-08-22T14:11:02,Van,1,2.0,3313.9,Diesel,19.09196,72.859278,51.8,0.12,4500.0,2,73.6,0.0,83.7,-1.12,Rural,Medium,29.5,0.655,0,35.58,7.47,14.43,inefficient_gear
V001,2026-08-22T14:11:03,Van,1,2.0,3313.9,Diesel,19.09209,72.859382,52.1,0.08,4500.0,2,69.3,0.0,75.3,-0.62,Rural,Medium,30.0,0.67,0,35.58,7.52,14.43,inefficient_gear
V001,2026-08-22T14:11:04,Van,1,2.0,3313.9,Diesel,19.092222,72.859488,52.8,0.19,4500.0,2,67.1,0.0,75.9,-1.01,Rural,Medium,27.2,0.684,0,35.57,7.61,14.43,inefficient_gear
V001,2026-08-22T14:11:05,Van,1,2.0,3313.9,Diesel,19.092356,72.859595,53.6,0.22,4500.0,2,65.3,0.0,77.7,0.29,Rural,Medium,29.1,0.699,0,35.57,7.73,14.43,inefficient_gear
V001,2026-08-22T14:11:06,Van,1,2.0,3313.9,Diesel,19.092493,72.859704,54.7,0.32,3473.0,2,62.4,0.0,85.7,0.09,Rural,Medium,30.5,0.714,0,35.57,7.9,14.43,inefficient_gear
V001,2026-08-22T14:11:07,Van,1,2.0,3313.9,Diesel,19.092627,72.859811,53.5,-0.34,4500.0,2,62.3,0.0,88.0,0.47,Rural,Medium,29.5,0.729,0,35.57,7.72,14.43,inefficient_gear
V001,2026-08-22T14:11:08,Van,1,2.0,3313.9,Diesel,19.092763,72.85992,54.5,0.28,4500.0,2,74.3,0.0,76.0,0.74,Rural,Medium,25.8,0.744,0,35.57,7.87,14.43,inefficient_gear
V001,2026-08-22T14:11:09,Van,1,2.0,3313.9,Diesel,19.092898,72.860028,53.9,-0.17,3496.0,2,74.2,0.0,81.1,-0.46,Rural,Medium,28.4,0.759,0,35.56,7.78,14.43,inefficient_gear
V001,2026-08-22T14:11:10,Van,1,2.0,3313.9,Diesel,19.093036,72.860138,55.1,0.33,3471.0,2,72.6,0.0,83.7,-0.96,Rural,Medium,30.8,0.775,0,35.56,7.95,14.43,inefficient_gear
V001,2026-08-22T14:11:11,Van,1,2.0,3313.9,Diesel,19.093174,72.860249,55.5,0.11,4500.0,2,64.1,0.0,82.4,-2.12,Rural,Medium,25.6,0.79,0,35.56,8.01,14.43,inefficient_gear
V001,2026-08-22T14:11:12,Van,1,2.0,3313.9,Diesel,19.093314,72.860361,55.9,0.13,4500.0,2,65.4,0.0,80.9,-0.59,Rural,Medium,28.3,0.806,0,35.56,8.07,14.43,inefficient_gear
V001,2026-08-22T14:11:13,Van,1,2.0,3313.9,Diesel,19.093455,72.860473,56.3,0.09,3451.0,2,69.8,0.0,83.9,-0.2,Rural,Medium,28.6,0.821,0,35.55,8.12,14.43,inefficient_gear
V001,2026-08-22T14:11:14,Van,1,2.0,3313.9,Diesel,19.093596,72.860587,56.5,0.08,4500.0,2,67.4,0.0,78.5,1.48,Rural,Medium,29.6,0.837,0,35.55,8.16,14.43,inefficient_gear
V001,2026-08-22T14:11:15,Van,1,2.0,3313.9,Diesel,19.093738,72.8607,56.5,0.0,3539.0,2,60.8,0.0,81.3,3.09,Rural,Medium,26.1,0.853,0,35.55,8.16,14.43,inefficient_gear
V001,2026-08-22T14:11:16,Van,1,2.0,3313.9,Diesel,19.093879,72.860813,56.6,0.02,3455.0,2,58.8,0.0,79.9,1.03,Rural,Medium,28.0,0.868,0,35.55,8.17,14.43,inefficient_gear
V001,2026-08-22T14:11:17,Van,1,2.0,3313.9,Diesel,19.094021,72.860926,56.8,0.06,3441.0,2,69.2,0.0,86.5,-0.31,Rural,Medium,26.3,0.884,0,35.54,8.2,14.43,inefficient_gear
V001,2026-08-22T14:11:18,Van,1,2.0,3313.9,Diesel,19.094166,72.861042,57.9,0.3,3462.0,2,66.1,0.0,76.8,-1.08,Rural,Medium,31.7,0.9,0,35.54,8.35,14.43,inefficient_gear
V001,2026-08-22T14:11:19,Van,1,2.0,3313.9,Diesel,19.094312,72.861159,58.5,0.16,4500.0,2,68.8,0.0,83.8,-0.23,Rural,Medium,27.1,0.917,0,35.54,8.44,14.43,inefficient_gear
V001,2026-08-22T14:11:20,Van,1,2.0,3313.9,Diesel,19.094457,72.861275,57.8,-0.17,3477.0,2,68.1,0.0,84.7,1.48,Rural,Medium,27.4,0.933,0,35.54,8.35,14.43,inefficient_gear
V001,2026-08-22T14:11:21,Van,1,2.0,3313.9,Diesel,19.094599,72.861389,57.0,-0.24,3479.0,2,77.3,0.0,82.7,0.29,Rural,Medium,26.9,0.948,0,35.54,8.22,14.43,inefficient_gear
V001,2026-08-22T14:11:22,Van,1,2.0,3313.9,Diesel,19.094743,72.861504,57.6,0.18,3496.0,2,56.5,0.0,75.7,1.13,Rural,Medium,28.2,0.964,0,35.53,8.32,14.43,inefficient_gear
V001,2026-08-22T14:11:23,Van,1,2.0,3313.9,Diesel,19.094889,72.861621,58.6,0.26,3527.0,2,73.2,0.0,81.1,0.62,Rural,Medium,27.7,0.981,0,35.53,8.45,14.43,inefficient_gear
V001,2026-08-22T14:11:24,Van,1,2.0,3313.9,Diesel,19.095035,72.861738,58.4,-0.05,3513.0,2,68.8,0.0,90.4,1.93,Rural,Medium,27.2,0.997,0,35.53,8.43,14.43,inefficient_gear
V001,2026-08-22T14:11:25,Van,1,2.0,3313.9,Diesel,19.095182,72.861855,58.6,0.05,4500.0,2,68.9,0.0,90.2,1.18,Rural,Medium,26.8,1.013,0,35.53,8.46,14.43,inefficient_gear
V001,2026-08-22T14:11:26,Van,1,2.0,3313.9,Diesel,19.09533,72.861973,59.1,0.13,4500.0,2,76.5,0.0,91.9,0.78,Rural,Medium,26.8,1.03,0,35.52,8.53,14.43,inefficient_gear
V001,2026-08-22T14:11:27,Van,1,2.0,3313.9,Diesel,19.095479,72.862093,59.7,0.17,3442.0,2,60.8,0.0,91.1,-0.19,Rural,Medium,28.8,1.046,0,35.52,8.61,14.43,inefficient_gear
V001,2026-08-22T14:11:28,Van,1,2.0,3313.9,Diesel,19.09563,72.862214,60.6,0.26,3503.0,2,68.4,0.0,77.0,-0.61,Rural,Medium,25.5,1.063,0,35.52,8.75,14.43,inefficient_gear
V001,2026-08-22T14:11:29,Van,1,2.0,3313.9,Diesel,19.095787,72.862339,62.5,0.52,4500.0,2,68.2,0.0,91.7,1.11,Rural,Medium,27.2,1.08,0,35.52,9.02,14.43,inefficient_gear
V001,2026-08-22T14:11:30,Van,1,2.0,3313.9,Diesel,19.095943,72.862464,62.6,0.04,4500.0,2,77.1,0.0,84.6,0.78,Rural,Medium,27.0,1.098,0,35.51,9.04,14.43,inefficient_gear
V001,2026-08-22T14:11:31,Van,1,2.0,3313.9,Diesel,19.096099,72.862588,62.1,-0.15,4500.0,2,65.0,0.0,82.2,-0.86,Rural,Medium,26.9,1.115,0,35.51,8.96,14.43,inefficient_gear
V001,2026-08-22T14:11:32,Van,1,2.0,3313.9,Diesel,19.096251,72.86271,61.0,-0.31,3503.0,2,59.4,0.0,81.6,1.06,Rural,Medium,29.9,1.132,0,35.51,8.8,14.43,inefficient_gear
V001,2026-08-22T14:11:33,Van,1,2.0,3313.9,Diesel,19.096405,72.862833,61.4,0.11,3494.0,2,56.4,0.0,85.6,-0.92,Rural,Medium,24.2,1.149,0,35.51,8.86,14.43,inefficient_gear
V001,2026-08-22T14:11:34,Van,1,2.0,3313.9,Diesel,19.09656,72.862957,62.0,0.18,4500.0,2,67.6,0.0,89.2,1.18,Rural,Medium,28.0,1.166,0,35.5,8.95,14.43,inefficient_gear
V001,2026-08-22T14:11:35,Van,1,2.0,3313.9,Diesel,19.096716,72.863082,62.5,0.12,4500.0,2,63.3,0.0,91.8,0.57,Rural,Medium,30.9,1.184,0,35.5,9.02,14.43,inefficient_gear
V001,2026-08-22T14:11:36,Van,1,2.0,3313.9,Diesel,19.096871,72.863206,62.1,-0.11,4500.0,2,76.5,0.0,87.5,0.75,Rural,Medium,28.0,1.201,0,35.5,8.96,14.43,inefficient_gear
V001,2026-08-22T14:11:37,Van,1,2.0,3313.9,Diesel,19.09703,72.863334,63.6,0.43,3437.0,2,70.8,0.0,89.4,0.27,Rural,Medium,25.7,1.219,0,35.5,9.18,14.43,inefficient_gear
V001,2026-08-22T14:11:38,Van,1,2.0,3313.9,Diesel,19.097186,72.863458,62.2,-0.4,3484.0,2,66.9,0.0,84.3,-0.73,Rural,Medium,27.9,1.236,0,35.49,8.97,14.43,inefficient_gear
V001,2026-08-22T14:11:39,Van,1,2.0,3313.9,Diesel,19.097343,72.863584,62.9,0.2,4500.0,2,76.4,0.0,84.8,0.8,Rural,Medium,26.8,1.253,0,35.49,9.08,14.43,inefficient_gear
V001,2026-08-22T14:11:40,Van,1,2.0,3313.9,Diesel,19.097497,72.863707,61.8,-0.31,4500.0,2,74.7,0.0,88.0,0.44,Rural,Medium,27.7,1.27,0,35.49,8.91,14.43,inefficient_gear
V001,2026-08-22T14:11:41,Van,1,2.0,3313.9,Diesel,19.097653,72.863832,62.5,0.21,3475.0,2,58.4,0.0,84.3,-2.38,Rural,Medium,24.2,1.288,0,35.49,9.02,14.43,inefficient_gear
V001,2026-08-22T14:11:42,Van,1,2.0,3313.9,Diesel,19.097811,72.863959,63.1,0.16,3487.0,2,66.1,0.0,81.0,0.67,Rural,Medium,28.6,1.305,0,35.48,9.11,14.43,inefficient_gear
V001,2026-08-22T14:11:43,Van,1,2.0,3313.9,Diesel,19.09797,72.864086,63.5,0.12,4500.0,2,70.6,0.0,78.2,-2.1,Rural,Medium,26.0,1.323,0,35.48,9.17,14.43,inefficient_gear
V001,2026-08-22T14:11:44,Van,1,2.0,3313.9,Diesel,19.09813,72.864214,64.0,0.14,4500.0,2,71.1,0.0,87.0,-0.77,Rural,Medium,26.2,1.341,0,35.48,9.24,14.43,inefficient_gear
V001,2026-08-22T14:11:45,Van,1,2.0,3313.9,Diesel,19.098291,72.864343,64.5,0.13,4500.0,2,73.3,0.0,91.5,1.33,Rural,Medium,29.4,1.359,0,35.48,9.31,14.43,inefficient_gear
V001,2026-08-22T14:11:46,Van,1,2.0,3313.9,Diesel,19.098456,72.864474,65.7,0.34,3459.0,2,72.3,0.0,81.8,1.65,Rural,Medium,26.0,1.377,0,35.47,9.49,14.43,inefficient_gear
V001,2026-08-22T14:11:47,Van,1,2.0,3313.9,Diesel,19.098618,72.864604,65.0,-0.21,3491.0,2,55.4,0.0,91.8,2.91,Rural,Medium,30.6,1.395,0,35.47,9.38,14.43,inefficient_gear
V001,2026-08-22T14:11:48,Van,1,2.0,3313.9,Diesel,19.09878,72.864733,64.6,-0.12,4500.0,2,78.1,0.0,76.5,-0.6,Rural,Medium,28.9,1.413,0,35.47,9.32,14.43,inefficient_gear
V001,2026-08-22T14:11:49,Van,1,2.0,3313.9,Diesel,19.098945,72.864866,66.2,0.45,3492.0,2,76.3,0.0,80.6,2.39,Rural,Medium,28.7,1.431,0,35.47,9.55,14.43,inefficient_gear
V001,2026-08-22T14:11:50,Van,1,2.0,3313.9,Diesel,19.09911,72.864997,65.8,-0.11,3508.0,2,74.2,0.0,81.0,-1.46,Rural,Medium,29.5,1.45,0,35.46,9.5,14.43,inefficient_gear
V001,2026-08-22T14:11:51,Van,1,2.0,3313.9,Diesel,19.099276,72.865131,66.7,0.24,4500.0,2,55.2,0.0,77.8,-1.51,Rural,Medium,29.6,1.468,0,35.46,9.62,14.43,inefficient_gear
V001,2026-08-22T14:11:52,Van,1,2.0,3313.9,Diesel,19.099445,72.865265,67.3,0.18,3487.0,2,55.3,0.0,86.1,-1.36,Rural,Medium,25.6,1.487,0,35.46,9.72,14.43,inefficient_gear
V001,2026-08-22T14:11:53,Van,1,2.0,3313.9,Diesel,19.099613,72.8654,67.4,0.01,3490.0,2,65.3,0.0,80.9,0.04,Rural,Medium,29.5,1.506,0,35.46,9.72,14.43,inefficient_gear
V001,2026-08-22T14:11:54,Van,1,2.0,3313.9,Diesel,19.099782,72.865536,67.7,0.1,4500.0,2,75.5,0.0,87.7,1.72,Rural,Medium,28.9,1.524,0,35.45,9.77,14.43,inefficient_gear
V001,2026-08-22T14:11:55,Van,1,2.0,3313.9,Diesel,19.09995,72.865669,66.9,-0.22,3543.0,2,72.8,0.0,90.1,-1.19,Rural,Medium,24.4,1.543,0,35.45,9.66,14.43,inefficient_gear
V001,2026-08-22T14:11:56,Van,1,2.0,3313.9,Diesel,19.100117,72.865803,67.0,0.03,4500.0,2,61.4,0.0,84.1,-0.87,Rural,Medium,27.5,1.562,0,35.45,9.67,14.43,inefficient_gear
V001,2026-08-22T14:11:57,Van,1,2.0,3313.9,Diesel,19.100285,72.865938,67.1,0.03,3442.0,2,70.1,0.0,78.4,1.69,Rural,Medium,26.7,1.58,0,35.44,9.69,14.43,inefficient_gear
V001,2026-08-22T14:11:58,Van,1,2.0,3313.9,Diesel,19.100452,72.866071,66.7,-0.12,3489.0,2,70.2,0.0,83.4,0.85,Rural,Medium,25.8,1.599,0,35.44,9.63,14.43,inefficient_gear
V001,2026-08-22T14:11:59,Van,1,2.0,3313.9,Diesel,19.100617,72.866204,66.2,-0.15,4500.0,2,67.8,0.0,90.8,-0.75,Rural,Medium,29.6,1.617,0,35.44,9.55,14.43,inefficient_gear
V002,2026-08-22T08:20:00,Light Commercial,7,2.8,4925.5,Petrol,19.03474,72.914947,39.5,3.73,4000.0,2,97.4,0.0,91.8,0.2,Urban,Low,26.6,0.011,0,42.49,14.34,36.32,harsh_acceleration
V002,2026-08-22T08:20:01,Light Commercial,7,2.8,4925.5,Petrol,19.034874,72.915055,53.8,3.98,4000.0,3,86.9,0.0,88.2,-0.72,Urban,Low,28.9,0.026,0,42.48,18.15,33.71,harsh_acceleration
V002,2026-08-22T08:20:02,Light Commercial,7,2.8,4925.5,Petrol,19.035046,72.915192,68.7,4.12,4000.0,3,97.3,0.0,97.9,0.18,Urban,Low,31.5,0.045,0,42.47,22.77,33.16,harsh_acceleration
V002,2026-08-22T08:20:03,Light Commercial,7,2.8,4925.5,Petrol,19.03525,72.915355,81.5,3.57,4000.0,4,85.8,0.0,89.5,0.08,Urban,Low,28.9,0.068,0,42.47,28.09,34.45,harsh_acceleration
V002,2026-08-22T08:20:04,Light Commercial,7,2.8,4925.5,Petrol,19.035487,72.915545,94.8,3.69,4000.0,5,88.3,0.0,90.1,-1.34,Urban,Low,28.9,0.094,0,42.46,35.56,37.5,harsh_acceleration
V002,2026-08-22T08:20:05,Light Commercial,7,2.8,4925.5,Petrol,19.035749,72.915755,105.0,4.13,4000.0,5,88.1,0.0,93.2,0.53,Urban,Low,25.0,0.123,0,42.44,43.08,41.03,harsh_acceleration
V002,2026-08-22T08:20:06,Light Commercial,7,2.8,4925.5,Petrol,19.036012,72.915965,105.0,4.1,4000.0,5,87.0,0.0,96.5,0.96,Urban,Low,31.0,0.152,0,42.43,43.08,41.03,harsh_acceleration
V002,2026-08-22T08:20:07,Light Commercial,7,2.8,4925.5,Petrol,19.036274,72.916175,105.0,3.4,4000.0,5,96.6,0.0,88.8,-0.66,Urban,Low,27.9,0.181,0,42.42,43.08,41.03,harsh_acceleration
V002,2026-08-22T08:20:08,Light Commercial,7,2.8,4925.5,Petrol,19.036537,72.916385,105.0,3.44,4000.0,5,100.0,0.0,92.1,-1.04,Urban,Low,27.2,0.211,0,42.41,43.08,41.03,harsh_acceleration
V002,2026-08-22T08:20:09,Light Commercial,7,2.8,4925.5,Petrol,19.036799,72.916595,105.0,3.8,4000.0,5,94.2,0.0,94.9,-0.15,Urban,Low,25.5,0.24,0,42.4,43.08,41.03,harsh_acceleration
V002,2026-08-22T08:20:10,Light Commercial,7,2.8,4925.5,Petrol,19.037062,72.916805,105.0,3.09,4000.0,5,90.8,0.0,92.6,0.92,Urban,Low,28.1,0.269,0,42.38,43.08,41.03,harsh_acceleration
V002,2026-08-22T08:20:11,Light Commercial,7,2.8,4925.5,Petrol,19.037324,72.917015,105.0,2.98,4000.0,5,87.2,0.0,99.5,-0.73,Urban,Low,29.2,0.298,0,42.37,43.08,41.03,harsh_acceleration
V002,2026-08-22T08:20:12,Light Commercial,7,2.8,4925.5,Petrol,19.037587,72.917225,105.0,3.29,4000.0,5,98.3,0.0,97.6,1.72,Urban,Low,27.2,0.327,0,42.36,43.08,41.03,harsh_acceleration
V002,2026-08-22T08:20:13,Light Commercial,7,2.8,4925.5,Petrol,19.037849,72.917435,105.0,3.36,4000.0,5,88.7,0.0,89.2,-1.56,Urban,Low,28.8,0.356,0,42.35,43.08,41.03,harsh_acceleration
V002,2026-08-22T08:20:14,Light Commercial,7,2.8,4925.5,Petrol,19.038112,72.917645,105.0,3.1,4000.0,5,96.2,0.0,98.1,0.16,Urban,Low,28.6,0.386,0,42.34,43.08,41.03,harsh_acceleration
V002,2026-08-22T08:20:15,Light Commercial,7,2.8,4925.5,Petrol,19.038374,72.917855,105.0,3.98,4000.0,5,88.0,0.0,90.1,-0.96,Urban,Low,27.6,0.415,0,42.32,43.08,41.03,harsh_acceleration
V002,2026-08-22T08:20:16,Light Commercial,7,2.8,4925.5,Petrol,19.038637,72.918065,105.0,2.72,4000.0,5,90.5,0.0,95.5,-1.38,Urban,Low,26.6,0.444,0,42.31,43.08,41.03,harsh_acceleration
V002,2026-08-22T08:20:17,Light Commercial,7,2.8,4925.5,Petrol,19.038899,72.918275,105.0,2.67,4000.0,5,86.5,0.0,92.8,-3.07,Urban,Low,28.8,0.473,0,42.3,43.08,41.03,harsh_acceleration
V002,2026-08-22T08:20:18,Light Commercial,7,2.8,4925.5,Petrol,19.039162,72.918485,105.0,3.68,4000.0,5,85.3,0.0,91.2,-1.33,Urban,Low,30.3,0.502,0,42.29,43.08,41.03,harsh_acceleration
V002,2026-08-22T08:20:19,Light Commercial,7,2.8,4925.5,Petrol,19.039424,72.918695,105.0,3.58,4000.0,5,94.1,0.0,90.9,-0.42,Urban,Low,25.8,0.531,0,42.28,43.08,41.03,harsh_acceleration
V002,2026-08-22T08:20:20,Light Commercial,7,2.8,4925.5,Petrol,19.039687,72.918905,105.0,4.11,4000.0,5,96.6,0.0,99.3,0.65,Urban,Low,30.4,0.561,0,42.26,43.08,41.03,harsh_acceleration
V002,2026-08-22T08:20:21,Light Commercial,7,2.8,4925.5,Petrol,19.039949,72.919115,105.0,3.0,4000.0,5,93.8,0.0,90.7,1.16,Urban,Low,26.6,0.59,0,42.25,43.08,41.03,harsh_acceleration
V002,2026-08-22T08:20:22,Light Commercial,7,2.8,4925.5,Petrol,19.040212,72.919325,105.0,2.81,4000.0,5,86.1,0.0,96.6,-1.09,Urban,Low,25.4,0.619,0,42.24,43.08,41.03,harsh_acceleration
V002,2026-08-22T08:20:23,Light Commercial,7,2.8,4925.5,Petrol,19.040474,72.919535,105.0,3.22,4000.0,5,99.1,0.0,98.5,0.47,Urban,Low,28.0,0.648,0,42.23,43.08,41.03,harsh_acceleration
V002,2026-08-22T08:20:24,Light Commercial,7,2.8,4925.5,Petrol,19.040737,72.919745,105.0,3.14,4000.0,5,94.7,0.0,99.1,0.06,Urban,Low,28.6,0.677,0,42.22,43.08,41.03,harsh_acceleration
V002,2026-08-22T08:20:25,Light Commercial,7,2.8,4925.5,Petrol,19.040999,72.919955,105.0,4.05,4000.0,5,89.3,0.0,97.9,0.23,Urban,Low,26.1,0.706,0,42.21,43.08,41.03,harsh_acceleration
V002,2026-08-22T08:20:26,Light Commercial,7,2.8,4925.5,Petrol,19.041262,72.920165,105.0,3.33,4000.0,5,93.8,0.0,94.6,-0.41,Urban,Low,29.4,0.736,0,42.19,43.08,41.03,harsh_acceleration
V002,2026-08-22T08:20:27,Light Commercial,7,2.8,4925.5,Petrol,19.041524,72.920375,105.0,2.9,4000.0,5,86.6,0.0,97.2,-1.08,Urban,Low,28.9,0.765,0,42.18,43.08,41.03,harsh_acceleration
V002,2026-08-22T08:20:28,Light Commercial,7,2.8,4925.5,Petrol,19.041787,72.920585,105.0,4.02,4000.0,5,94.5,0.0,95.3,-0.03,Urban,Low,26.6,0.794,0,42.17,43.08,41.03,harsh_acceleration
V002,2026-08-22T08:20:29,Light Commercial,7,2.8,4925.5,Petrol,19.042049,72.920795,105.0,2.61,4000.0,5,90.8,0.0,98.3,-1.5,Urban,Low,27.0,0.823,0,42.16,43.08,41.03,harsh_acceleration
V002,2026-08-22T08:20:30,Light Commercial,7,2.8,4925.5,Petrol,19.042312,72.921005,105.0,4.12,4000.0,5,96.4,0.0,99.5,-0.68,Urban,Low,28.8,0.852,0,42.15,43.08,41.03,harsh_acceleration
V002,2026-08-22T08:20:31,Light Commercial,7,2.8,4925.5,Petrol,19.042574,72.921215,105.0,4.02,4000.0,5,91.4,0.0,88.5,-0.71,Urban,Low,26.9,0.881,0,42.13,43.08,41.03,harsh_acceleration
V002,2026-08-22T08:20:32,Light Commercial,7,2.8,4925.5,Petrol,19.042837,72.921425,105.0,3.26,4000.0,5,99.2,0.0,93.6,-0.86,Urban,Low,27.5,0.911,0,42.12,43.08,41.03,harsh_acceleration
V002,2026-08-22T08:20:33,Light Commercial,7,2.8,4925.5,Petrol,19.043099,72.921635,105.0,2.67,4000.0,5,93.9,0.0,97.7,-1.09,Urban,Low,28.6,0.94,0,42.11,43.08,41.03,harsh_acceleration
V002,2026-08-22T08:20:34,Light Commercial,7,2.8,4925.5,Petrol,19.043362,72.921845,105.0,4.19,4000.0,5,97.6,0.0,91.8,1.01,Urban,Low,28.4,0.969,0,42.1,43.08,41.03,harsh_acceleration
V002,2026-08-22T08:20:35,Light Commercial,7,2.8,4925.5,Petrol,19.043624,72.922055,105.0,3.13,4000.0,5,92.0,0.0,91.9,0.32,Urban,Low,28.1,0.998,0,42.09,43.08,41.03,harsh_acceleration
V002,2026-08-22T08:20:36,Light Commercial,7,2.8,4925.5,Petrol,19.043887,72.922265,105.0,3.56,4000.0,5,95.7,0.0,90.9,-1.44,Urban,Low,27.1,1.027,0,42.07,43.08,41.03,harsh_acceleration
V002,2026-08-22T08:20:37,Light Commercial,7,2.8,4925.5,Petrol,19.044149,72.922475,105.0,4.03,4000.0,5,92.1,0.0,96.2,-0.57,Urban,Low,28.7,1.056,0,42.06,43.08,41.03,harsh_acceleration
V002,2026-08-22T08:20:38,Light Commercial,7,2.8,4925.5,Petrol,19.044412,72.922685,105.0,3.95,4000.0,5,90.8,0.0,90.1,-1.2,Urban,Low,26.8,1.086,0,42.05,43.08,41.03,harsh_acceleration
V002,2026-08-22T08:20:39,Light Commercial,7,2.8,4925.5,Petrol,19.044674,72.922895,105.0,3.57,4000.0,5,94.3,0.0,98.7,-1.67,Urban,Low,27.7,1.115,0,42.04,43.08,41.03,harsh_acceleration
V002,2026-08-22T08:20:40,Light Commercial,7,2.8,4925.5,Petrol,19.044937,72.923105,105.0,3.3,4000.0,5,94.1,0.0,99.4,-0.18,Urban,Low,27.6,1.144,0,42.03,43.08,41.03,harsh_acceleration
V002,2026-08-22T08:20:41,Light Commercial,7,2.8,4925.5,Petrol,19.045199,72.923315,105.0,3.07,4000.0,5,91.9,0.0,98.6,-0.58,Urban,Low,26.7,1.173,0,42.01,43.08,41.03,harsh_acceleration
V002,2026-08-22T08:20:42,Light Commercial,7,2.8,4925.5,Petrol,19.045462,72.923525,105.0,3.4,4000.0,5,87.5,0.0,95.4,2.17,Urban,Low,29.9,1.202,0,42.0,43.08,41.03,harsh_acceleration
V002,2026-08-22T08:20:43,Light Commercial,7,2.8,4925.5,Petrol,19.045724,72.923735,105.0,3.29,4000.0,5,91.9,0.0,95.8,-0.21,Urban,Low,26.9,1.231,0,41.99,43.08,41.03,harsh_acceleration
V002,2026-08-22T08:20:44,Light Commercial,7,2.8,4925.5,Petrol,19.045987,72.923945,105.0,3.22,4000.0,5,95.7,0.0,98.0,-0.77,Urban,Low,31.1,1.261,0,41.98,43.08,41.03,harsh_acceleration
V002,2026-08-22T08:20:45,Light Commercial,7,2.8,4925.5,Petrol,19.046249,72.924155,105.0,4.12,4000.0,5,92.4,0.0,94.2,-0.05,Urban,Low,29.7,1.29,0,41.97,43.08,41.03,harsh_acceleration
V002,2026-08-22T08:20:46,Light Commercial,7,2.8,4925.5,Petrol,19.046512,72.924365,105.0,3.76,4000.0,5,98.2,0.0,94.5,1.22,Urban,Low,27.9,1.319,0,41.95,43.08,41.03,harsh_acceleration
V002,2026-08-22T08:20:47,Light Commercial,7,2.8,4925.5,Petrol,19.046774,72.924575,105.0,3.37,4000.0,5,89.2,0.0,89.5,0.09,Urban,Low,30.1,1.348,0,41.94,43.08,41.03,harsh_acceleration
V002,2026-08-22T08:20:48,Light Commercial,7,2.8,4925.5,Petrol,19.047037,72.924785,105.0,4.11,4000.0,5,89.1,0.0,92.3,1.25,Urban,Low,28.5,1.377,0,41.93,43.08,41.03,harsh_acceleration
V002,2026-08-22T08:20:49,Light Commercial,7,2.8,4925.5,Petrol,19.047299,72.924995,105.0,3.88,4000.0,5,86.0,0.0,94.8,-1.1,Urban,Low,27.4,1.406,0,41.92,43.08,41.03,harsh_acceleration
V002,2026-08-22T08:20:50,Light Commercial,7,2.8,4925.5,Petrol,19.047562,72.925205,105.0,2.64,4000.0,5,86.3,0.0,99.8,0.18,Urban,Low,28.5,1.436,0,41.91,43.08,41.03,harsh_acceleration
V002,2026-08-22T08:20:51,Light Commercial,7,2.8,4925.5,Petrol,19.047824,72.925415,105.0,3.84,4000.0,5,93.0,0.0,93.7,-1.03,Urban,Low,27.5,1.465,0,41.89,43.08,41.03,harsh_acceleration
V002,2026-08-22T08:20:52,Light Commercial,7,2.8,4925.5,Petrol,19.048087,72.925625,105.0,2.95,4000.0,5,88.5,0.0,98.3,0.22,Urban,Low,28.4,1.494,0,41.88,43.08,41.03,harsh_acceleration
V002,2026-08-22T08:20:53,Light Commercial,7,2.8,4925.5,Petrol,19.048349,72.925835,105.0,3.25,4000.0,5,88.6,0.0,92.4,0.7,Urban,Low,27.3,1.523,0,41.87,43.08,41.03,harsh_acceleration
V002,2026-08-22T08:20:54,Light Commercial,7,2.8,4925.5,Petrol,19.048612,72.926045,105.0,3.4,4000.0,5,85.2,0.0,90.8,1.65,Urban,Low,25.2,1.552,0,41.86,43.08,41.03,harsh_acceleration
V002,2026-08-22T08:20:55,Light Commercial,7,2.8,4925.5,Petrol,19.048874,72.926255,105.0,3.51,4000.0,5,90.3,0.0,90.4,0.35,Urban,Low,27.5,1.581,0,41.85,43.08,41.03,harsh_acceleration
V002,2026-08-22T08:20:56,Light Commercial,7,2.8,4925.5,Petrol,19.049137,72.926465,105.0,4.06,4000.0,5,89.1,0.0,89.0,1.21,Urban,Low,26.9,1.611,0,41.83,43.08,41.03,harsh_acceleration
V002,2026-08-22T08:20:57,Light Commercial,7,2.8,4925.5,Petrol,19.049399,72.926675,105.0,3.6,4000.0,5,87.3,0.0,90.2,0.97,Urban,Low,32.5,1.64,0,41.82,43.08,41.03,harsh_acceleration
V002,2026-08-22T08:20:58,Light Commercial,7,2.8,4925.5,Petrol,19.049662,72.926885,105.0,3.34,4000.0,5,88.3,0.0,97.4,-0.88,Urban,Low,26.7,1.669,0,41.81,43.08,41.03,harsh_acceleration
V002,2026-08-22T08:20:59,Light Commercial,7,2.8,4925.5,Petrol,19.049924,72.927095,105.0,2.65,4000.0,5,94.7,0.0,91.5,-0.34,Urban,Low,29.3,1.698,0,41.8,43.08,41.03,harsh_acceleration
V002,2026-08-22T08:21:00,Light Commercial,7,2.8,4925.5,Petrol,19.050187,72.927305,105.0,3.18,4000.0,5,97.6,0.0,91.8,-1.45,Urban,Low,30.0,1.727,0,41.79,43.08,41.03,harsh_acceleration
V002,2026-08-22T08:21:01,Light Commercial,7,2.8,4925.5,Petrol,19.050449,72.927515,105.0,2.87,4000.0,5,90.4,0.0,99.8,-1.07,Urban,Low,27.5,1.756,0,41.77,43.08,41.03,harsh_acceleration
V002,2026-08-22T08:21:02,Light Commercial,7,2.8,4925.5,Petrol,19.050712,72.927725,105.0,3.89,4000.0,5,99.0,0.0,97.7,1.57,Urban,Low,29.7,1.786,0,41.76,43.08,41.03,harsh_acceleration
V002,2026-08-22T08:21:03,Light Commercial,7,2.8,4925.5,Petrol,19.050974,72.927935,105.0,3.79,4000.0,5,93.3,0.0,96.2,-0.62,Urban,Low,26.5,1.815,0,41.75,43.08,41.03,harsh_acceleration
V002,2026-08-22T08:21:04,Light Commercial,7,2.8,4925.5,Petrol,19.051237,72.928145,105.0,3.39,4000.0,5,93.4,0.0,91.4,-0.05,Urban,Low,28.1,1.844,0,41.74,43.08,41.03,harsh_acceleration
V002,2026-08-22T08:21:05,Light Commercial,7,2.8,4925.5,Petrol,19.051499,72.928355,105.0,4.11,4000.0,5,92.0,0.0,89.0,2.25,Urban,Low,26.7,1.873,0,41.73,43.08,41.03,harsh_acceleration
V002,2026-08-22T08:21:06,Light Commercial,7,2.8,4925.5,Petrol,19.051762,72.928565,105.0,3.92,4000.0,5,88.3,0.0,96.9,-1.77,Urban,Low,26.9,1.902,0,41.71,43.08,41.03,harsh_acceleration
V002,2026-08-22T08:21:07,Light Commercial,7,2.8,4925.5,Petrol,19.052024,72.928775,105.0,3.32,4000.0,5,97.2,0.0,89.5,0.34,Urban,Low,28.6,1.931,0,41.7,43.08,41.03,harsh_acceleration
V002,2026-08-22T08:21:08,Light Commercial,7,2.8,4925.5,Petrol,19.052287,72.928985,105.0,3.76,4000.0,5,86.6,0.0,98.8,-0.66,Urban,Low,26.2,1.961,0,41.69,43.08,41.03,harsh_acceleration
V002,2026-08-22T08:21:09,Light Commercial,7,2.8,4925.5,Petrol,19.052549,72.929195,105.0,2.98,4000.0,5,85.0,0.0,94.2,1.95,Urban,Low,30.7,1.99,0,41.68,43.08,41.03,harsh_acceleration
V002,2026-08-22T08:21:10,Light Commercial,7,2.8,4925.5,Petrol,19.052812,72.929405,105.0,4.03,4000.0,5,99.5,0.0,94.4,-1.45,Urban,Low,27.4,2.019,0,41.67,43.08,41.03,harsh_acceleration
V002,2026-08-22T08:21:11,Light Commercial,7,2.8,4925.5,Petrol,19.053074,72.929615,105.0,2.86,4000.0,5,93.0,0.0,93.6,2.55,Urban,Low,26.9,2.048,0,41.65,43.08,41.03,harsh_acceleration
V002,2026-08-22T08:21:12,Light Commercial,7,2.8,4925.5,Petrol,19.053337,72.929825,105.0,2.81,4000.0,5,98.6,0.0,98.6,-0.94,Urban,Low,28.9,2.077,0,41.64,43.08,41.03,harsh_acceleration
V002,2026-08-22T08:21:13,Light Commercial,7,2.8,4925.5,Petrol,19.053599,72.930035,105.0,3.16,4000.0,5,97.0,0.0,98.3,-0.84,Urban,Low,25.6,2.106,0,41.63,43.08,41.03,harsh_acceleration
V002,2026-08-22T08:21:14,Light Commercial,7,2.8,4925.5,Petrol,19.053862,72.930245,105.0,2.73,4000.0,5,88.0,0.0,95.4,0.68,Urban,Low,29.8,2.136,0,41.62,43.08,41.03,harsh_acceleration
V002,2026-08-22T08:21:15,Light Commercial,7,2.8,4925.5,Petrol,19.054124,72.930455,105.0,3.78,4000.0,5,91.5,0.0,89.2,-0.15,Urban,Low,26.6,2.165,0,41.61,43.08,41.03,harsh_acceleration
V002,2026-08-22T08:21:16,Light Commercial,7,2.8,4925.5,Petrol,19.054387,72.930665,105.0,2.72,4000.0,5,91.2,0.0,89.1,1.67,Urban,Low,29.0,2.194,0,41.59,43.08,41.03,harsh_acceleration
V002,2026-08-22T08:21:17,Light Commercial,7,2.8,4925.5,Petrol,19.054649,72.930875,105.0,2.7,4000.0,5,89.4,0.0,94.5,-0.35,Urban,Low,29.0,2.223,0,41.58,43.08,41.03,harsh_acceleration
V002,2026-08-22T08:21:18,Light Commercial,7,2.8,4925.5,Petrol,19.054912,72.931085,105.0,2.63,4000.0,5,85.8,0.0,92.5,-1.03,Urban,Low,27.9,2.252,0,41.57,43.08,41.03,harsh_acceleration
V002,2026-08-22T08:21:19,Light Commercial,7,2.8,4925.5,Petrol,19.055174,72.931295,105.0,4.01,4000.0,5,91.8,0.0,91.3,-0.54,Urban,Low,27.8,2.281,0,41.56,43.08,41.03,harsh_acceleration
V002,2026-08-22T08:21:20,Light Commercial,7,2.8,4925.5,Petrol,19.055437,72.931505,105.0,3.76,4000.0,5,92.9,0.0,94.7,0.15,Urban,Low,28.1,2.311,0,41.55,43.08,41.03,harsh_acceleration
V002,2026-08-22T08:21:21,Light Commercial,7,2.8,4925.5,Petrol,19.055699,72.931715,105.0,3.21,4000.0,5,86.7,0.0,93.8,0.55,Urban,Low,27.4,2.34,0,41.53,43.08,41.03,harsh_acceleration
V002,2026-08-22T08:21:22,Light Commercial,7,2.8,4925.5,Petrol,19.055962,72.931925,105.0,3.21,4000.0,5,85.9,0.0,97.1,1.05,Urban,Low,27.2,2.369,0,41.52,43.08,41.03,harsh_acceleration
V002,2026-08-22T08:21:23,Light Commercial,7,2.8,4925.5,Petrol,19.056224,72.932135,105.0,3.8,4000.0,5,95.8,0.0,99.2,2.27,Urban,Low,27.0,2.398,0,41.51,43.08,41.03,harsh_acceleration
V002,2026-08-22T08:21:24,Light Commercial,7,2.8,4925.5,Petrol,19.056487,72.932345,105.0,4.16,4000.0,5,90.1,0.0,99.2,-1.39,Urban,Low,28.7,2.427,0,41.5,43.08,41.03,harsh_acceleration
V002,2026-08-22T08:21:25,Light Commercial,7,2.8,4925.5,Petrol,19.056749,72.932555,105.0,3.01,4000.0,5,95.9,0.0,89.4,-0.11,Urban,Low,29.3,2.456,0,41.49,43.08,41.03,harsh_acceleration
V002,2026-08-22T08:21:26,Light Commercial,7,2.8,4925.5,Petrol,19.057012,72.932765,105.0,2.63,4000.0,5,90.6,0.0,92.2,0.62,Urban,Low,29.3,2.486,0,41.48,43.08,41.03,harsh_acceleration
V002,2026-08-22T08:21:27,Light Commercial,7,2.8,4925.5,Petrol,19.057274,72.932975,105.0,3.43,4000.0,5,90.8,0.0,98.6,-2.98,Urban,Low,28.7,2.515,0,41.46,43.08,41.03,harsh_acceleration
V002,2026-08-22T08:21:28,Light Commercial,7,2.8,4925.5,Petrol,19.057537,72.933185,105.0,3.08,4000.0,5,88.7,0.0,88.1,0.97,Urban,Low,26.7,2.544,0,41.45,43.08,41.03,harsh_acceleration
V002,2026-08-22T08:21:29,Light Commercial,7,2.8,4925.5,Petrol,19.057799,72.933395,105.0,3.43,4000.0,5,94.5,0.0,96.0,0.67,Urban,Low,24.6,2.573,0,41.44,43.08,41.03,harsh_acceleration
V002,2026-08-22T08:21:30,Light Commercial,7,2.8,4925.5,Petrol,19.058062,72.933605,105.0,3.93,4000.0,5,95.6,0.0,95.4,-0.12,Urban,Low,30.1,2.602,0,41.43,43.08,41.03,harsh_acceleration
V002,2026-08-22T08:21:31,Light Commercial,7,2.8,4925.5,Petrol,19.058324,72.933815,105.0,3.66,4000.0,5,94.1,0.0,94.7,1.51,Urban,Low,28.2,2.631,0,41.42,43.08,41.03,harsh_acceleration
V002,2026-08-22T08:21:32,Light Commercial,7,2.8,4925.5,Petrol,19.058587,72.934025,105.0,3.73,4000.0,5,91.2,0.0,94.9,-0.42,Urban,Low,29.4,2.661,0,41.4,43.08,41.03,harsh_acceleration
V002,2026-08-22T08:21:33,Light Commercial,7,2.8,4925.5,Petrol,19.058849,72.934235,105.0,3.32,4000.0,5,86.7,0.0,98.3,2.35,Urban,Low,28.1,2.69,0,41.39,43.08,41.03,harsh_acceleration
V002,2026-08-22T08:21:34,Light Commercial,7,2.8,4925.5,Petrol,19.059112,72.934445,105.0,3.18,4000.0,5,88.6,0.0,100.0,-0.69,Urban,Low,27.5,2.719,0,41.38,43.08,41.03,harsh_acceleration
V002,2026-08-22T08:21:35,Light Commercial,7,2.8,4925.5,Petrol,19.059374,72.934655,105.0,2.7,4000.0,5,88.3,0.0,95.5,-0.65,Urban,Low,28.3,2.748,0,41.37,43.08,41.03,harsh_acceleration
V002,2026-08-22T08:21:36,Light Commercial,7,2.8,4925.5,Petrol,19.059637,72.934865,105.0,3.45,4000.0,5,94.6,0.0,95.2,-0.45,Urban,Low,25.5,2.777,0,41.36,43.08,41.03,harsh_acceleration
V002,2026-08-22T08:21:37,Light Commercial,7,2.8,4925.5,Petrol,19.059899,72.935075,105.0,2.92,4000.0,5,88.0,0.0,93.8,-0.1,Urban,Low,25.5,2.806,0,41.34,43.08,41.03,harsh_acceleration
V002,2026-08-22T08:21:38,Light Commercial,7,2.8,4925.5,Petrol,19.060162,72.935285,105.0,3.82,4000.0,5,89.2,0.0,88.4,-1.52,Urban,Low,29.4,2.836,0,41.33,43.08,41.03,harsh_acceleration
V002,2026-08-22T08:21:39,Light Commercial,7,2.8,4925.5,Petrol,19.060424,72.935495,105.0,3.88,4000.0,5,94.8,0.0,94.3,-1.41,Urban,Low,27.7,2.865,0,41.32,43.08,41.03,harsh_acceleration
V002,2026-08-22T08:21:40,Light Commercial,7,2.8,4925.5,Petrol,19.060687,72.935705,105.0,3.18,4000.0,5,86.4,0.0,90.2,0.48,Urban,Low,28.5,2.894,0,41.31,43.08,41.03,harsh_acceleration
V002,2026-08-22T08:21:41,Light Commercial,7,2.8,4925.5,Petrol,19.060949,72.935915,105.0,3.76,4000.0,5,85.5,0.0,93.8,0.49,Urban,Low,28.6,2.923,0,41.3,43.08,41.03,harsh_acceleration
V002,2026-08-22T08:21:42,Light Commercial,7,2.8,4925.5,Petrol,19.061212,72.936125,105.0,2.98,4000.0,5,87.7,0.0,92.6,-0.03,Urban,Low,26.0,2.952,0,41.28,43.08,41.03,harsh_acceleration
V002,2026-08-22T08:21:43,Light Commercial,7,2.8,4925.5,Petrol,19.061474,72.936335,105.0,4.2,4000.0,5,87.2,0.0,93.1,-0.69,Urban,Low,28.3,2.981,0,41.27,43.08,41.03,harsh_acceleration
V002,2026-08-22T08:21:44,Light Commercial,7,2.8,4925.5,Petrol,19.061737,72.936545,105.0,3.53,4000.0,5,92.7,0.0,90.2,1.33,Urban,Low,28.1,3.011,0,41.26,43.08,41.03,harsh_acceleration
V002,2026-08-22T08:21:45,Light Commercial,7,2.8,4925.5,Petrol,19.061999,72.936755,105.0,4.0,4000.0,5,91.0,0.0,90.8,0.6,Urban,Low,29.0,3.04,0,41.25,43.08,41.03,harsh_acceleration
V002,2026-08-22T08:21:46,Light Commercial,7,2.8,4925.5,Petrol,19.062262,72.936965,105.0,3.59,4000.0,5,87.6,0.0,91.1,-1.51,Urban,Low,29.1,3.069,0,41.24,43.08,41.03,harsh_acceleration
V002,2026-08-22T08:21:47,Light Commercial,7,2.8,4925.5,Petrol,19.062524,72.937175,105.0,3.94,4000.0,5,85.7,0.0,91.5,-0.4,Urban,Low,25.3,3.098,0,41.22,43.08,41.03,harsh_acceleration
V002,2026-08-22T08:21:48,Light Commercial,7,2.8,4925.5,Petrol,19.062787,72.937385,105.0,3.82,4000.0,5,91.9,0.0,89.3,-0.35,Urban,Low,30.0,3.127,0,41.21,43.08,41.03,harsh_acceleration
V002,2026-08-22T08:21:49,Light Commercial,7,2.8,4925.5,Petrol,19.063049,72.937595,105.0,3.48,4000.0,5,99.8,0.0,90.5,-0.31,Urban,Low,27.6,3.156,0,41.2,43.08,41.03,harsh_acceleration
V002,2026-08-22T08:21:50,Light Commercial,7,2.8,4925.5,Petrol,19.063312,72.937805,105.0,3.38,4000.0,5,94.1,0.0,90.4,-0.42,Urban,Low,27.5,3.186,0,41.19,43.08,41.03,harsh_acceleration
V002,2026-08-22T08:21:51,Light Commercial,7,2.8,4925.5,Petrol,19.063574,72.938015,105.0,4.05,4000.0,5,94.2,0.0,92.7,-2.41,Urban,Low,27.6,3.215,0,41.18,43.08,41.03,harsh_acceleration
V002,2026-08-22T08:21:52,Light Commercial,7,2.8,4925.5,Petrol,19.063837,72.938225,105.0,4.19,4000.0,5,85.0,0.0,95.7,0.21,Urban,Low,28.6,3.244,0,41.16,43.08,41.03,harsh_acceleration
V002,2026-08-22T08:21:53,Light Commercial,7,2.8,4925.5,Petrol,19.064099,72.938435,105.0,2.78,4000.0,5,87.2,0.0,98.9,1.1,Urban,Low,27.6,3.273,0,41.15,43.08,41.03,harsh_acceleration
V002,2026-08-22T08:21:54,Light Commercial,7,2.8,4925.5,Petrol,19.064362,72.938645,105.0,2.95,4000.0,5,99.4,0.0,92.1,-1.11,Urban,Low,29.8,3.302,0,41.14,43.08,41.03,harsh_acceleration
V002,2026-08-22T08:21:55,Light Commercial,7,2.8,4925.5,Petrol,19.064624,72.938855,105.0,2.64,4000.0,5,92.7,0.0,93.1,-0.65,Urban,Low,27.2,3.331,0,41.13,43.08,41.03,harsh_acceleration
V002,2026-08-22T08:21:56,Light Commercial,7,2.8,4925.5,Petrol,19.064887,72.939065,105.0,3.73,4000.0,5,94.0,0.0,89.5,0.55,Urban,Low,27.3,3.361,0,41.12,43.08,41.03,harsh_acceleration
V002,2026-08-22T08:21:57,Light Commercial,7,2.8,4925.5,Petrol,19.065149,72.939275,105.0,4.16,4000.0,5,87.9,0.0,92.7,1.55,Urban,Low,29.2,3.39,0,41.1,43.08,41.03,harsh_acceleration
V002,2026-08-22T08:21:58,Light Commercial,7,2.8,4925.5,Petrol,19.065412,72.939485,105.0,3.93,4000.0,5,93.6,0.0,90.4,-1.12,Urban,Low,29.2,3.419,0,41.09,43.08,41.03,harsh_acceleration
V002,2026-08-22T08:21:59,Light Commercial,7,2.8,4925.5,Petrol,19.065674,72.939695,105.0,3.61,4000.0,5,86.1,0.0,94.5,-1.76,Urban,Low,30.5,3.448,0,41.08,43.08,41.03,harsh_acceleration
V002,2026-08-22T10:20:00,Light Commercial,7,2.8,5921.3,Petrol,19.073129,72.915609,32.4,1.46,4000.0,2,46.3,0.0,57.3,-2.8,Highway,Low,29.1,0.009,0,90.46,5.91,18.26,downhill_acceleration
V002,2026-08-22T10:20:01,Light Commercial,7,2.8,5921.3,Petrol,19.073223,72.915684,37.5,1.43,4000.0,3,59.0,0.0,48.1,-4.07,Highway,Low,27.4,0.019,0,90.46,6.85,18.26,downhill_acceleration
V002,2026-08-22T10:20:02,Light Commercial,7,2.8,5921.3,Petrol,19.073327,72.915767,41.6,1.12,4000.0,3,53.9,0.0,50.4,-3.95,Highway,Low,29.0,0.031,0,90.46,7.59,18.26,downhill_acceleration
V002,2026-08-22T10:20:03,Light Commercial,7,2.8,5921.3,Petrol,19.073446,72.915863,47.7,1.7,4000.0,3,58.9,0.0,57.8,-4.2,Highway,Low,28.1,0.044,0,90.46,8.71,18.26,downhill_acceleration
V002,2026-08-22T10:20:04,Light Commercial,7,2.8,5921.3,Petrol,19.073574,72.915965,51.1,0.95,4000.0,3,48.8,0.0,45.8,-2.43,Highway,Low,26.1,0.058,0,90.45,9.33,18.26,downhill_acceleration
V002,2026-08-22T10:20:05,Light Commercial,7,2.8,5921.3,Petrol,19.073713,72.916076,55.6,1.25,4000.0,4,72.3,0.0,58.8,-4.24,Highway,Low,29.1,0.074,0,90.45,10.15,18.26,downhill_acceleration
V002,2026-08-22T10:20:06,Light Commercial,7,2.8,5921.3,Petrol,19.073861,72.916195,59.4,1.04,4000.0,4,67.0,0.0,52.3,-3.18,Highway,Low,28.5,0.09,0,90.45,10.84,18.26,downhill_acceleration
V002,2026-08-22T10:20:07,Light Commercial,7,2.8,5921.3,Petrol,19.074023,72.916325,64.8,1.52,4000.0,4,51.0,0.0,58.3,-3.61,Highway,Low,31.0,0.108,0,90.44,11.83,18.26,downhill_acceleration
V002,2026-08-22T10:20:08,Light Commercial,7,2.8,5921.3,Petrol,19.0742,72.916466,70.8,1.66,4000.0,5,46.3,0.0,57.0,-2.44,Highway,Low,27.0,0.128,0,90.44,12.93,18.26,downhill_acceleration
V002,2026-08-22T10:20:09,Light Commercial,7,2.8,5921.3,Petrol,19.074392,72.916619,76.5,1.59,4000.0,5,63.4,0.0,55.5,-4.14,Highway,Low,29.8,0.149,0,90.44,13.97,18.26,downhill_acceleration
V002,2026-08-22T10:20:10,Light Commercial,7,2.8,5921.3,Petrol,19.074592,72.91678,80.3,1.06,4000.0,5,73.7,0.0,59.5,-2.57,Highway,Low,27.9,0.172,0,90.43,14.66,18.26,downhill_acceleration
V002,2026-08-22T10:20:11,Light Commercial,7,2.8,5921.3,Petrol,19.074802,72.916947,83.7,0.94,4000.0,5,71.9,0.0,52.7,-3.37,Highway,Low,28.0,0.195,0,90.43,15.28,18.26,downhill_acceleration
V002,2026-08-22T10:20:12,Light Commercial,7,2.8,5921.3,Petrol,19.075019,72.917121,87.0,0.92,4000.0,5,74.8,0.0,53.8,-4.18,Highway,Low,30.2,0.219,0,90.42,15.89,18.26,downhill_acceleration
V002,2026-08-22T10:20:13,Light Commercial,7,2.8,5921.3,Petrol,19.075246,72.917303,90.8,1.04,4000.0,6,49.9,0.0,56.0,-4.43,Highway,Low,27.6,0.244,0,90.42,16.57,18.26,downhill_acceleration
V002,2026-08-22T10:20:14,Light Commercial,7,2.8,5921.3,Petrol,19.075481,72.917491,94.2,0.95,4000.0,6,46.5,0.0,62.0,-3.14,Highway,Low,27.1,0.27,0,90.41,17.19,18.26,downhill_acceleration
V002,2026-08-22T10:20:15,Light Commercial,7,2.8,5921.3,Petrol,19.075719,72.917681,95.0,1.7,4000.0,6,68.5,0.0,42.0,-4.18,Highway,Low,27.2,0.297,0,90.41,17.34,18.26,downhill_acceleration
V002,2026-08-22T10:20:16,Light Commercial,7,2.8,5921.3,Petrol,19.075956,72.917871,95.0,0.92,4000.0,6,51.8,0.0,49.5,-4.31,Highway,Low,27.5,0.323,0,90.4,17.34,18.26,downhill_acceleration
V002,2026-08-22T10:20:17,Light Commercial,7,2.8,5921.3,Petrol,19.076194,72.918061,95.0,1.14,4000.0,6,46.7,0.0,46.1,-2.44,Highway,Low,30.2,0.35,0,90.4,17.34,18.26,downhill_acceleration
V002,2026-08-22T10:20:18,Light Commercial,7,2.8,5921.3,Petrol,19.076431,72.918251,95.0,1.09,4000.0,6,50.5,0.0,63.3,-2.25,Highway,Low,28.8,0.376,0,90.39,17.34,18.26,downhill_acceleration
V002,2026-08-22T10:20:19,Light Commercial,7,2.8,5921.3,Petrol,19.076669,72.918441,95.0,0.86,4000.0,6,62.9,0.0,46.1,-4.25,Highway,Low,28.6,0.402,0,90.39,17.34,18.26,downhill_acceleration
V002,2026-08-22T10:20:20,Light Commercial,7,2.8,5921.3,Petrol,19.076906,72.918631,95.0,1.05,4000.0,6,65.3,0.0,40.9,-3.98,Highway,Low,28.8,0.429,0,90.38,17.34,18.26,downhill_acceleration
V002,2026-08-22T10:20:21,Light Commercial,7,2.8,5921.3,Petrol,19.077144,72.918821,95.0,0.82,4000.0,6,45.6,0.0,52.4,-2.6,Highway,Low,30.2,0.455,0,90.38,17.34,18.26,downhill_acceleration
V002,2026-08-22T10:20:22,Light Commercial,7,2.8,5921.3,Petrol,19.077381,72.919011,95.0,1.38,4000.0,6,63.2,0.0,60.0,-2.62,Highway,Low,28.5,0.481,0,90.38,17.34,18.26,downhill_acceleration
V002,2026-08-22T10:20:23,Light Commercial,7,2.8,5921.3,Petrol,19.077619,72.919201,95.0,0.61,4000.0,6,64.0,0.0,61.1,-4.21,Highway,Low,23.8,0.508,0,90.37,17.34,18.26,downhill_acceleration
V002,2026-08-22T10:20:24,Light Commercial,7,2.8,5921.3,Petrol,19.077856,72.919391,95.0,1.18,4000.0,6,51.2,0.0,41.4,-2.79,Highway,Low,29.6,0.534,0,90.37,17.34,18.26,downhill_acceleration
V002,2026-08-22T10:20:25,Light Commercial,7,2.8,5921.3,Petrol,19.078094,72.919581,95.0,1.47,4000.0,6,57.6,0.0,53.6,-4.33,Highway,Low,29.0,0.561,0,90.36,17.34,18.26,downhill_acceleration
V002,2026-08-22T10:20:26,Light Commercial,7,2.8,5921.3,Petrol,19.078331,72.919771,95.0,0.82,4000.0,6,68.1,0.0,59.5,-3.85,Highway,Low,27.1,0.587,0,90.36,17.34,18.26,downhill_acceleration
V002,2026-08-22T10:20:27,Light Commercial,7,2.8,5921.3,Petrol,19.078569,72.919961,95.0,1.26,4000.0,6,59.7,0.0,47.9,-3.89,Highway,Low,28.8,0.613,0,90.35,17.34,18.26,downhill_acceleration
V002,2026-08-22T10:20:28,Light Commercial,7,2.8,5921.3,Petrol,19.078806,72.920151,95.0,0.93,4000.0,6,46.3,0.0,59.1,-3.42,Highway,Low,29.7,0.64,0,90.35,17.34,18.26,downhill_acceleration
V002,2026-08-22T10:20:29,Light Commercial,7,2.8,5921.3,Petrol,19.079044,72.920341,95.0,1.7,4000.0,6,58.2,0.0,52.5,-3.7,Highway,Low,30.5,0.666,0,90.34,17.34,18.26,downhill_acceleration
V002,2026-08-22T10:20:30,Light Commercial,7,2.8,5921.3,Petrol,19.079281,72.920531,95.0,1.33,4000.0,6,72.1,0.0,51.6,-3.2,Highway,Low,29.4,0.693,0,90.34,17.34,18.26,downhill_acceleration
V002,2026-08-22T10:20:31,Light Commercial,7,2.8,5921.3,Petrol,19.079519,72.920721,95.0,0.71,4000.0,6,73.0,0.0,64.3,-2.85,Highway,Low,27.8,0.719,0,90.33,17.34,18.26,downhill_acceleration
V002,2026-08-22T10:20:32,Light Commercial,7,2.8,5921.3,Petrol,19.079756,72.920911,95.0,0.77,4000.0,6,53.9,0.0,56.6,-3.61,Highway,Low,28.0,0.745,0,90.33,17.34,18.26,downhill_acceleration
V002,2026-08-22T10:20:33,Light Commercial,7,2.8,5921.3,Petrol,19.079994,72.921101,95.0,1.03,4000.0,6,64.0,0.0,46.2,-4.34,Highway,Low,28.6,0.772,0,90.32,17.34,18.26,downhill_acceleration
V002,2026-08-22T10:20:34,Light Commercial,7,2.8,5921.3,Petrol,19.080231,72.921291,95.0,1.34,4000.0,6,72.8,0.0,41.8,-4.07,Highway,Low,27.8,0.798,0,90.32,17.34,18.26,downhill_acceleration
V002,2026-08-22T10:20:35,Light Commercial,7,2.8,5921.3,Petrol,19.080469,72.921481,95.0,1.0,4000.0,6,53.6,0.0,64.8,-3.29,Highway,Low,29.0,0.825,0,90.31,17.34,18.26,downhill_acceleration
V002,2026-08-22T10:20:36,Light Commercial,7,2.8,5921.3,Petrol,19.080706,72.921671,95.0,0.85,4000.0,6,45.5,0.0,64.9,-2.8,Highway,Low,29.5,0.851,0,90.31,17.34,18.26,downhill_acceleration
V002,2026-08-22T10:20:37,Light Commercial,7,2.8,5921.3,Petrol,19.080944,72.921861,95.0,0.95,4000.0,6,65.5,0.0,54.9,-4.11,Highway,Low,27.6,0.877,0,90.3,17.34,18.26,downhill_acceleration
V002,2026-08-22T10:20:38,Light Commercial,7,2.8,5921.3,Petrol,19.081181,72.922051,95.0,0.77,4000.0,6,67.0,0.0,52.1,-2.89,Highway,Low,27.0,0.904,0,90.3,17.34,18.26,downhill_acceleration
V002,2026-08-22T10:20:39,Light Commercial,7,2.8,5921.3,Petrol,19.081419,72.922241,95.0,1.12,4000.0,6,49.1,0.0,54.5,-4.29,Highway,Low,30.3,0.93,0,90.29,17.34,18.26,downhill_acceleration
V002,2026-08-22T10:20:40,Light Commercial,7,2.8,5921.3,Petrol,19.081656,72.922431,95.0,1.19,4000.0,6,61.0,0.0,64.0,-3.08,Highway,Low,29.2,0.956,0,90.29,17.34,18.26,downhill_acceleration
V002,2026-08-22T10:20:41,Light Commercial,7,2.8,5921.3,Petrol,19.081894,72.922621,95.0,1.2,4000.0,6,56.7,0.0,43.3,-3.17,Highway,Low,24.6,0.983,0,90.28,17.34,18.26,downhill_acceleration
V002,2026-08-22T10:20:42,Light Commercial,7,2.8,5921.3,Petrol,19.082131,72.922811,95.0,1.2,4000.0,6,73.1,0.0,44.7,-4.49,Highway,Low,29.5,1.009,0,90.28,17.34,18.26,downhill_acceleration
V002,2026-08-22T10:20:43,Light Commercial,7,2.8,5921.3,Petrol,19.082369,72.923001,95.0,1.05,4000.0,6,57.3,0.0,60.0,-4.11,Highway,Low,30.5,1.036,0,90.27,17.34,18.26,downhill_acceleration
V002,2026-08-22T10:20:44,Light Commercial,7,2.8,5921.3,Petrol,19.082606,72.923191,95.0,0.78,4000.0,6,64.2,0.0,61.7,-2.25,Highway,Low,28.2,1.062,0,90.27,17.34,18.26,downhill_acceleration
V002,2026-08-22T10:20:45,Light Commercial,7,2.8,5921.3,Petrol,19.082844,72.923381,95.0,1.72,4000.0,6,52.3,0.0,62.1,-2.59,Highway,Low,25.8,1.088,0,90.26,17.34,18.26,downhill_acceleration
V002,2026-08-22T10:20:46,Light Commercial,7,2.8,5921.3,Petrol,19.083081,72.923571,95.0,1.5,4000.0,6,48.9,0.0,55.9,-2.72,Highway,Low,27.9,1.115,0,90.26,17.34,18.26,downhill_acceleration
V002,2026-08-22T10:20:47,Light Commercial,7,2.8,5921.3,Petrol,19.083319,72.923761,95.0,0.77,4000.0,6,64.4,0.0,60.3,-2.82,Highway,Low,29.5,1.141,0,90.25,17.34,18.26,downhill_acceleration
V002,2026-08-22T10:20:48,Light Commercial,7,2.8,5921.3,Petrol,19.083556,72.923951,95.0,1.49,4000.0,6,63.3,0.0,45.6,-2.4,Highway,Low,27.2,1.168,0,90.25,17.34,18.26,downhill_acceleration
V002,2026-08-22T10:20:49,Light Commercial,7,2.8,5921.3,Petrol,19.083794,72.924141,95.0,0.92,4000.0,6,49.5,0.0,47.7,-2.28,Highway,Low,28.9,1.194,0,90.25,17.34,18.26,downhill_acceleration
V002,2026-08-22T10:20:50,Light Commercial,7,2.8,5921.3,Petrol,19.084031,72.924331,95.0,1.47,4000.0,6,58.1,0.0,45.6,-3.57,Highway,Low,27.0,1.22,0,90.24,17.34,18.26,downhill_acceleration
V002,2026-08-22T10:20:51,Light Commercial,7,2.8,5921.3,Petrol,19.084269,72.924521,95.0,0.67,4000.0,6,53.5,0.0,41.9,-2.97,Highway,Low,28.2,1.247,0,90.24,17.34,18.26,downhill_acceleration
V002,2026-08-22T10:20:52,Light Commercial,7,2.8,5921.3,Petrol,19.084506,72.924711,95.0,1.77,4000.0,6,74.1,0.0,63.8,-3.25,Highway,Low,24.4,1.273,0,90.23,17.34,18.26,downhill_acceleration
V002,2026-08-22T10:20:53,Light Commercial,7,2.8,5921.3,Petrol,19.084744,72.924901,95.0,0.76,4000.0,6,52.6,0.0,42.4,-2.4,Highway,Low,25.5,1.3,0,90.23,17.34,18.26,downhill_acceleration
V002,2026-08-22T10:20:54,Light Commercial,7,2.8,5921.3,Petrol,19.084981,72.925091,95.0,1.39,4000.0,6,64.9,0.0,57.3,-2.48,Highway,Low,29.6,1.326,0,90.22,17.34,18.26,downhill_acceleration
V002,2026-08-22T10:20:55,Light Commercial,7,2.8,5921.3,Petrol,19.085219,72.925281,95.0,1.39,4000.0,6,47.4,0.0,49.1,-3.76,Highway,Low,26.6,1.352,0,90.22,17.34,18.26,downhill_acceleration
V002,2026-08-22T10:20:56,Light Commercial,7,2.8,5921.3,Petrol,19.085456,72.925471,95.0,1.09,4000.0,6,74.2,0.0,41.7,-4.15,Highway,Low,27.3,1.379,0,90.21,17.34,18.26,downhill_acceleration
V002,2026-08-22T10:20:57,Light Commercial,7,2.8,5921.3,Petrol,19.085694,72.925661,95.0,0.68,4000.0,6,58.5,0.0,63.7,-4.29,Highway,Low,27.5,1.405,0,90.21,17.34,18.26,downhill_acceleration
V002,2026-08-22T10:20:58,Light Commercial,7,2.8,5921.3,Petrol,19.085931,72.925851,95.0,1.1,4000.0,6,72.0,0.0,42.6,-2.48,Highway,Low,29.7,1.431,0,90.2,17.34,18.26,downhill_acceleration
V002,2026-08-22T10:20:59,Light Commercial,7,2.8,5921.3,Petrol,19.086169,72.926041,95.0,1.26,4000.0,6,48.5,0.0,42.7,-2.58,Highway,Low,27.4,1.458,0,90.2,17.34,18.26,downhill_acceleration
V002,2026-08-22T10:21:00,Light Commercial,7,2.8,5921.3,Petrol,19.086406,72.926231,95.0,0.62,4000.0,6,70.3,0.0,63.6,-2.3,Highway,Low,27.0,1.484,0,90.19,17.34,18.26,downhill_acceleration
V002,2026-08-22T10:21:01,Light Commercial,7,2.8,5921.3,Petrol,19.086644,72.926421,95.0,0.83,4000.0,6,67.1,0.0,62.1,-3.76,Highway,Low,27.6,1.511,0,90.19,17.34,18.26,downhill_acceleration
V002,2026-08-22T10:21:02,Light Commercial,7,2.8,5921.3,Petrol,19.086881,72.926611,95.0,1.13,4000.0,6,55.3,0.0,64.3,-2.47,Highway,Low,29.1,1.537,0,90.18,17.34,18.26,downhill_acceleration
V002,2026-08-22T10:21:03,Light Commercial,7,2.8,5921.3,Petrol,19.087119,72.926801,95.0,1.61,4000.0,6,45.3,0.0,63.4,-2.26,Highway,Low,27.2,1.563,0,90.18,17.34,18.26,downhill_acceleration
V002,2026-08-22T10:21:04,Light Commercial,7,2.8,5921.3,Petrol,19.087356,72.926991,95.0,0.93,4000.0,6,58.0,0.0,59.4,-3.15,Highway,Low,28.9,1.59,0,90.17,17.34,18.26,downhill_acceleration
V002,2026-08-22T10:21:05,Light Commercial,7,2.8,5921.3,Petrol,19.087594,72.927181,95.0,1.06,4000.0,6,58.3,0.0,44.2,-3.79,Highway,Low,30.0,1.616,0,90.17,17.34,18.26,downhill_acceleration
V002,2026-08-22T10:21:06,Light Commercial,7,2.8,5921.3,Petrol,19.087831,72.927371,95.0,0.82,4000.0,6,49.2,0.0,60.5,-2.43,Highway,Low,25.8,1.643,0,90.16,17.34,18.26,downhill_acceleration
V002,2026-08-22T10:21:07,Light Commercial,7,2.8,5921.3,Petrol,19.088069,72.927561,95.0,1.19,4000.0,6,52.3,0.0,51.7,-2.54,Highway,Low,27.4,1.669,0,90.16,17.34,18.26,downhill_acceleration
V002,2026-08-22T10:21:08,Light Commercial,7,2.8,5921.3,Petrol,19.088306,72.927751,95.0,1.46,4000.0,6,70.8,0.0,42.1,-3.76,Highway,Low,27.7,1.695,0,90.15,17.34,18.26,downhill_acceleration
V002,2026-08-22T10:21:09,Light Commercial,7,2.8,5921.3,Petrol,19.088544,72.927941,95.0,1.22,4000.0,6,60.2,0.0,60.0,-3.58,Highway,Low,26.8,1.722,0,90.15,17.34,18.26,downhill_acceleration
V002,2026-08-22T10:21:10,Light Commercial,7,2.8,5921.3,Petrol,19.088781,72.928131,95.0,0.71,4000.0,6,60.8,0.0,49.4,-3.16,Highway,Low,28.8,1.748,0,90.14,17.34,18.26,downhill_acceleration
V002,2026-08-22T10:21:11,Light Commercial,7,2.8,5921.3,Petrol,19.089019,72.928321,95.0,1.76,4000.0,6,62.8,0.0,57.7,-3.71,Highway,Low,27.3,1.775,0,90.14,17.34,18.26,downhill_acceleration
V002,2026-08-22T10:21:12,Light Commercial,7,2.8,5921.3,Petrol,19.089256,72.928511,95.0,1.52,4000.0,6,48.8,0.0,40.8,-3.65,Highway,Low,31.3,1.801,0,90.13,17.34,18.26,downhill_acceleration
V002,2026-08-22T10:21:13,Light Commercial,7,2.8,5921.3,Petrol,19.089494,72.928701,95.0,1.19,4000.0,6,50.6,0.0,57.0,-4.21,Highway,Low,28.0,1.827,0,90.13,17.34,18.26,downhill_acceleration
V002,2026-08-22T10:21:14,Light Commercial,7,2.8,5921.3,Petrol,19.089731,72.928891,95.0,0.79,4000.0,6,62.8,0.0,51.1,-3.96,Highway,Low,27.6,1.854,0,90.12,17.34,18.26,downhill_acceleration
V002,2026-08-22T10:21:15,Light Commercial,7,2.8,5921.3,Petrol,19.089969,72.929081,95.0,0.62,4000.0,6,48.6,0.0,62.3,-2.28,Highway,Low,25.8,1.88,0,90.12,17.34,18.26,downhill_acceleration
V002,2026-08-22T10:21:16,Light Commercial,7,2.8,5921.3,Petrol,19.090206,72.929271,95.0,0.94,4000.0,6,67.2,0.0,41.6,-2.56,Highway,Low,26.3,1.906,0,90.12,17.34,18.26,downhill_acceleration
V002,2026-08-22T10:21:17,Light Commercial,7,2.8,5921.3,Petrol,19.090444,72.929461,95.0,1.76,4000.0,6,70.6,0.0,42.5,-2.27,Highway,Low,28.7,1.933,0,90.11,17.34,18.26,downhill_acceleration
V002,2026-08-22T10:21:18,Light Commercial,7,2.8,5921.3,Petrol,19.090681,72.929651,95.0,1.43,4000.0,6,55.8,0.0,48.8,-3.7,Highway,Low,28.8,1.959,0,90.11,17.34,18.26,downhill_acceleration
V002,2026-08-22T10:21:19,Light Commercial,7,2.8,5921.3,Petrol,19.090919,72.929841,95.0,1.2,4000.0,6,48.9,0.0,57.7,-3.91,Highway,Low,28.6,1.986,0,90.1,17.34,18.26,downhill_acceleration
V002,2026-08-22T10:21:20,Light Commercial,7,2.8,5921.3,Petrol,19.091156,72.930031,95.0,0.92,4000.0,6,62.6,0.0,40.0,-3.8,Highway,Low,26.6,2.012,0,90.1,17.34,18.26,downhill_acceleration
V002,2026-08-22T10:21:21,Light Commercial,7,2.8,5921.3,Petrol,19.091394,72.930221,95.0,1.64,4000.0,6,59.8,0.0,63.3,-4.16,Highway,Low,28.5,2.038,0,90.09,17.34,18.26,downhill_acceleration
V002,2026-08-22T10:21:22,Light Commercial,7,2.8,5921.3,Petrol,19.091631,72.930411,95.0,1.49,4000.0,6,65.1,0.0,46.2,-2.37,Highway,Low,27.3,2.065,0,90.09,17.34,18.26,downhill_acceleration
V002,2026-08-22T10:21:23,Light Commercial,7,2.8,5921.3,Petrol,19.091869,72.930601,95.0,1.16,4000.0,6,51.9,0.0,48.7,-2.32,Highway,Low,28.8,2.091,0,90.08,17.34,18.26,downhill_acceleration
V002,2026-08-22T10:21:24,Light Commercial,7,2.8,5921.3,Petrol,19.092106,72.930791,95.0,0.95,4000.0,6,49.9,0.0,40.2,-2.76,Highway,Low,26.1,2.118,0,90.08,17.34,18.26,downhill_acceleration
V002,2026-08-22T10:21:25,Light Commercial,7,2.8,5921.3,Petrol,19.092344,72.930981,95.0,1.49,4000.0,6,64.0,0.0,55.5,-2.93,Highway,Low,26.1,2.144,0,90.07,17.34,18.26,downhill_acceleration
V002,2026-08-22T10:21:26,Light Commercial,7,2.8,5921.3,Petrol,19.092581,72.931171,95.0,0.99,4000.0,6,56.1,0.0,62.0,-2.49,Highway,Low,30.1,2.17,0,90.07,17.34,18.26,downhill_acceleration
V002,2026-08-22T10:21:27,Light Commercial,7,2.8,5921.3,Petrol,19.092819,72.931361,95.0,1.19,4000.0,6,71.7,0.0,54.2,-3.8,Highway,Low,29.5,2.197,0,90.06,17.34,18.26,downhill_acceleration
V002,2026-08-22T10:21:28,Light Commercial,7,2.8,5921.3,Petrol,19.093056,72.931551,95.0,1.57,4000.0,6,51.1,0.0,46.9,-3.68,Highway,Low,28.3,2.223,0,90.06,17.34,18.26,downhill_acceleration
V002,2026-08-22T10:21:29,Light Commercial,7,2.8,5921.3,Petrol,19.093294,72.931741,95.0,1.71,4000.0,6,52.2,0.0,48.7,-4.31,Highway,Low,30.2,2.25,0,90.05,17.34,18.26,downhill_acceleration
V002,2026-08-22T10:21:30,Light Commercial,7,2.8,5921.3,Petrol,19.093531,72.931931,95.0,0.91,4000.0,6,47.3,0.0,52.4,-3.62,Highway,Low,28.5,2.276,0,90.05,17.34,18.26,downhill_acceleration
V002,2026-08-22T10:21:31,Light Commercial,7,2.8,5921.3,Petrol,19.093769,72.932121,95.0,0.68,4000.0,6,70.9,0.0,50.7,-2.5,Highway,Low,30.7,2.302,0,90.04,17.34,18.26,downhill_acceleration
V002,2026-08-22T10:21:32,Light Commercial,7,2.8,5921.3,Petrol,19.094006,72.932311,95.0,1.72,4000.0,6,46.7,0.0,54.7,-4.14,Highway,Low,26.5,2.329,0,90.04,17.34,18.26,downhill_acceleration
V002,2026-08-22T10:21:33,Light Commercial,7,2.8,5921.3,Petrol,19.094244,72.932501,95.0,1.79,4000.0,6,45.7,0.0,61.7,-4.16,Highway,Low,30.3,2.355,0,90.03,17.34,18.26,downhill_acceleration
V002,2026-08-22T10:21:34,Light Commercial,7,2.8,5921.3,Petrol,19.094481,72.932691,95.0,1.1,4000.0,6,45.5,0.0,59.0,-3.68,Highway,Low,26.9,2.381,0,90.03,17.34,18.26,downhill_acceleration
V002,2026-08-22T10:21:35,Light Commercial,7,2.8,5921.3,Petrol,19.094719,72.932881,95.0,1.6,4000.0,6,63.1,0.0,44.2,-3.89,Highway,Low,29.0,2.408,0,90.02,17.34,18.26,downhill_acceleration
V002,2026-08-22T10:21:36,Light Commercial,7,2.8,5921.3,Petrol,19.094956,72.933071,95.0,1.08,4000.0,6,49.8,0.0,44.6,-2.34,Highway,Low,29.0,2.434,0,90.02,17.34,18.26,downhill_acceleration
V002,2026-08-22T10:21:37,Light Commercial,7,2.8,5921.3,Petrol,19.095194,72.933261,95.0,0.88,4000.0,6,49.3,0.0,49.0,-4.46,Highway,Low,28.1,2.461,0,90.01,17.34,18.26,downhill_acceleration
V002,2026-08-22T10:21:38,Light Commercial,7,2.8,5921.3,Petrol,19.095431,72.933451,95.0,0.72,4000.0,6,47.6,0.0,55.5,-2.45,Highway,Low,24.4,2.487,0,90.01,17.34,18.26,downhill_acceleration
V002,2026-08-22T10:21:39,Light Commercial,7,2.8,5921.3,Petrol,19.095669,72.933641,95.0,1.49,4000.0,6,53.2,0.0,63.1,-3.34,Highway,Low,30.9,2.513,0,90.0,17.34,18.26,downhill_acceleration
V002,2026-08-22T10:21:40,Light Commercial,7,2.8,5921.3,Petrol,19.095906,72.933831,95.0,1.61,4000.0,6,60.2,0.0,59.4,-2.23,Highway,Low,30.1,2.54,0,90.0,17.34,18.26,downhill_acceleration
V002,2026-08-22T10:21:41,Light Commercial,7,2.8,5921.3,Petrol,19.096144,72.934021,95.0,1.01,4000.0,6,46.1,0.0,49.0,-3.98,Highway,Low,26.9,2.566,0,89.99,17.34,18.26,downhill_acceleration
V002,2026-08-22T10:21:42,Light Commercial,7,2.8,5921.3,Petrol,19.096381,72.934211,95.0,1.12,4000.0,6,55.7,0.0,52.9,-3.02,Highway,Low,27.2,2.593,0,89.99,17.34,18.26,downhill_acceleration
V002,2026-08-22T10:21:43,Light Commercial,7,2.8,5921.3,Petrol,19.096619,72.934401,95.0,0.9,4000.0,6,65.0,0.0,51.8,-2.8,Highway,Low,29.1,2.619,0,89.98,17.34,18.26,downhill_acceleration
V002,2026-08-22T10:21:44,Light Commercial,7,2.8,5921.3,Petrol,19.096856,72.934591,95.0,0.77,4000.0,6,59.9,0.0,61.8,-3.2,Highway,Low,28.8,2.645,0,89.98,17.34,18.26,downhill_acceleration
V002,2026-08-22T10:21:45,Light Commercial,7,2.8,5921.3,Petrol,19.097094,72.934781,95.0,1.13,4000.0,6,69.7,0.0,64.3,-2.95,Highway,Low,30.4,2.672,0,89.98,17.34,18.26,downhill_acceleration
V002,2026-08-22T10:21:46,Light Commercial,7,2.8,5921.3,Petrol,19.097331,72.934971,95.0,1.76,4000.0,6,49.2,0.0,64.2,-3.73,Highway,Low,27.5,2.698,0,89.97,17.34,18.26,downhill_acceleration
V002,2026-08-22T10:21:47,Light Commercial,7,2.8,5921.3,Petrol,19.097569,72.935161,95.0,0.98,4000.0,6,58.5,0.0,63.1,-4.09,Highway,Low,28.6,2.725,0,89.97,17.34,18.26,downhill_acceleration
V002,2026-08-22T10:21:48,Light Commercial,7,2.8,5921.3,Petrol,19.097806,72.935351,95.0,1.26,4000.0,6,48.2,0.0,52.5,-3.19,Highway,Low,30.8,2.751,0,89.96,17.34,18.26,downhill_acceleration
V002,2026-08-22T10:21:49,Light Commercial,7,2.8,5921.3,Petrol,19.098044,72.935541,95.0,1.65,4000.0,6,46.9,0.0,46.9,-3.01,Highway,Low,27.2,2.777,0,89.96,17.34,18.26,downhill_acceleration
V002,2026-08-22T10:21:50,Light Commercial,7,2.8,5921.3,Petrol,19.098281,72.935731,95.0,0.77,4000.0,6,73.1,0.0,65.0,-3.09,Highway,Low,26.2,2.804,0,89.95,17.34,18.26,downhill_acceleration
V002,2026-08-22T10:21:51,Light Commercial,7,2.8,5921.3,Petrol,19.098519,72.935921,95.0,1.57,4000.0,6,63.0,0.0,41.8,-3.47,Highway,Low,28.0,2.83,0,89.95,17.34,18.26,downhill_acceleration
V002,2026-08-22T10:21:52,Light Commercial,7,2.8,5921.3,Petrol,19.098756,72.936111,95.0,1.53,4000.0,6,65.6,0.0,53.8,-3.17,Highway,Low,26.2,2.856,0,89.94,17.34,18.26,downhill_acceleration
V002,2026-08-22T10:21:53,Light Commercial,7,2.8,5921.3,Petrol,19.098994,72.936301,95.0,1.3,4000.0,6,74.1,0.0,43.2,-3.92,Highway,Low,29.1,2.883,0,89.94,17.34,18.26,downhill_acceleration
V002,2026-08-22T10:21:54,Light Commercial,7,2.8,5921.3,Petrol,19.099231,72.936491,95.0,1.51,4000.0,6,68.2,0.0,58.5,-3.32,Highway,Low,26.9,2.909,0,89.93,17.34,18.26,downhill_acceleration
V002,2026-08-22T10:21:55,Light Commercial,7,2.8,5921.3,Petrol,19.099469,72.936681,95.0,1.76,4000.0,6,61.2,0.0,62.6,-2.86,Highway,Low,29.8,2.936,0,89.93,17.34,18.26,downhill_acceleration
V002,2026-08-22T10:21:56,Light Commercial,7,2.8,5921.3,Petrol,19.099706,72.936871,95.0,1.64,4000.0,6,47.9,0.0,51.8,-4.42,Highway,Low,29.0,2.962,0,89.92,17.34,18.26,downhill_acceleration
V002,2026-08-22T10:21:57,Light Commercial,7,2.8,5921.3,Petrol,19.099944,72.937061,95.0,0.64,4000.0,6,55.4,0.0,43.6,-3.63,Highway,Low,25.9,2.988,0,89.92,17.34,18.26,downhill_acceleration
V002,2026-08-22T10:21:58,Light Commercial,7,2.8,5921.3,Petrol,19.100181,72.937251,95.0,1.79,4000.0,6,66.1,0.0,58.6,-3.14,Highway,Low,27.9,3.015,0,89.91,17.34,18.26,downhill_acceleration
V002,2026-08-22T10:21:59,Light Commercial,7,2.8,5921.3,Petrol,19.100419,72.937441,95.0,1.04,4000.0,6,54.5,0.0,56.5,-2.76,Highway,Low,29.5,3.041,0,89.91,17.34,18.26,downhill_acceleration
V002,2026-08-22T12:20:00,Light Commercial,7,2.8,4730.7,Petrol,19.035288,72.872389,29.1,0.35,3302.0,5,70.5,0.0,81.8,-0.28,Highway,Low,28.2,0.008,0,74.28,6.93,23.8,inefficient_gear
V002,2026-08-22T12:20:01,Light Commercial,7,2.8,4730.7,Petrol,19.035361,72.872448,29.2,0.02,3312.0,5,67.8,0.0,82.6,-0.97,Highway,Low,29.8,0.016,0,74.28,6.95,23.8,inefficient_gear
V002,2026-08-22T12:20:02,Light Commercial,7,2.8,4730.7,Petrol,19.035435,72.872507,29.5,0.08,1744.0,5,60.7,0.0,81.3,-0.3,Highway,Low,27.0,0.024,0,74.28,7.02,23.8,inefficient_gear
V002,2026-08-22T12:20:03,Light Commercial,7,2.8,4730.7,Petrol,19.035513,72.872569,31.0,0.41,1810.0,5,59.8,0.0,78.0,-0.09,Highway,Low,29.1,0.033,0,74.28,7.38,23.8,inefficient_gear
V002,2026-08-22T12:20:04,Light Commercial,7,2.8,4730.7,Petrol,19.035593,72.872633,31.9,0.26,3275.0,5,76.4,0.0,79.7,0.6,Highway,Low,26.0,0.042,0,74.27,7.6,23.8,inefficient_gear
V002,2026-08-22T12:20:05,Light Commercial,7,2.8,4730.7,Petrol,19.035676,72.8727,33.5,0.42,3304.0,5,63.1,0.0,91.9,-0.71,Highway,Low,27.1,0.051,0,74.27,7.96,23.8,inefficient_gear
V002,2026-08-22T12:20:06,Light Commercial,7,2.8,4730.7,Petrol,19.035762,72.872768,34.1,0.18,1945.0,5,65.0,0.0,85.0,-0.33,Highway,Low,26.9,0.061,0,74.27,8.12,23.8,inefficient_gear
V002,2026-08-22T12:20:07,Light Commercial,7,2.8,4730.7,Petrol,19.035848,72.872837,34.8,0.17,3292.0,5,72.1,0.0,87.5,-1.02,Highway,Low,27.1,0.07,0,74.27,8.27,23.8,inefficient_gear
V002,2026-08-22T12:20:08,Light Commercial,7,2.8,4730.7,Petrol,19.035936,72.872908,35.0,0.08,2005.0,5,58.7,0.0,86.8,0.19,Highway,Low,28.3,0.08,0,74.27,8.34,23.8,inefficient_gear
V002,2026-08-22T12:20:09,Light Commercial,7,2.8,4730.7,Petrol,19.036023,72.872977,34.9,-0.03,1983.0,5,71.4,0.0,89.7,-2.0,Highway,Low,27.8,0.09,0,74.26,8.32,23.8,inefficient_gear
V002,2026-08-22T12:20:10,Light Commercial,7,2.8,4730.7,Petrol,19.036112,72.873048,35.5,0.15,2025.0,5,60.3,0.0,76.5,0.46,Highway,Low,30.5,0.1,0,74.26,8.45,23.8,inefficient_gear
V002,2026-08-22T12:20:11,Light Commercial,7,2.8,4730.7,Petrol,19.0362,72.873119,35.1,-0.11,1956.0,5,65.5,0.0,91.5,-0.0,Highway,Low,28.6,0.109,0,74.26,8.35,23.8,inefficient_gear
V002,2026-08-22T12:20:12,Light Commercial,7,2.8,4730.7,Petrol,19.036291,72.873192,36.6,0.41,2082.0,5,67.1,0.0,81.9,-0.38,Highway,Low,26.9,0.12,0,74.26,8.71,23.8,inefficient_gear
V002,2026-08-22T12:20:13,Light Commercial,7,2.8,4730.7,Petrol,19.036381,72.873263,35.8,-0.22,2019.0,5,78.9,0.0,86.1,1.15,Highway,Low,30.5,0.129,0,74.25,8.52,23.8,inefficient_gear
V002,2026-08-22T12:20:14,Light Commercial,7,2.8,4730.7,Petrol,19.036471,72.873335,36.0,0.05,3298.0,5,58.6,0.0,85.6,0.65,Highway,Low,26.3,0.139,0,74.25,8.56,23.8,inefficient_gear
V002,2026-08-22T12:20:15,Light Commercial,7,2.8,4730.7,Petrol,19.036563,72.873409,37.0,0.29,3334.0,5,62.1,0.0,84.5,-0.21,Highway,Low,28.2,0.15,0,74.25,8.81,23.8,inefficient_gear
V002,2026-08-22T12:20:16,Light Commercial,7,2.8,4730.7,Petrol,19.036655,72.873482,36.5,-0.15,2068.0,5,68.3,0.0,85.6,-0.74,Highway,Low,28.1,0.16,0,74.25,8.68,23.8,inefficient_gear
V002,2026-08-22T12:20:17,Light Commercial,7,2.8,4730.7,Petrol,19.036746,72.873556,36.6,0.03,3262.0,5,69.9,0.0,80.1,0.52,Highway,Low,28.5,0.17,0,74.24,8.71,23.8,inefficient_gear
V002,2026-08-22T12:20:18,Light Commercial,7,2.8,4730.7,Petrol,19.036837,72.873628,36.3,-0.09,1968.0,5,72.3,0.0,78.2,1.01,Highway,Low,28.2,0.18,0,74.24,8.63,23.8,inefficient_gear
V002,2026-08-22T12:20:19,Light Commercial,7,2.8,4730.7,Petrol,19.036929,72.873702,36.8,0.13,3284.0,5,78.7,0.0,82.1,0.35,Highway,Low,28.3,0.19,0,74.24,8.75,23.8,inefficient_gear
V002,2026-08-22T12:20:20,Light Commercial,7,2.8,4730.7,Petrol,19.037023,72.873777,37.6,0.25,3286.0,5,72.3,0.0,77.3,-0.55,Highway,Low,26.8,0.201,0,74.24,8.96,23.8,inefficient_gear
V002,2026-08-22T12:20:21,Light Commercial,7,2.8,4730.7,Petrol,19.037118,72.873853,38.2,0.15,2071.0,5,67.9,0.0,90.0,0.47,Highway,Low,28.2,0.211,0,74.23,9.09,23.8,inefficient_gear
V002,2026-08-22T12:20:22,Light Commercial,7,2.8,4730.7,Petrol,19.037212,72.873928,37.4,-0.22,3298.0,5,76.1,0.0,91.0,-0.85,Highway,Low,28.0,0.222,0,74.23,8.9,23.8,inefficient_gear
V002,2026-08-22T12:20:23,Light Commercial,7,2.8,4730.7,Petrol,19.037306,72.874003,37.6,0.06,2052.0,5,60.4,0.0,79.4,-0.85,Highway,Low,28.8,0.232,0,74.23,8.95,23.8,inefficient_gear
V002,2026-08-22T12:20:24,Light Commercial,7,2.8,4730.7,Petrol,19.037401,72.874079,38.1,0.13,2141.0,5,60.3,0.0,88.9,-0.13,Highway,Low,28.6,0.243,0,74.23,9.06,23.8,inefficient_gear
V002,2026-08-22T12:20:25,Light Commercial,7,2.8,4730.7,Petrol,19.037497,72.874156,38.5,0.1,3288.0,5,73.3,0.0,83.6,-0.19,Highway,Low,29.6,0.254,0,74.22,9.15,23.8,inefficient_gear
V002,2026-08-22T12:20:26,Light Commercial,7,2.8,4730.7,Petrol,19.037593,72.874233,38.4,-0.01,3339.0,5,73.3,0.0,81.1,0.96,Highway,Low,28.9,0.264,0,74.22,9.14,23.8,inefficient_gear
V002,2026-08-22T12:20:27,Light Commercial,7,2.8,4730.7,Petrol,19.03769,72.874311,38.7,0.07,3257.0,5,76.9,0.0,80.9,1.21,Highway,Low,27.9,0.275,0,74.22,9.2,23.8,inefficient_gear
V002,2026-08-22T12:20:28,Light Commercial,7,2.8,4730.7,Petrol,19.037787,72.874388,38.9,0.07,3271.0,5,71.3,0.0,76.8,-0.49,Highway,Low,27.6,0.286,0,74.22,9.26,23.8,inefficient_gear
V002,2026-08-22T12:20:29,Light Commercial,7,2.8,4730.7,Petrol,19.037884,72.874466,38.9,-0.0,2106.0,5,57.5,0.0,90.9,1.56,Highway,Low,28.4,0.297,0,74.21,9.26,23.8,inefficient_gear
V002,2026-08-22T12:20:30,Light Commercial,7,2.8,4730.7,Petrol,19.037984,72.874546,39.8,0.24,2173.0,5,56.8,0.0,80.1,-0.65,Highway,Low,28.7,0.308,0,74.21,9.46,23.8,inefficient_gear
V002,2026-08-22T12:20:31,Light Commercial,7,2.8,4730.7,Petrol,19.038086,72.874627,40.7,0.27,3304.0,2,79.5,0.0,87.7,0.65,Highway,Low,28.2,0.319,0,74.21,9.69,23.8,inefficient_gear
V002,2026-08-22T12:20:32,Light Commercial,7,2.8,4730.7,Petrol,19.038192,72.874712,42.3,0.45,3348.0,2,77.1,0.0,90.4,-0.48,Highway,Low,28.8,0.331,0,74.21,10.08,23.8,inefficient_gear
V002,2026-08-22T12:20:33,Light Commercial,7,2.8,4730.7,Petrol,19.038295,72.874795,41.6,-0.21,3332.0,2,55.3,0.0,85.3,-0.02,Highway,Low,27.4,0.342,0,74.2,9.89,23.8,inefficient_gear
V002,2026-08-22T12:20:34,Light Commercial,7,2.8,4730.7,Petrol,19.038397,72.874876,40.6,-0.28,3310.0,2,63.8,0.0,78.1,0.81,Highway,Low,28.2,0.353,0,74.2,9.65,23.8,inefficient_gear
V002,2026-08-22T12:20:35,Light Commercial,7,2.8,4730.7,Petrol,19.038501,72.87496,41.7,0.31,4000.0,2,78.0,0.0,91.2,-0.38,Highway,Low,31.7,0.365,0,74.2,9.92,23.8,inefficient_gear
V002,2026-08-22T12:20:36,Light Commercial,7,2.8,4730.7,Petrol,19.038607,72.875044,42.2,0.14,3294.0,2,77.3,0.0,88.9,-0.29,Highway,Low,25.5,0.377,0,74.2,10.04,23.8,inefficient_gear
V002,2026-08-22T12:20:37,Light Commercial,7,2.8,4730.7,Petrol,19.038712,72.875128,42.0,-0.07,4000.0,2,74.5,0.0,83.2,1.0,Highway,Low,25.1,0.388,0,74.19,9.98,23.8,inefficient_gear
V002,2026-08-22T12:20:38,Light Commercial,7,2.8,4730.7,Petrol,19.038819,72.875214,42.8,0.24,4000.0,2,79.3,0.0,76.2,-0.37,Highway,Low,29.2,0.4,0,74.19,10.19,23.8,inefficient_gear
V002,2026-08-22T12:20:39,Light Commercial,7,2.8,4730.7,Petrol,19.038925,72.875299,42.7,-0.04,4000.0,2,77.2,0.0,76.2,-0.54,Highway,Low,29.1,0.412,0,74.19,10.16,23.8,inefficient_gear
V002,2026-08-22T12:20:40,Light Commercial,7,2.8,4730.7,Petrol,19.039034,72.875386,43.6,0.25,4000.0,2,71.4,0.0,84.9,-0.73,Highway,Low,28.6,0.424,0,74.18,10.37,23.8,inefficient_gear
V002,2026-08-22T12:20:41,Light Commercial,7,2.8,4730.7,Petrol,19.039145,72.875475,44.3,0.21,3332.0,2,58.7,0.0,86.5,0.59,Highway,Low,29.6,0.437,0,74.18,10.55,23.8,inefficient_gear
V002,2026-08-22T12:20:42,Light Commercial,7,2.8,4730.7,Petrol,19.039256,72.875563,44.2,-0.03,4000.0,2,71.2,0.0,76.9,0.33,Highway,Low,28.5,0.449,0,74.18,10.53,23.8,inefficient_gear
V002,2026-08-22T12:20:43,Light Commercial,7,2.8,4730.7,Petrol,19.039368,72.875653,45.0,0.2,3342.0,2,76.9,0.0,82.4,-0.01,Highway,Low,30.0,0.461,0,74.18,10.7,23.8,inefficient_gear
V002,2026-08-22T12:20:44,Light Commercial,7,2.8,4730.7,Petrol,19.03948,72.875743,44.9,-0.02,4000.0,2,73.6,0.0,78.5,-0.39,Highway,Low,30.0,0.474,0,74.17,10.69,23.8,inefficient_gear
V002,2026-08-22T12:20:45,Light Commercial,7,2.8,4730.7,Petrol,19.03959,72.87583,43.7,-0.33,3295.0,2,62.8,0.0,91.1,-0.28,Highway,Low,27.6,0.486,0,74.17,10.4,23.8,inefficient_gear
V002,2026-08-22T12:20:46,Light Commercial,7,2.8,4730.7,Petrol,19.039701,72.875919,44.5,0.21,4000.0,2,66.6,0.0,76.9,0.02,Highway,Low,28.6,0.498,0,74.17,10.58,23.8,inefficient_gear
V002,2026-08-22T12:20:47,Light Commercial,7,2.8,4730.7,Petrol,19.039813,72.876009,44.8,0.08,4000.0,2,61.3,0.0,86.4,0.67,Highway,Low,26.5,0.511,0,74.16,10.65,23.8,inefficient_gear
V002,2026-08-22T12:20:48,Light Commercial,7,2.8,4730.7,Petrol,19.039927,72.8761,45.7,0.27,3292.0,2,65.6,0.0,75.3,0.47,Highway,Low,27.6,0.524,0,74.16,10.88,23.8,inefficient_gear
V002,2026-08-22T12:20:49,Light Commercial,7,2.8,4730.7,Petrol,19.040045,72.876194,47.0,0.34,4000.0,2,70.7,0.0,83.6,1.01,Highway,Low,28.2,0.537,0,74.16,11.18,23.8,inefficient_gear
V002,2026-08-22T12:20:50,Light Commercial,7,2.8,4730.7,Petrol,19.040161,72.876287,46.5,-0.14,3339.0,2,79.0,0.0,79.8,0.29,Highway,Low,25.7,0.549,0,74.15,11.06,23.8,inefficient_gear
V002,2026-08-22T12:20:51,Light Commercial,7,2.8,4730.7,Petrol,19.040278,72.876381,47.0,0.15,3274.0,2,78.1,0.0,81.8,-0.45,Highway,Low,27.5,0.563,0,74.15,11.19,23.8,inefficient_gear
V002,2026-08-22T12:20:52,Light Commercial,7,2.8,4730.7,Petrol,19.040395,72.876475,46.7,-0.1,4000.0,2,77.7,0.0,82.2,1.39,Highway,Low,30.0,0.575,0,74.15,11.1,23.8,inefficient_gear
V002,2026-08-22T12:20:53,Light Commercial,7,2.8,4730.7,Petrol,19.040512,72.876568,46.7,0.02,3297.0,2,73.7,0.0,87.0,1.05,Highway,Low,29.2,0.588,0,74.14,11.12,23.8,inefficient_gear
V002,2026-08-22T12:20:54,Light Commercial,7,2.8,4730.7,Petrol,19.040628,72.876661,46.6,-0.05,4000.0,2,60.2,0.0,75.5,0.82,Highway,Low,27.9,0.601,0,74.14,11.09,23.8,inefficient_gear
V002,2026-08-22T12:20:55,Light Commercial,7,2.8,4730.7,Petrol,19.040742,72.876753,45.6,-0.26,3279.0,2,77.5,0.0,85.8,-0.87,Highway,Low,25.7,0.614,0,74.14,10.86,23.8,inefficient_gear
V002,2026-08-22T12:20:56,Light Commercial,7,2.8,4730.7,Petrol,19.040859,72.876846,46.6,0.27,4000.0,2,77.3,0.0,91.8,-0.94,Highway,Low,29.8,0.627,0,74.14,11.09,23.8,inefficient_gear
V002,2026-08-22T12:20:57,Light Commercial,7,2.8,4730.7,Petrol,19.040979,72.876942,48.0,0.38,3334.0,2,70.3,0.0,77.2,0.41,Highway,Low,27.7,0.64,0,74.13,11.42,23.8,inefficient_gear
V002,2026-08-22T12:20:58,Light Commercial,7,2.8,4730.7,Petrol,19.0411,72.877039,48.5,0.14,4000.0,2,63.1,0.0,86.9,-0.03,Highway,Low,26.5,0.654,0,74.13,11.53,23.8,inefficient_gear
V002,2026-08-22T12:20:59,Light Commercial,7,2.8,4730.7,Petrol,19.04122,72.877135,48.0,-0.13,4000.0,2,74.4,0.0,82.3,-0.58,Highway,Low,27.4,0.667,0,74.13,11.42,23.8,inefficient_gear
V002,2026-08-22T12:21:00,Light Commercial,7,2.8,4730.7,Petrol,19.04134,72.877231,47.9,-0.01,4000.0,2,66.8,0.0,81.9,-0.47,Highway,Low,27.6,0.68,0,74.12,11.41,23.8,inefficient_gear
V002,2026-08-22T12:21:01,Light Commercial,7,2.8,4730.7,Petrol,19.041461,72.877328,48.6,0.18,4000.0,2,72.9,0.0,82.5,1.01,Highway,Low,29.5,0.694,0,74.12,11.56,23.8,inefficient_gear
V002,2026-08-22T12:21:02,Light Commercial,7,2.8,4730.7,Petrol,19.041583,72.877425,48.8,0.06,4000.0,2,69.0,0.0,81.1,0.14,Highway,Low,26.6,0.708,0,74.12,11.62,23.8,inefficient_gear
V002,2026-08-22T12:21:03,Light Commercial,7,2.8,4730.7,Petrol,19.041704,72.877522,48.3,-0.16,4000.0,2,74.0,0.0,76.8,-1.14,Highway,Low,29.4,0.721,0,74.11,11.48,23.8,inefficient_gear
V002,2026-08-22T12:21:04,Light Commercial,7,2.8,4730.7,Petrol,19.041823,72.877617,47.6,-0.18,3247.0,2,77.7,0.0,89.3,0.08,Highway,Low,26.7,0.734,0,74.11,11.32,23.8,inefficient_gear
V002,2026-08-22T12:21:05,Light Commercial,7,2.8,4730.7,Petrol,19.041944,72.877714,48.6,0.28,4000.0,2,69.9,0.0,90.5,-0.43,Highway,Low,27.0,0.748,0,74.11,11.57,23.8,inefficient_gear
V002,2026-08-22T12:21:06,Light Commercial,7,2.8,4730.7,Petrol,19.042066,72.877811,48.6,0.0,3268.0,2,76.2,0.0,88.6,-0.05,Highway,Low,27.6,0.761,0,74.1,11.57,23.8,inefficient_gear
V002,2026-08-22T12:21:07,Light Commercial,7,2.8,4730.7,Petrol,19.042186,72.877908,48.2,-0.13,3329.0,2,62.9,0.0,83.8,-0.58,Highway,Low,29.0,0.775,0,74.1,11.46,23.8,inefficient_gear
V002,2026-08-22T12:21:08,Light Commercial,7,2.8,4730.7,Petrol,19.042307,72.878004,48.1,-0.01,4000.0,2,78.3,0.0,88.6,1.56,Highway,Low,26.4,0.788,0,74.1,11.45,23.8,inefficient_gear
V002,2026-08-22T12:21:09,Light Commercial,7,2.8,4730.7,Petrol,19.042426,72.878099,47.7,-0.12,3320.0,2,67.7,0.0,89.3,-0.21,Highway,Low,27.3,0.801,0,74.09,11.34,23.8,inefficient_gear
V002,2026-08-22T12:21:10,Light Commercial,7,2.8,4730.7,Petrol,19.042546,72.878195,48.0,0.1,4000.0,2,69.3,0.0,83.6,0.16,Highway,Low,25.5,0.814,0,74.09,11.43,23.8,inefficient_gear
V002,2026-08-22T12:21:11,Light Commercial,7,2.8,4730.7,Petrol,19.042666,72.878291,47.9,-0.03,4000.0,2,69.9,0.0,80.5,0.28,Highway,Low,29.4,0.828,0,74.09,11.41,23.8,inefficient_gear
V002,2026-08-22T12:21:12,Light Commercial,7,2.8,4730.7,Petrol,19.042785,72.878387,47.8,-0.05,4000.0,2,72.7,0.0,88.5,1.36,Highway,Low,28.5,0.841,0,74.08,11.37,23.8,inefficient_gear
V002,2026-08-22T12:21:13,Light Commercial,7,2.8,4730.7,Petrol,19.042904,72.878482,47.6,-0.03,4000.0,2,75.9,0.0,90.8,-0.27,Highway,Low,27.2,0.854,0,74.08,11.34,23.8,inefficient_gear
V002,2026-08-22T12:21:14,Light Commercial,7,2.8,4730.7,Petrol,19.043023,72.878577,47.4,-0.06,3352.0,2,59.4,0.0,81.3,0.92,Highway,Low,27.1,0.867,0,74.08,11.29,23.8,inefficient_gear
V002,2026-08-22T12:21:15,Light Commercial,7,2.8,4730.7,Petrol,19.043142,72.878672,47.5,0.02,4000.0,2,62.0,0.0,82.1,0.47,Highway,Low,27.5,0.881,0,74.08,11.31,23.8,inefficient_gear
V002,2026-08-22T12:21:16,Light Commercial,7,2.8,4730.7,Petrol,19.043262,72.878768,48.2,0.19,3293.0,2,68.8,0.0,81.5,-0.01,Highway,Low,29.0,0.894,0,74.07,11.47,23.8,inefficient_gear
V002,2026-08-22T12:21:17,Light Commercial,7,2.8,4730.7,Petrol,19.043384,72.878866,48.7,0.14,3316.0,2,63.3,0.0,86.7,0.95,Highway,Low,30.7,0.908,0,74.07,11.59,23.8,inefficient_gear
V002,2026-08-22T12:21:18,Light Commercial,7,2.8,4730.7,Petrol,19.043508,72.878965,49.8,0.31,4000.0,2,63.4,0.0,76.2,0.49,Highway,Low,26.1,0.921,0,74.07,11.85,23.8,inefficient_gear
V002,2026-08-22T12:21:19,Light Commercial,7,2.8,4730.7,Petrol,19.043632,72.879064,49.3,-0.15,4000.0,2,63.9,0.0,85.6,0.49,Highway,Low,30.0,0.935,0,74.06,11.72,23.8,inefficient_gear
V002,2026-08-22T12:21:20,Light Commercial,7,2.8,4730.7,Petrol,19.043756,72.879163,49.7,0.12,3299.0,2,58.9,0.0,84.2,1.28,Highway,Low,26.5,0.949,0,74.06,11.82,23.8,inefficient_gear
V002,2026-08-22T12:21:21,Light Commercial,7,2.8,4730.7,Petrol,19.043884,72.879266,51.3,0.46,3330.0,2,64.2,0.0,88.8,-1.48,Highway,Low,26.6,0.963,0,74.06,12.21,23.8,inefficient_gear
V002,2026-08-22T12:21:22,Light Commercial,7,2.8,4730.7,Petrol,19.044009,72.879366,50.1,-0.33,4000.0,2,55.3,0.0,87.4,-1.1,Highway,Low,30.8,0.977,0,74.05,11.93,23.8,inefficient_gear
V002,2026-08-22T12:21:23,Light Commercial,7,2.8,4730.7,Petrol,19.044137,72.879468,51.1,0.28,4000.0,2,72.7,0.0,84.5,-0.75,Highway,Low,28.4,0.991,0,74.05,12.17,23.8,inefficient_gear
V002,2026-08-22T12:21:24,Light Commercial,7,2.8,4730.7,Petrol,19.04427,72.879575,53.0,0.53,4000.0,2,69.2,0.0,83.4,-0.16,Highway,Low,28.3,1.006,0,74.05,12.62,23.8,inefficient_gear
V002,2026-08-22T12:21:25,Light Commercial,7,2.8,4730.7,Petrol,19.044402,72.87968,52.8,-0.05,4000.0,2,79.1,0.0,81.7,-0.8,Highway,Low,27.0,1.021,0,74.04,12.58,23.8,inefficient_gear
V002,2026-08-22T12:21:26,Light Commercial,7,2.8,4730.7,Petrol,19.044534,72.879786,52.7,-0.03,3305.0,2,76.9,0.0,80.3,-0.34,Highway,Low,28.6,1.035,0,74.04,12.55,23.8,inefficient_gear
V002,2026-08-22T12:21:27,Light Commercial,7,2.8,4730.7,Petrol,19.04467,72.879895,54.4,0.47,3305.0,2,68.4,0.0,82.3,1.53,Highway,Low,26.9,1.05,0,74.03,12.95,23.8,inefficient_gear
V002,2026-08-22T12:21:28,Light Commercial,7,2.8,4730.7,Petrol,19.044807,72.880004,54.7,0.08,3295.0,2,56.4,0.0,91.1,1.07,Highway,Low,28.7,1.066,0,74.03,13.02,23.8,inefficient_gear
V002,2026-08-22T12:21:29,Light Commercial,7,2.8,4730.7,Petrol,19.044942,72.880112,54.0,-0.2,4000.0,2,73.2,0.0,81.9,0.78,Highway,Low,30.7,1.081,0,74.03,12.85,23.8,inefficient_gear
V002,2026-08-22T12:21:30,Light Commercial,7,2.8,4730.7,Petrol,19.045074,72.880218,52.8,-0.33,3275.0,2,56.6,0.0,86.9,0.76,Highway,Low,29.1,1.095,0,74.02,12.57,23.8,inefficient_gear
V002,2026-08-22T12:21:31,Light Commercial,7,2.8,4730.7,Petrol,19.045211,72.880327,54.7,0.53,4000.0,2,71.2,0.0,92.0,0.9,Highway,Low,29.6,1.111,0,74.02,13.03,23.8,inefficient_gear
V002,2026-08-22T12:21:32,Light Commercial,7,2.8,4730.7,Petrol,19.045348,72.880437,55.1,0.1,3318.0,2,58.2,0.0,78.9,-0.06,Highway,Low,28.2,1.126,0,74.02,13.11,23.8,inefficient_gear
V002,2026-08-22T12:21:33,Light Commercial,7,2.8,4730.7,Petrol,19.045485,72.880547,54.6,-0.15,3334.0,2,62.6,0.0,77.7,0.41,Highway,Low,29.2,1.141,0,74.01,12.99,23.8,inefficient_gear
V002,2026-08-22T12:21:34,Light Commercial,7,2.8,4730.7,Petrol,19.045623,72.880657,55.4,0.22,3265.0,2,68.4,0.0,91.5,-0.19,Highway,Low,28.4,1.156,0,74.01,13.17,23.8,inefficient_gear
V002,2026-08-22T12:21:35,Light Commercial,7,2.8,4730.7,Petrol,19.045765,72.88077,56.6,0.33,4000.0,2,64.6,0.0,82.0,-1.15,Highway,Low,28.0,1.172,0,74.01,13.46,23.8,inefficient_gear
V002,2026-08-22T12:21:36,Light Commercial,7,2.8,4730.7,Petrol,19.04591,72.880887,58.1,0.42,4000.0,2,77.0,0.0,77.4,-0.94,Highway,Low,26.6,1.188,0,74.0,13.82,23.8,inefficient_gear
V002,2026-08-22T12:21:37,Light Commercial,7,2.8,4730.7,Petrol,19.046053,72.881001,57.4,-0.19,3298.0,2,76.5,0.0,80.2,-0.28,Highway,Low,26.8,1.204,0,74.0,13.66,23.8,inefficient_gear
V002,2026-08-22T12:21:38,Light Commercial,7,2.8,4730.7,Petrol,19.046198,72.881117,58.0,0.17,4000.0,2,61.8,0.0,82.4,-0.29,Highway,Low,28.1,1.22,0,73.99,13.81,23.8,inefficient_gear
V002,2026-08-22T12:21:39,Light Commercial,7,2.8,4730.7,Petrol,19.046344,72.881234,58.3,0.08,4000.0,2,62.1,0.0,87.7,-0.19,Highway,Low,30.4,1.237,0,73.99,13.88,23.8,inefficient_gear
V002,2026-08-22T12:21:40,Light Commercial,7,2.8,4730.7,Petrol,19.04649,72.881351,58.4,0.03,3324.0,2,61.7,0.0,91.5,-0.06,Highway,Low,28.1,1.253,0,73.99,13.9,23.8,inefficient_gear
V002,2026-08-22T12:21:41,Light Commercial,7,2.8,4730.7,Petrol,19.046634,72.881466,57.4,-0.28,3331.0,2,70.8,0.0,84.3,0.22,Highway,Low,29.5,1.269,0,73.98,13.67,23.8,inefficient_gear
V002,2026-08-22T12:21:42,Light Commercial,7,2.8,4730.7,Petrol,19.046776,72.88158,57.1,-0.1,4000.0,2,62.7,0.0,85.2,0.1,Highway,Low,29.3,1.285,0,73.98,13.58,23.8,inefficient_gear
V002,2026-08-22T12:21:43,Light Commercial,7,2.8,4730.7,Petrol,19.046917,72.881692,56.2,-0.25,4000.0,2,60.1,0.0,80.4,-0.96,Highway,Low,29.2,1.3,0,73.98,13.37,23.8,inefficient_gear
V002,2026-08-22T12:21:44,Light Commercial,7,2.8,4730.7,Petrol,19.047059,72.881806,56.7,0.13,4000.0,2,55.0,0.0,90.9,-0.23,Highway,Low,30.6,1.316,0,73.97,13.49,23.8,inefficient_gear
V002,2026-08-22T12:21:45,Light Commercial,7,2.8,4730.7,Petrol,19.047202,72.88192,57.2,0.13,3285.0,2,58.3,0.0,88.1,-0.76,Highway,Low,25.3,1.332,0,73.97,13.6,23.8,inefficient_gear
V002,2026-08-22T12:21:46,Light Commercial,7,2.8,4730.7,Petrol,19.047344,72.882034,57.2,-0.0,3281.0,2,79.9,0.0,83.5,-1.16,Highway,Low,27.8,1.348,0,73.96,13.6,23.8,inefficient_gear
V002,2026-08-22T12:21:47,Light Commercial,7,2.8,4730.7,Petrol,19.047487,72.882148,56.9,-0.06,4000.0,2,79.6,0.0,76.8,0.26,Highway,Low,27.0,1.363,0,73.96,13.55,23.8,inefficient_gear
V002,2026-08-22T12:21:48,Light Commercial,7,2.8,4730.7,Petrol,19.047633,72.882265,58.4,0.4,3306.0,2,72.4,0.0,86.2,0.83,Highway,Low,27.0,1.38,0,73.96,13.9,23.8,inefficient_gear
V002,2026-08-22T12:21:49,Light Commercial,7,2.8,4730.7,Petrol,19.047778,72.882381,58.2,-0.06,4000.0,2,79.7,0.0,83.9,0.12,Highway,Low,25.7,1.396,0,73.95,13.84,23.8,inefficient_gear
V002,2026-08-22T12:21:50,Light Commercial,7,2.8,4730.7,Petrol,19.047925,72.882498,58.6,0.11,3285.0,2,68.1,0.0,82.2,0.21,Highway,Low,29.0,1.412,0,73.95,13.94,23.8,inefficient_gear
V002,2026-08-22T12:21:51,Light Commercial,7,2.8,4730.7,Petrol,19.04807,72.882615,58.1,-0.13,4000.0,2,65.5,0.0,88.0,-0.09,Highway,Low,26.4,1.428,0,73.94,13.83,23.8,inefficient_gear
V002,2026-08-22T12:21:52,Light Commercial,7,2.8,4730.7,Petrol,19.048214,72.88273,57.5,-0.17,4000.0,2,67.4,0.0,80.5,1.47,Highway,Low,26.2,1.444,0,73.94,13.68,23.8,inefficient_gear
V002,2026-08-22T12:21:53,Light Commercial,7,2.8,4730.7,Petrol,19.048357,72.882844,57.1,-0.11,4000.0,2,61.3,0.0,80.3,-1.24,Highway,Low,27.0,1.46,0,73.94,13.59,23.8,inefficient_gear
V002,2026-08-22T12:21:54,Light Commercial,7,2.8,4730.7,Petrol,19.0485,72.882958,57.3,0.05,4000.0,2,62.2,0.0,84.1,-0.51,Highway,Low,27.9,1.476,0,73.93,13.63,23.8,inefficient_gear
V002,2026-08-22T12:21:55,Light Commercial,7,2.8,4730.7,Petrol,19.048645,72.883074,58.0,0.21,3296.0,2,65.5,0.0,79.8,-0.22,Highway,Low,28.4,1.492,0,73.93,13.81,23.8,inefficient_gear
V002,2026-08-22T12:21:56,Light Commercial,7,2.8,4730.7,Petrol,19.048785,72.883187,56.1,-0.53,3328.0,2,67.3,0.0,87.8,-1.61,Highway,Low,29.6,1.508,0,73.93,13.36,23.8,inefficient_gear
V002,2026-08-22T12:21:57,Light Commercial,7,2.8,4730.7,Petrol,19.04893,72.883303,58.1,0.54,4000.0,2,68.1,0.0,80.7,1.07,Highway,Low,30.7,1.524,0,73.92,13.82,23.8,inefficient_gear
V002,2026-08-22T12:21:58,Light Commercial,7,2.8,4730.7,Petrol,19.049076,72.88342,58.4,0.08,3285.0,2,78.2,0.0,77.1,-0.53,Highway,Low,25.2,1.54,0,73.92,13.89,23.8,inefficient_gear
V002,2026-08-22T12:21:59,Light Commercial,7,2.8,4730.7,Petrol,19.049223,72.883537,58.6,0.07,3321.0,2,70.6,0.0,82.7,-0.18,Highway,Low,28.8,1.556,0,73.91,13.95,23.8,inefficient_gear
V002,2026-08-22T14:20:00,Light Commercial,7,2.8,4179.9,Petrol,19.066753,72.874562,0.0,0.0,1004.0,0,0.0,38.0,13.1,-2.34,Urban,Medium,26.6,0.0,1,41.84,1.31,99.9,excessive_idling
V002,2026-08-22T14:20:01,Light Commercial,7,2.8,4179.9,Petrol,19.066753,72.874562,0.0,0.0,1010.0,0,0.0,34.6,15.4,0.01,Urban,Medium,27.4,0.0,2,41.84,1.29,99.9,excessive_idling
V002,2026-08-22T14:20:02,Light Commercial,7,2.8,4179.9,Petrol,19.066753,72.874562,0.0,0.0,979.0,0,0.0,30.3,14.9,-0.25,Urban,Medium,28.4,0.0,3,41.84,1.19,99.9,excessive_idling
V002,2026-08-22T14:20:03,Light Commercial,7,2.8,4179.9,Petrol,19.066753,72.874562,0.0,0.0,979.0,0,0.0,56.0,12.6,0.74,Urban,Medium,29.5,0.0,4,41.84,1.27,99.9,excessive_idling
V002,2026-08-22T14:20:04,Light Commercial,7,2.8,4179.9,Petrol,19.066753,72.874562,0.0,0.0,977.0,0,0.0,51.5,13.5,0.12,Urban,Medium,25.6,0.0,5,41.84,1.39,99.9,excessive_idling
V002,2026-08-22T14:20:05,Light Commercial,7,2.8,4179.9,Petrol,19.066753,72.874562,0.0,0.0,957.0,0,0.0,52.4,14.1,-1.09,Urban,Medium,29.2,0.0,6,41.84,1.27,99.9,excessive_idling
V002,2026-08-22T14:20:06,Light Commercial,7,2.8,4179.9,Petrol,19.066753,72.874562,0.0,0.0,1001.0,0,0.0,59.2,12.4,0.83,Urban,Medium,27.8,0.0,7,41.84,1.36,99.9,excessive_idling
V002,2026-08-22T14:20:07,Light Commercial,7,2.8,4179.9,Petrol,19.066753,72.874562,0.0,0.0,1015.0,0,0.0,54.8,14.9,2.43,Urban,Medium,29.9,0.0,8,41.83,1.25,99.9,excessive_idling
V002,2026-08-22T14:20:08,Light Commercial,7,2.8,4179.9,Petrol,19.066753,72.874562,0.0,0.0,966.0,0,0.0,57.2,16.0,0.34,Urban,Medium,28.2,0.0,9,41.83,1.28,99.9,excessive_idling
V002,2026-08-22T14:20:09,Light Commercial,7,2.8,4179.9,Petrol,19.066753,72.874562,0.0,0.0,966.0,0,0.0,38.3,12.9,-0.28,Urban,Medium,28.9,0.0,10,41.83,1.24,99.9,excessive_idling
V002,2026-08-22T14:20:10,Light Commercial,7,2.8,4179.9,Petrol,19.066753,72.874562,0.0,0.0,970.0,0,0.0,37.7,17.0,-0.66,Urban,Medium,27.9,0.0,11,41.83,1.27,99.9,excessive_idling
V002,2026-08-22T14:20:11,Light Commercial,7,2.8,4179.9,Petrol,19.066753,72.874562,0.0,0.0,977.0,0,0.0,58.8,15.0,-0.65,Urban,Medium,26.7,0.0,12,41.83,1.29,99.9,excessive_idling
V002,2026-08-22T14:20:12,Light Commercial,7,2.8,4179.9,Petrol,19.066753,72.874562,0.0,0.0,978.0,0,0.0,48.0,16.3,-0.14,Urban,Medium,30.3,0.0,13,41.83,1.28,99.9,excessive_idling
V002,2026-08-22T14:20:13,Light Commercial,7,2.8,4179.9,Petrol,19.066753,72.874562,0.0,0.0,998.0,0,0.0,55.7,16.3,-1.03,Urban,Medium,27.1,0.0,14,41.83,1.31,99.9,excessive_idling
V002,2026-08-22T14:20:14,Light Commercial,7,2.8,4179.9,Petrol,19.066753,72.874562,0.0,0.0,983.0,0,0.0,42.0,16.9,-1.67,Urban,Medium,29.6,0.0,15,41.83,1.31,99.9,excessive_idling
V002,2026-08-22T14:20:15,Light Commercial,7,2.8,4179.9,Petrol,19.066753,72.874562,0.0,0.0,983.0,0,0.0,46.2,14.2,1.11,Urban,Medium,30.2,0.0,16,41.83,1.31,99.9,excessive_idling
V002,2026-08-22T14:20:16,Light Commercial,7,2.8,4179.9,Petrol,19.066753,72.874562,0.0,0.0,992.0,0,0.0,41.3,13.4,-0.19,Urban,Medium,30.1,0.0,17,41.83,1.19,99.9,excessive_idling
V002,2026-08-22T14:20:17,Light Commercial,7,2.8,4179.9,Petrol,19.066753,72.874562,0.0,0.0,993.0,0,0.0,56.7,15.6,-1.63,Urban,Medium,27.3,0.0,18,41.83,1.34,99.9,excessive_idling
V002,2026-08-22T14:20:18,Light Commercial,7,2.8,4179.9,Petrol,19.066753,72.874562,0.0,0.0,958.0,0,0.0,49.3,13.4,1.29,Urban,Medium,29.4,0.0,19,41.83,1.29,99.9,excessive_idling
V002,2026-08-22T14:20:19,Light Commercial,7,2.8,4179.9,Petrol,19.066753,72.874562,0.0,0.0,1001.0,0,0.0,48.8,14.0,0.97,Urban,Medium,26.9,0.0,20,41.83,1.33,99.9,excessive_idling
V002,2026-08-22T14:20:20,Light Commercial,7,2.8,4179.9,Petrol,19.066753,72.874562,0.0,0.0,961.0,0,0.0,45.8,16.6,-2.02,Urban,Medium,29.6,0.0,21,41.83,1.23,99.9,excessive_idling
V002,2026-08-22T14:20:21,Light Commercial,7,2.8,4179.9,Petrol,19.066753,72.874562,0.0,0.0,980.0,0,0.0,36.3,17.1,0.37,Urban,Medium,25.4,0.0,22,41.83,1.27,99.9,excessive_idling
V002,2026-08-22T14:20:22,Light Commercial,7,2.8,4179.9,Petrol,19.066753,72.874562,0.0,0.0,989.0,0,0.0,34.2,13.7,-1.04,Urban,Medium,29.4,0.0,23,41.83,1.3,99.9,excessive_idling
V002,2026-08-22T14:20:23,Light Commercial,7,2.8,4179.9,Petrol,19.066753,72.874562,0.0,0.0,975.0,0,0.0,54.3,13.4,0.1,Urban,Medium,30.1,0.0,24,41.83,1.25,99.9,excessive_idling
V002,2026-08-22T14:20:24,Light Commercial,7,2.8,4179.9,Petrol,19.066753,72.874562,0.0,0.0,954.0,0,0.0,50.9,17.0,0.78,Urban,Medium,25.8,0.0,25,41.83,1.27,99.9,excessive_idling
V002,2026-08-22T14:20:25,Light Commercial,7,2.8,4179.9,Petrol,19.066753,72.874562,0.0,0.0,988.0,0,0.0,36.6,14.7,2.23,Urban,Medium,28.0,0.0,26,41.83,1.38,99.9,excessive_idling
V002,2026-08-22T14:20:26,Light Commercial,7,2.8,4179.9,Petrol,19.066753,72.874562,0.0,0.0,982.0,0,0.0,52.2,13.3,-0.46,Urban,Medium,29.4,0.0,27,41.83,1.29,99.9,excessive_idling
V002,2026-08-22T14:20:27,Light Commercial,7,2.8,4179.9,Petrol,19.066753,72.874562,0.0,0.0,958.0,0,0.0,37.9,15.3,0.23,Urban,Medium,29.2,0.0,28,41.83,1.34,99.9,excessive_idling
V002,2026-08-22T14:20:28,Light Commercial,7,2.8,4179.9,Petrol,19.066753,72.874562,0.0,0.0,1004.0,0,0.0,44.5,12.4,0.5,Urban,Medium,27.9,0.0,29,41.83,1.37,99.9,excessive_idling
V002,2026-08-22T14:20:29,Light Commercial,7,2.8,4179.9,Petrol,19.066753,72.874562,0.0,0.0,989.0,0,0.0,38.6,12.0,-1.34,Urban,Medium,28.3,0.0,30,41.83,1.34,99.9,excessive_idling
V002,2026-08-22T14:20:30,Light Commercial,7,2.8,4179.9,Petrol,19.066753,72.874562,0.0,0.0,971.0,0,0.0,56.7,17.5,0.43,Urban,Medium,27.4,0.0,31,41.83,1.25,99.9,excessive_idling
V002,2026-08-22T14:20:31,Light Commercial,7,2.8,4179.9,Petrol,19.066753,72.874562,0.0,0.0,969.0,0,0.0,48.4,13.5,1.97,Urban,Medium,28.3,0.0,32,41.83,1.38,99.9,excessive_idling
V002,2026-08-22T14:20:32,Light Commercial,7,2.8,4179.9,Petrol,19.066753,72.874562,0.0,0.0,969.0,0,0.0,39.7,12.6,0.13,Urban,Medium,27.5,0.0,33,41.83,1.28,99.9,excessive_idling
V002,2026-08-22T14:20:33,Light Commercial,7,2.8,4179.9,Petrol,19.066753,72.874562,0.0,0.0,991.0,0,0.0,34.0,17.7,1.62,Urban,Medium,30.6,0.0,34,41.83,1.28,99.9,excessive_idling
V002,2026-08-22T14:20:34,Light Commercial,7,2.8,4179.9,Petrol,19.066753,72.874562,0.0,0.0,986.0,0,0.0,42.9,13.7,0.42,Urban,Medium,27.4,0.0,35,41.82,1.26,99.9,excessive_idling
V002,2026-08-22T14:20:35,Light Commercial,7,2.8,4179.9,Petrol,19.066753,72.874562,0.0,0.0,944.0,0,0.0,49.1,15.1,-0.33,Urban,Medium,29.9,0.0,36,41.82,1.29,99.9,excessive_idling
V002,2026-08-22T14:20:36,Light Commercial,7,2.8,4179.9,Petrol,19.066753,72.874562,0.0,0.0,978.0,0,0.0,39.9,13.3,-0.5,Urban,Medium,27.9,0.0,37,41.82,1.32,99.9,excessive_idling
V002,2026-08-22T14:20:37,Light Commercial,7,2.8,4179.9,Petrol,19.066753,72.874562,0.0,0.0,952.0,0,0.0,30.8,16.0,0.56,Urban,Medium,27.8,0.0,38,41.82,1.3,99.9,excessive_idling
V002,2026-08-22T14:20:38,Light Commercial,7,2.8,4179.9,Petrol,19.066753,72.874562,0.0,0.0,987.0,0,0.0,31.7,13.9,-0.13,Urban,Medium,29.1,0.0,39,41.82,1.36,99.9,excessive_idling
V002,2026-08-22T14:20:39,Light Commercial,7,2.8,4179.9,Petrol,19.066753,72.874562,0.0,0.0,983.0,0,0.0,39.9,15.6,-0.53,Urban,Medium,26.6,0.0,40,41.82,1.3,99.9,excessive_idling
V002,2026-08-22T14:20:40,Light Commercial,7,2.8,4179.9,Petrol,19.066753,72.874562,0.0,0.0,976.0,0,0.0,52.6,13.0,1.6,Urban,Medium,27.1,0.0,41,41.82,1.3,99.9,excessive_idling
V002,2026-08-22T14:20:41,Light Commercial,7,2.8,4179.9,Petrol,19.066753,72.874562,0.0,0.0,965.0,0,0.0,53.4,17.2,-1.82,Urban,Medium,28.4,0.0,42,41.82,1.33,99.9,excessive_idling
V002,2026-08-22T14:20:42,Light Commercial,7,2.8,4179.9,Petrol,19.066753,72.874562,0.0,0.0,966.0,0,0.0,45.3,14.7,-1.97,Urban,Medium,26.3,0.0,43,41.82,1.32,99.9,excessive_idling
V002,2026-08-22T14:20:43,Light Commercial,7,2.8,4179.9,Petrol,19.066753,72.874562,0.0,0.0,978.0,0,0.0,59.9,16.0,-1.27,Urban,Medium,28.9,0.0,44,41.82,1.23,99.9,excessive_idling
V002,2026-08-22T14:20:44,Light Commercial,7,2.8,4179.9,Petrol,19.066753,72.874562,0.0,0.0,970.0,0,0.0,40.6,15.1,0.88,Urban,Medium,27.6,0.0,45,41.82,1.35,99.9,excessive_idling
V002,2026-08-22T14:20:45,Light Commercial,7,2.8,4179.9,Petrol,19.066753,72.874562,0.0,0.0,957.0,0,0.0,52.8,14.0,1.85,Urban,Medium,28.7,0.0,46,41.82,1.32,99.9,excessive_idling
V002,2026-08-22T14:20:46,Light Commercial,7,2.8,4179.9,Petrol,19.066753,72.874562,0.0,0.0,984.0,0,0.0,39.6,14.7,0.24,Urban,Medium,28.2,0.0,47,41.82,1.34,99.9,excessive_idling
V002,2026-08-22T14:20:47,Light Commercial,7,2.8,4179.9,Petrol,19.066753,72.874562,0.0,0.0,963.0,0,0.0,58.1,15.7,1.36,Urban,Medium,27.2,0.0,48,41.82,1.32,99.9,excessive_idling
V002,2026-08-22T14:20:48,Light Commercial,7,2.8,4179.9,Petrol,19.066753,72.874562,0.0,0.0,978.0,0,0.0,42.8,15.9,-0.75,Urban,Medium,27.8,0.0,49,41.82,1.38,99.9,excessive_idling
V002,2026-08-22T14:20:49,Light Commercial,7,2.8,4179.9,Petrol,19.066753,72.874562,0.0,0.0,968.0,0,0.0,37.2,13.8,2.27,Urban,Medium,28.2,0.0,50,41.82,1.3,99.9,excessive_idling
V002,2026-08-22T14:20:50,Light Commercial,7,2.8,4179.9,Petrol,19.066753,72.874562,0.0,0.0,1004.0,0,0.0,43.6,12.1,-1.21,Urban,Medium,28.7,0.0,51,41.82,1.28,99.9,excessive_idling
V002,2026-08-22T14:20:51,Light Commercial,7,2.8,4179.9,Petrol,19.066753,72.874562,0.0,0.0,957.0,0,0.0,52.7,14.9,-0.6,Urban,Medium,27.3,0.0,52,41.82,1.26,99.9,excessive_idling
V002,2026-08-22T14:20:52,Light Commercial,7,2.8,4179.9,Petrol,19.066753,72.874562,0.0,0.0,995.0,0,0.0,47.9,13.6,0.82,Urban,Medium,26.3,0.0,53,41.82,1.36,99.9,excessive_idling
V002,2026-08-22T14:20:53,Light Commercial,7,2.8,4179.9,Petrol,19.066753,72.874562,0.0,0.0,971.0,0,0.0,59.3,12.2,-0.19,Urban,Medium,26.8,0.0,54,41.82,1.33,99.9,excessive_idling
V002,2026-08-22T14:20:54,Light Commercial,7,2.8,4179.9,Petrol,19.066753,72.874562,0.0,0.0,998.0,0,0.0,44.6,16.3,0.78,Urban,Medium,28.9,0.0,55,41.82,1.29,99.9,excessive_idling
V002,2026-08-22T14:20:55,Light Commercial,7,2.8,4179.9,Petrol,19.066753,72.874562,0.0,0.0,971.0,0,0.0,32.0,13.0,2.22,Urban,Medium,28.5,0.0,56,41.82,1.3,99.9,excessive_idling
V002,2026-08-22T14:20:56,Light Commercial,7,2.8,4179.9,Petrol,19.066753,72.874562,0.0,0.0,978.0,0,0.0,41.3,14.5,-2.16,Urban,Medium,28.6,0.0,57,41.82,1.22,99.9,excessive_idling
V002,2026-08-22T14:20:57,Light Commercial,7,2.8,4179.9,Petrol,19.066753,72.874562,0.0,0.0,976.0,0,0.0,54.1,14.4,2.18,Urban,Medium,28.6,0.0,58,41.82,1.33,99.9,excessive_idling
V002,2026-08-22T14:20:58,Light Commercial,7,2.8,4179.9,Petrol,19.066753,72.874562,0.0,0.0,949.0,0,0.0,57.6,12.5,-0.28,Urban,Medium,27.5,0.0,59,41.82,1.28,99.9,excessive_idling
V002,2026-08-22T14:20:59,Light Commercial,7,2.8,4179.9,Petrol,19.066753,72.874562,0.0,0.0,1024.0,0,0.0,54.9,14.9,-2.71,Urban,Medium,28.3,0.0,60,41.82,1.28,99.9,excessive_idling
V002,2026-08-22T14:21:00,Light Commercial,7,2.8,4179.9,Petrol,19.066753,72.874562,0.0,0.0,967.0,0,0.0,38.4,17.0,-0.77,Urban,Medium,27.1,0.0,61,41.82,1.33,99.9,excessive_idling
V002,2026-08-22T14:21:01,Light Commercial,7,2.8,4179.9,Petrol,19.066753,72.874562,0.0,0.0,966.0,0,0.0,50.9,17.2,-0.93,Urban,Medium,27.0,0.0,62,41.82,1.24,99.9,excessive_idling
V002,2026-08-22T14:21:02,Light Commercial,7,2.8,4179.9,Petrol,19.066753,72.874562,0.0,0.0,1002.0,0,0.0,31.3,14.5,-1.2,Urban,Medium,27.8,0.0,63,41.81,1.33,99.9,excessive_idling
V002,2026-08-22T14:21:03,Light Commercial,7,2.8,4179.9,Petrol,19.066753,72.874562,0.0,0.0,970.0,0,0.0,56.3,14.0,-1.26,Urban,Medium,29.1,0.0,64,41.81,1.25,99.9,excessive_idling
V002,2026-08-22T14:21:04,Light Commercial,7,2.8,4179.9,Petrol,19.066753,72.874562,0.0,0.0,970.0,0,0.0,51.2,12.3,0.86,Urban,Medium,30.3,0.0,65,41.81,1.25,99.9,excessive_idling
V002,2026-08-22T14:21:05,Light Commercial,7,2.8,4179.9,Petrol,19.066753,72.874562,0.0,0.0,976.0,0,0.0,54.6,12.4,-1.49,Urban,Medium,27.9,0.0,66,41.81,1.25,99.9,excessive_idling
V002,2026-08-22T14:21:06,Light Commercial,7,2.8,4179.9,Petrol,19.066753,72.874562,0.0,0.0,996.0,0,0.0,42.3,16.8,-0.77,Urban,Medium,27.5,0.0,67,41.81,1.19,99.9,excessive_idling
V002,2026-08-22T14:21:07,Light Commercial,7,2.8,4179.9,Petrol,19.066753,72.874562,0.0,0.0,988.0,0,0.0,32.3,17.5,-0.97,Urban,Medium,27.9,0.0,68,41.81,1.26,99.9,excessive_idling
V002,2026-08-22T14:21:08,Light Commercial,7,2.8,4179.9,Petrol,19.066753,72.874562,0.0,0.0,969.0,0,0.0,32.0,14.0,-0.7,Urban,Medium,27.5,0.0,69,41.81,1.19,99.9,excessive_idling
V002,2026-08-22T14:21:09,Light Commercial,7,2.8,4179.9,Petrol,19.066753,72.874562,0.0,0.0,977.0,0,0.0,43.8,17.9,0.18,Urban,Medium,25.9,0.0,70,41.81,1.32,99.9,excessive_idling
V002,2026-08-22T14:21:10,Light Commercial,7,2.8,4179.9,Petrol,19.066753,72.874562,0.0,0.0,985.0,0,0.0,50.1,16.1,-0.5,Urban,Medium,30.4,0.0,71,41.81,1.29,99.9,excessive_idling
V002,2026-08-22T14:21:11,Light Commercial,7,2.8,4179.9,Petrol,19.066753,72.874562,0.0,0.0,983.0,0,0.0,30.1,16.4,-0.58,Urban,Medium,30.4,0.0,72,41.81,1.28,99.9,excessive_idling
V002,2026-08-22T14:21:12,Light Commercial,7,2.8,4179.9,Petrol,19.066753,72.874562,0.0,0.0,984.0,0,0.0,46.9,12.3,-0.62,Urban,Medium,27.0,0.0,73,41.81,1.35,99.9,excessive_idling
V002,2026-08-22T14:21:13,Light Commercial,7,2.8,4179.9,Petrol,19.066753,72.874562,0.0,0.0,970.0,0,0.0,32.7,13.8,1.89,Urban,Medium,30.8,0.0,74,41.81,1.3,99.9,excessive_idling
V002,2026-08-22T14:21:14,Light Commercial,7,2.8,4179.9,Petrol,19.066753,72.874562,0.0,0.0,994.0,0,0.0,55.5,15.9,1.64,Urban,Medium,27.5,0.0,75,41.81,1.31,99.9,excessive_idling
V002,2026-08-22T14:21:15,Light Commercial,7,2.8,4179.9,Petrol,19.066753,72.874562,0.0,0.0,972.0,0,0.0,59.9,12.2,-0.33,Urban,Medium,26.1,0.0,76,41.81,1.35,99.9,excessive_idling
V002,2026-08-22T14:21:16,Light Commercial,7,2.8,4179.9,Petrol,19.066753,72.874562,0.0,0.0,983.0,0,0.0,45.2,16.2,-1.05,Urban,Medium,28.6,0.0,77,41.81,1.28,99.9,excessive_idling
V002,2026-08-22T14:21:17,Light Commercial,7,2.8,4179.9,Petrol,19.066753,72.874562,0.0,0.0,977.0,0,0.0,39.3,13.0,-0.02,Urban,Medium,28.8,0.0,78,41.81,1.33,99.9,excessive_idling
V002,2026-08-22T14:21:18,Light Commercial,7,2.8,4179.9,Petrol,19.066753,72.874562,0.0,0.0,970.0,0,0.0,38.0,12.7,-0.27,Urban,Medium,25.1,0.0,79,41.81,1.37,99.9,excessive_idling
V002,2026-08-22T14:21:19,Light Commercial,7,2.8,4179.9,Petrol,19.066753,72.874562,0.0,0.0,991.0,0,0.0,59.9,15.4,1.33,Urban,Medium,28.6,0.0,80,41.81,1.28,99.9,excessive_idling
V002,2026-08-22T14:21:20,Light Commercial,7,2.8,4179.9,Petrol,19.066753,72.874562,0.0,0.0,993.0,0,0.0,46.4,15.4,0.66,Urban,Medium,27.4,0.0,81,41.81,1.28,99.9,excessive_idling
V002,2026-08-22T14:21:21,Light Commercial,7,2.8,4179.9,Petrol,19.066753,72.874562,0.0,0.0,967.0,0,0.0,54.6,17.7,-0.11,Urban,Medium,27.3,0.0,82,41.81,1.29,99.9,excessive_idling
V002,2026-08-22T14:21:22,Light Commercial,7,2.8,4179.9,Petrol,19.066753,72.874562,0.0,0.0,969.0,0,0.0,47.4,15.9,1.37,Urban,Medium,29.4,0.0,83,41.81,1.35,99.9,excessive_idling
V002,2026-08-22T14:21:23,Light Commercial,7,2.8,4179.9,Petrol,19.066753,72.874562,0.0,0.0,992.0,0,0.0,35.7,15.6,0.35,Urban,Medium,26.5,0.0,84,41.81,1.32,99.9,excessive_idling
V002,2026-08-22T14:21:24,Light Commercial,7,2.8,4179.9,Petrol,19.066753,72.874562,0.0,0.0,979.0,0,0.0,48.8,13.7,3.11,Urban,Medium,27.2,0.0,85,41.81,1.28,99.9,excessive_idling
V002,2026-08-22T14:21:25,Light Commercial,7,2.8,4179.9,Petrol,19.066753,72.874562,0.0,0.0,953.0,0,0.0,39.5,16.5,0.5,Urban,Medium,27.8,0.0,86,41.81,1.25,99.9,excessive_idling
V002,2026-08-22T14:21:26,Light Commercial,7,2.8,4179.9,Petrol,19.066753,72.874562,0.0,0.0,978.0,0,0.0,42.8,12.5,-0.95,Urban,Medium,25.7,0.0,87,41.81,1.28,99.9,excessive_idling
V002,2026-08-22T14:21:27,Light Commercial,7,2.8,4179.9,Petrol,19.066753,72.874562,0.0,0.0,987.0,0,0.0,32.4,12.7,1.51,Urban,Medium,26.7,0.0,88,41.81,1.27,99.9,excessive_idling
V002,2026-08-22T14:21:28,Light Commercial,7,2.8,4179.9,Petrol,19.066753,72.874562,0.0,0.0,966.0,0,0.0,52.7,16.9,0.12,Urban,Medium,25.8,0.0,89,41.81,1.29,99.9,excessive_idling
V002,2026-08-22T14:21:29,Light Commercial,7,2.8,4179.9,Petrol,19.066753,72.874562,0.0,0.0,983.0,0,0.0,36.3,17.2,-0.81,Urban,Medium,29.5,0.0,90,41.81,1.26,99.9,excessive_idling
V002,2026-08-22T14:21:30,Light Commercial,7,2.8,4179.9,Petrol,19.066753,72.874562,0.0,0.0,988.0,0,0.0,33.4,12.8,-1.17,Urban,Medium,26.5,0.0,91,41.8,1.29,99.9,excessive_idling
V002,2026-08-22T14:21:31,Light Commercial,7,2.8,4179.9,Petrol,19.066753,72.874562,0.0,0.0,974.0,0,0.0,53.5,12.5,-2.64,Urban,Medium,30.0,0.0,92,41.8,1.32,99.9,excessive_idling
V002,2026-08-22T14:21:32,Light Commercial,7,2.8,4179.9,Petrol,19.066753,72.874562,0.0,0.0,961.0,0,0.0,33.0,13.6,0.39,Urban,Medium,30.9,0.0,93,41.8,1.33,99.9,excessive_idling
V002,2026-08-22T14:21:33,Light Commercial,7,2.8,4179.9,Petrol,19.066753,72.874562,0.0,0.0,975.0,0,0.0,58.6,12.5,-1.69,Urban,Medium,29.0,0.0,94,41.8,1.33,99.9,excessive_idling
V002,2026-08-22T14:21:34,Light Commercial,7,2.8,4179.9,Petrol,19.066753,72.874562,0.0,0.0,992.0,0,0.0,43.2,16.9,1.63,Urban,Medium,28.3,0.0,95,41.8,1.33,99.9,excessive_idling
V002,2026-08-22T14:21:35,Light Commercial,7,2.8,4179.9,Petrol,19.066753,72.874562,0.0,0.0,947.0,0,0.0,53.8,17.9,1.31,Urban,Medium,28.9,0.0,96,41.8,1.31,99.9,excessive_idling
V002,2026-08-22T14:21:36,Light Commercial,7,2.8,4179.9,Petrol,19.066753,72.874562,0.0,0.0,983.0,0,0.0,50.1,13.2,-1.7,Urban,Medium,29.6,0.0,97,41.8,1.29,99.9,excessive_idling
V002,2026-08-22T14:21:37,Light Commercial,7,2.8,4179.9,Petrol,19.066753,72.874562,0.0,0.0,996.0,0,0.0,58.7,12.6,-1.88,Urban,Medium,27.5,0.0,98,41.8,1.39,99.9,excessive_idling
V002,2026-08-22T14:21:38,Light Commercial,7,2.8,4179.9,Petrol,19.066753,72.874562,0.0,0.0,992.0,0,0.0,45.8,17.3,0.57,Urban,Medium,27.9,0.0,99,41.8,1.37,99.9,excessive_idling
V002,2026-08-22T14:21:39,Light Commercial,7,2.8,4179.9,Petrol,19.066753,72.874562,0.0,0.0,971.0,0,0.0,33.0,13.2,-0.26,Urban,Medium,28.9,0.0,100,41.8,1.3,99.9,excessive_idling
V002,2026-08-22T14:21:40,Light Commercial,7,2.8,4179.9,Petrol,19.066753,72.874562,0.0,0.0,986.0,0,0.0,57.7,17.9,-0.56,Urban,Medium,31.1,0.0,101,41.8,1.31,99.9,excessive_idling
V002,2026-08-22T14:21:41,Light Commercial,7,2.8,4179.9,Petrol,19.066753,72.874562,0.0,0.0,990.0,0,0.0,45.4,13.6,-1.25,Urban,Medium,27.4,0.0,102,41.8,1.26,99.9,excessive_idling
V002,2026-08-22T14:21:42,Light Commercial,7,2.8,4179.9,Petrol,19.066753,72.874562,0.0,0.0,973.0,0,0.0,37.3,12.8,2.19,Urban,Medium,30.3,0.0,103,41.8,1.23,99.9,excessive_idling
V002,2026-08-22T14:21:43,Light Commercial,7,2.8,4179.9,Petrol,19.066753,72.874562,0.0,0.0,973.0,0,0.0,38.9,14.2,-0.47,Urban,Medium,26.6,0.0,104,41.8,1.26,99.9,excessive_idling
V002,2026-08-22T14:21:44,Light Commercial,7,2.8,4179.9,Petrol,19.066753,72.874562,0.0,0.0,960.0,0,0.0,39.3,12.6,0.84,Urban,Medium,28.2,0.0,105,41.8,1.32,99.9,excessive_idling
V002,2026-08-22T14:21:45,Light Commercial,7,2.8,4179.9,Petrol,19.066753,72.874562,0.0,0.0,994.0,0,0.0,43.4,15.3,0.48,Urban,Medium,27.9,0.0,106,41.8,1.26,99.9,excessive_idling
V002,2026-08-22T14:21:46,Light Commercial,7,2.8,4179.9,Petrol,19.066753,72.874562,0.0,0.0,998.0,0,0.0,58.7,13.6,-1.38,Urban,Medium,28.7,0.0,107,41.8,1.3,99.9,excessive_idling
V002,2026-08-22T14:21:47,Light Commercial,7,2.8,4179.9,Petrol,19.066753,72.874562,0.0,0.0,975.0,0,0.0,57.7,13.6,1.89,Urban,Medium,28.1,0.0,108,41.8,1.33,99.9,excessive_idling
V002,2026-08-22T14:21:48,Light Commercial,7,2.8,4179.9,Petrol,19.066753,72.874562,0.0,0.0,980.0,0,0.0,48.5,15.2,0.06,Urban,Medium,28.2,0.0,109,41.8,1.34,99.9,excessive_idling
V002,2026-08-22T14:21:49,Light Commercial,7,2.8,4179.9,Petrol,19.066753,72.874562,0.0,0.0,1000.0,0,0.0,46.6,16.8,1.68,Urban,Medium,28.1,0.0,110,41.8,1.31,99.9,excessive_idling
V002,2026-08-22T14:21:50,Light Commercial,7,2.8,4179.9,Petrol,19.066753,72.874562,0.0,0.0,1010.0,0,0.0,49.4,17.0,-1.57,Urban,Medium,25.6,0.0,111,41.8,1.24,99.9,excessive_idling
V002,2026-08-22T14:21:51,Light Commercial,7,2.8,4179.9,Petrol,19.066753,72.874562,0.0,0.0,979.0,0,0.0,49.8,16.1,-2.82,Urban,Medium,30.7,0.0,112,41.8,1.26,99.9,excessive_idling
V002,2026-08-22T14:21:52,Light Commercial,7,2.8,4179.9,Petrol,19.066753,72.874562,0.0,0.0,984.0,0,0.0,40.4,12.9,-1.28,Urban,Medium,29.3,0.0,113,41.8,1.33,99.9,excessive_idling
V002,2026-08-22T14:21:53,Light Commercial,7,2.8,4179.9,Petrol,19.066753,72.874562,0.0,0.0,988.0,0,0.0,46.9,14.0,0.11,Urban,Medium,29.9,0.0,114,41.8,1.36,99.9,excessive_idling
V002,2026-08-22T14:21:54,Light Commercial,7,2.8,4179.9,Petrol,19.066753,72.874562,0.0,0.0,957.0,0,0.0,52.1,18.0,3.39,Urban,Medium,27.5,0.0,115,41.8,1.33,99.9,excessive_idling
V002,2026-08-22T14:21:55,Light Commercial,7,2.8,4179.9,Petrol,19.066753,72.874562,0.0,0.0,975.0,0,0.0,38.9,16.4,-1.13,Urban,Medium,25.7,0.0,116,41.8,1.28,99.9,excessive_idling
V002,2026-08-22T14:21:56,Light Commercial,7,2.8,4179.9,Petrol,19.066753,72.874562,0.0,0.0,992.0,0,0.0,53.1,15.1,1.9,Urban,Medium,28.2,0.0,117,41.8,1.33,99.9,excessive_idling
V002,2026-08-22T14:21:57,Light Commercial,7,2.8,4179.9,Petrol,19.066753,72.874562,0.0,0.0,978.0,0,0.0,30.4,13.6,-1.77,Urban,Medium,29.4,0.0,118,41.79,1.32,99.9,excessive_idling
V002,2026-08-22T14:21:58,Light Commercial,7,2.8,4179.9,Petrol,19.066753,72.874562,0.0,0.0,942.0,0,0.0,40.6,14.3,0.58,Urban,Medium,29.5,0.0,119,41.79,1.34,99.9,excessive_idling
V002,2026-08-22T14:21:59,Light Commercial,7,2.8,4179.9,Petrol,19.066753,72.874562,0.0,0.0,988.0,0,0.0,41.8,15.0,0.56,Urban,Medium,26.5,0.0,120,41.79,1.35,99.9,excessive_idling
V003,2026-08-22T08:30:00,Truck,6,6.7,10462.7,Diesel,19.086012,72.87499,39.7,1.56,2155.0,4,62.5,0.0,46.0,-3.9,Urban,High,28.6,0.011,0,100.8,10.56,26.61,downhill_acceleration
V003,2026-08-22T08:30:01,Truck,6,6.7,10462.7,Diesel,19.086125,72.875081,45.4,1.6,1985.0,5,74.2,0.0,50.7,-3.17,Urban,High,27.8,0.024,0,100.8,12.09,26.61,downhill_acceleration
V003,2026-08-22T08:30:02,Truck,6,6.7,10462.7,Diesel,19.08625,72.875181,49.8,1.22,2166.0,5,71.6,0.0,46.7,-3.6,Urban,High,29.5,0.037,0,100.79,13.25,26.61,downhill_acceleration
V003,2026-08-22T08:30:03,Truck,6,6.7,10462.7,Diesel,19.086383,72.875287,53.3,0.97,2274.0,5,50.9,0.0,54.5,-2.77,Urban,High,27.0,0.052,0,100.79,14.18,26.61,downhill_acceleration
V003,2026-08-22T08:30:04,Truck,6,6.7,10462.7,Diesel,19.086529,72.875404,58.2,1.37,2118.0,6,45.5,0.0,50.3,-4.32,Urban,High,26.8,0.068,0,100.79,15.49,26.61,downhill_acceleration
V003,2026-08-22T08:30:05,Truck,6,6.7,10462.7,Diesel,19.086683,72.875527,61.8,1.0,2181.0,6,74.3,0.0,45.1,-2.27,Urban,High,26.1,0.086,0,100.78,16.45,26.61,downhill_acceleration
V003,2026-08-22T08:30:06,Truck,6,6.7,10462.7,Diesel,19.086851,72.875662,67.3,1.52,2334.0,6,64.4,0.0,52.5,-2.69,Urban,High,28.2,0.104,0,100.78,17.9,26.61,downhill_acceleration
V003,2026-08-22T08:30:07,Truck,6,6.7,10462.7,Diesel,19.08703,72.875805,71.5,1.19,2207.0,7,72.1,0.0,41.7,-4.35,Urban,High,27.7,0.124,0,100.77,19.04,26.61,downhill_acceleration
V003,2026-08-22T08:30:08,Truck,6,6.7,10462.7,Diesel,19.087225,72.875961,77.9,1.77,2304.0,7,66.6,0.0,62.4,-2.26,Urban,High,25.1,0.146,0,100.77,20.74,26.61,downhill_acceleration
V003,2026-08-22T08:30:09,Truck,6,6.7,10462.7,Diesel,19.087426,72.876122,80.4,0.7,2109.0,8,59.1,0.0,59.1,-2.51,Urban,High,26.4,0.168,0,100.76,21.41,26.61,downhill_acceleration
V003,2026-08-22T08:30:10,Truck,6,6.7,10462.7,Diesel,19.087635,72.876289,83.7,0.91,2238.0,8,51.0,0.0,54.3,-3.32,Urban,High,29.4,0.191,0,100.75,22.28,26.61,downhill_acceleration
V003,2026-08-22T08:30:11,Truck,6,6.7,10462.7,Diesel,19.087856,72.876466,88.2,1.25,2341.0,8,59.9,0.0,60.3,-2.64,Urban,High,28.4,0.216,0,100.75,23.48,26.61,downhill_acceleration
V003,2026-08-22T08:30:12,Truck,6,6.7,10462.7,Diesel,19.088089,72.876652,93.3,1.4,2428.0,8,50.3,0.0,51.2,-4.3,Urban,High,28.6,0.242,0,100.74,24.82,26.61,downhill_acceleration
V003,2026-08-22T08:30:13,Truck,6,6.7,10462.7,Diesel,19.088327,72.876842,95.0,0.6,2416.0,8,73.2,0.0,62.0,-3.75,Urban,High,25.3,0.268,0,100.73,25.28,26.61,downhill_acceleration
V003,2026-08-22T08:30:14,Truck,6,6.7,10462.7,Diesel,19.088564,72.877032,95.0,1.66,2484.0,8,58.6,0.0,44.9,-4.19,Urban,High,26.8,0.295,0,100.73,25.28,26.61,downhill_acceleration
V003,2026-08-22T08:30:15,Truck,6,6.7,10462.7,Diesel,19.088802,72.877222,95.0,0.89,2390.0,8,48.0,0.0,62.3,-2.79,Urban,High,29.0,0.321,0,100.72,25.28,26.61,downhill_acceleration
V003,2026-08-22T08:30:16,Truck,6,6.7,10462.7,Diesel,19.089039,72.877412,95.0,0.9,2429.0,8,47.5,0.0,61.7,-2.85,Urban,High,28.7,0.347,0,100.71,25.28,26.61,downhill_acceleration
V003,2026-08-22T08:30:17,Truck,6,6.7,10462.7,Diesel,19.089277,72.877602,95.0,0.86,2454.0,8,67.0,0.0,43.5,-4.46,Urban,High,27.9,0.374,0,100.71,25.28,26.61,downhill_acceleration
V003,2026-08-22T08:30:18,Truck,6,6.7,10462.7,Diesel,19.089514,72.877792,95.0,0.89,2450.0,8,74.8,0.0,57.2,-4.17,Urban,High,26.1,0.4,0,100.7,25.28,26.61,downhill_acceleration
V003,2026-08-22T08:30:19,Truck,6,6.7,10462.7,Diesel,19.089752,72.877982,95.0,1.34,2357.0,8,57.4,0.0,43.0,-3.87,Urban,High,27.4,0.427,0,100.69,25.28,26.61,downhill_acceleration
V003,2026-08-22T08:30:20,Truck,6,6.7,10462.7,Diesel,19.089989,72.878172,95.0,1.41,2440.0,8,45.2,0.0,46.4,-4.15,Urban,High,27.4,0.453,0,100.68,25.28,26.61,downhill_acceleration
V003,2026-08-22T08:30:21,Truck,6,6.7,10462.7,Diesel,19.090227,72.878362,95.0,1.22,2426.0,8,48.6,0.0,49.3,-2.78,Urban,High,29.7,0.479,0,100.68,25.28,26.61,downhill_acceleration
V003,2026-08-22T08:30:22,Truck,6,6.7,10462.7,Diesel,19.090464,72.878552,95.0,1.17,2412.0,8,70.5,0.0,56.1,-4.01,Urban,High,30.1,0.506,0,100.67,25.28,26.61,downhill_acceleration
V003,2026-08-22T08:30:23,Truck,6,6.7,10462.7,Diesel,19.090702,72.878742,95.0,1.57,2467.0,8,46.3,0.0,41.2,-3.8,Urban,High,29.1,0.532,0,100.66,25.28,26.61,downhill_acceleration
V003,2026-08-22T08:30:24,Truck,6,6.7,10462.7,Diesel,19.090939,72.878932,95.0,1.71,2445.0,8,73.0,0.0,60.9,-2.28,Urban,High,30.8,0.558,0,100.66,25.28,26.61,downhill_acceleration
V003,2026-08-22T08:30:25,Truck,6,6.7,10462.7,Diesel,19.091177,72.879122,95.0,0.98,2503.0,8,73.1,0.0,59.8,-3.93,Urban,High,28.3,0.585,0,100.65,25.28,26.61,downhill_acceleration
V003,2026-08-22T08:30:26,Truck,6,6.7,10462.7,Diesel,19.091414,72.879312,95.0,1.15,2379.0,8,61.6,0.0,62.6,-3.45,Urban,High,26.9,0.611,0,100.64,25.28,26.61,downhill_acceleration
V003,2026-08-22T08:30:27,Truck,6,6.7,10462.7,Diesel,19.091652,72.879502,95.0,0.77,2490.0,8,58.1,0.0,48.9,-3.35,Urban,High,26.2,0.638,0,100.63,25.28,26.61,downhill_acceleration
V003,2026-08-22T08:30:28,Truck,6,6.7,10462.7,Diesel,19.091889,72.879692,95.0,1.68,2436.0,8,68.3,0.0,58.3,-4.07,Urban,High,29.6,0.664,0,100.63,25.28,26.61,downhill_acceleration
V003,2026-08-22T08:30:29,Truck,6,6.7,10462.7,Diesel,19.092127,72.879882,95.0,1.13,2394.0,8,47.8,0.0,56.0,-4.25,Urban,High,26.1,0.69,0,100.62,25.28,26.61,downhill_acceleration
V003,2026-08-22T08:30:30,Truck,6,6.7,10462.7,Diesel,19.092364,72.880072,95.0,1.34,2423.0,8,53.7,0.0,56.2,-4.32,Urban,High,28.8,0.717,0,100.61,25.28,26.61,downhill_acceleration
V003,2026-08-22T08:30:31,Truck,6,6.7,10462.7,Diesel,19.092602,72.880262,95.0,1.42,2420.0,8,64.4,0.0,60.9,-2.65,Urban,High,26.3,0.743,0,100.61,25.28,26.61,downhill_acceleration
V003,2026-08-22T08:30:32,Truck,6,6.7,10462.7,Diesel,19.092839,72.880452,95.0,0.82,2401.0,8,68.7,0.0,55.1,-3.52,Urban,High,28.5,0.77,0,100.6,25.28,26.61,downhill_acceleration
V003,2026-08-22T08:30:33,Truck,6,6.7,10462.7,Diesel,19.093077,72.880642,95.0,1.51,2450.0,8,74.0,0.0,63.4,-3.19,Urban,High,28.2,0.796,0,100.59,25.28,26.61,downhill_acceleration
V003,2026-08-22T08:30:34,Truck,6,6.7,10462.7,Diesel,19.093314,72.880832,95.0,1.39,2442.0,8,70.2,0.0,40.8,-3.26,Urban,High,30.2,0.822,0,100.59,25.28,26.61,downhill_acceleration
V003,2026-08-22T08:30:35,Truck,6,6.7,10462.7,Diesel,19.093552,72.881022,95.0,0.87,2462.0,8,71.7,0.0,59.0,-3.89,Urban,High,27.5,0.849,0,100.58,25.28,26.61,downhill_acceleration
V003,2026-08-22T08:30:36,Truck,6,6.7,10462.7,Diesel,19.093789,72.881212,95.0,0.97,2444.0,8,46.9,0.0,50.6,-2.36,Urban,High,26.9,0.875,0,100.57,25.28,26.61,downhill_acceleration
V003,2026-08-22T08:30:37,Truck,6,6.7,10462.7,Diesel,19.094027,72.881402,95.0,0.65,2461.0,8,54.6,0.0,41.8,-2.46,Urban,High,28.7,0.902,0,100.56,25.28,26.61,downhill_acceleration
V003,2026-08-22T08:30:38,Truck,6,6.7,10462.7,Diesel,19.094264,72.881592,95.0,1.68,2481.0,8,74.0,0.0,42.8,-3.58,Urban,High,28.4,0.928,0,100.56,25.28,26.61,downhill_acceleration
V003,2026-08-22T08:30:39,Truck,6,6.7,10462.7,Diesel,19.094502,72.881782,95.0,1.07,2467.0,8,56.5,0.0,49.2,-4.34,Urban,High,28.2,0.954,0,100.55,25.28,26.61,downhill_acceleration
V003,2026-08-22T08:30:40,Truck,6,6.7,10462.7,Diesel,19.094739,72.881972,95.0,0.88,2432.0,8,74.1,0.0,63.8,-3.38,Urban,High,28.3,0.981,0,100.54,25.28,26.61,downhill_acceleration
V003,2026-08-22T08:30:41,Truck,6,6.7,10462.7,Diesel,19.094977,72.882162,95.0,1.32,2418.0,8,52.1,0.0,50.7,-2.95,Urban,High,28.3,1.007,0,100.54,25.28,26.61,downhill_acceleration
V003,2026-08-22T08:30:42,Truck,6,6.7,10462.7,Diesel,19.095214,72.882352,95.0,0.89,2440.0,8,46.1,0.0,55.0,-3.6,Urban,High,29.5,1.033,0,100.53,25.28,26.61,downhill_acceleration
V003,2026-08-22T08:30:43,Truck,6,6.7,10462.7,Diesel,19.095452,72.882542,95.0,0.7,2461.0,8,49.9,0.0,62.5,-2.49,Urban,High,27.1,1.06,0,100.52,25.28,26.61,downhill_acceleration
V003,2026-08-22T08:30:44,Truck,6,6.7,10462.7,Diesel,19.095689,72.882732,95.0,0.82,2424.0,8,52.3,0.0,57.9,-2.54,Urban,High,30.1,1.086,0,100.52,25.28,26.61,downhill_acceleration
V003,2026-08-22T08:30:45,Truck,6,6.7,10462.7,Diesel,19.095927,72.882922,95.0,0.69,2434.0,8,62.8,0.0,48.2,-3.11,Urban,High,28.5,1.113,0,100.51,25.28,26.61,downhill_acceleration
V003,2026-08-22T08:30:46,Truck,6,6.7,10462.7,Diesel,19.096164,72.883112,95.0,0.71,2467.0,8,56.4,0.0,61.3,-3.88,Urban,High,26.3,1.139,0,100.5,25.28,26.61,downhill_acceleration
V003,2026-08-22T08:30:47,Truck,6,6.7,10462.7,Diesel,19.096402,72.883302,95.0,0.89,2416.0,8,68.8,0.0,50.7,-3.28,Urban,High,27.2,1.165,0,100.49,25.28,26.61,downhill_acceleration
V003,2026-08-22T08:30:48,Truck,6,6.7,10462.7,Diesel,19.096639,72.883492,95.0,1.6,2410.0,8,68.7,0.0,59.0,-4.08,Urban,High,27.2,1.192,0,100.49,25.28,26.61,downhill_acceleration
V003,2026-08-22T08:30:49,Truck,6,6.7,10462.7,Diesel,19.096877,72.883682,95.0,1.62,2412.0,8,58.6,0.0,60.0,-2.27,Urban,High,26.6,1.218,0,100.48,25.28,26.61,downhill_acceleration
V003,2026-08-22T08:30:50,Truck,6,6.7,10462.7,Diesel,19.097114,72.883872,95.0,0.65,2341.0,8,69.9,0.0,60.0,-2.21,Urban,High,27.7,1.245,0,100.47,25.28,26.61,downhill_acceleration
V003,2026-08-22T08:30:51,Truck,6,6.7,10462.7,Diesel,19.097352,72.884062,95.0,1.02,2478.0,8,63.8,0.0,50.5,-3.99,Urban,High,27.7,1.271,0,100.47,25.28,26.61,downhill_acceleration
V003,2026-08-22T08:30:52,Truck,6,6.7,10462.7,Diesel,19.097589,72.884252,95.0,1.53,2411.0,8,50.4,0.0,62.1,-2.31,Urban,High,26.6,1.297,0,100.46,25.28,26.61,downhill_acceleration
V003,2026-08-22T08:30:53,Truck,6,6.7,10462.7,Diesel,19.097827,72.884442,95.0,0.68,2444.0,8,65.6,0.0,51.5,-3.75,Urban,High,26.0,1.324,0,100.45,25.28,26.61,downhill_acceleration
V003,2026-08-22T08:30:54,Truck,6,6.7,10462.7,Diesel,19.098064,72.884632,95.0,1.5,2419.0,8,72.2,0.0,41.0,-2.69,Urban,High,28.5,1.35,0,100.45,25.28,26.61,downhill_acceleration
V003,2026-08-22T08:30:55,Truck,6,6.7,10462.7,Diesel,19.098302,72.884822,95.0,1.36,2429.0,8,47.9,0.0,45.9,-4.34,Urban,High,27.3,1.377,0,100.44,25.28,26.61,downhill_acceleration
V003,2026-08-22T08:30:56,Truck,6,6.7,10462.7,Diesel,19.098539,72.885012,95.0,1.54,2402.0,8,67.8,0.0,51.9,-3.57,Urban,High,30.1,1.403,0,100.43,25.28,26.61,downhill_acceleration
V003,2026-08-22T08:30:57,Truck,6,6.7,10462.7,Diesel,19.098777,72.885202,95.0,1.06,2409.0,8,68.6,0.0,58.2,-4.15,Urban,High,28.5,1.429,0,100.42,25.28,26.61,downhill_acceleration
V003,2026-08-22T08:30:58,Truck,6,6.7,10462.7,Diesel,19.099014,72.885392,95.0,1.33,2512.0,8,51.9,0.0,53.3,-4.23,Urban,High,26.9,1.456,0,100.42,25.28,26.61,downhill_acceleration
V003,2026-08-22T08:30:59,Truck,6,6.7,10462.7,Diesel,19.099252,72.885582,95.0,1.33,2468.0,8,63.8,0.0,43.9,-3.25,Urban,High,26.3,1.482,0,100.41,25.28,26.61,downhill_acceleration
V003,2026-08-22T08:31:00,Truck,6,6.7,10462.7,Diesel,19.099489,72.885772,95.0,1.53,2435.0,8,51.4,0.0,49.3,-4.46,Urban,High,26.1,1.508,0,100.4,25.28,26.61,downhill_acceleration
V003,2026-08-22T08:31:01,Truck,6,6.7,10462.7,Diesel,19.099727,72.885962,95.0,1.53,2424.0,8,71.1,0.0,64.1,-2.6,Urban,High,27.7,1.535,0,100.4,25.28,26.61,downhill_acceleration
V003,2026-08-22T08:31:02,Truck,6,6.7,10462.7,Diesel,19.099964,72.886152,95.0,1.61,2468.0,8,53.8,0.0,48.8,-4.19,Urban,High,26.3,1.561,0,100.39,25.28,26.61,downhill_acceleration
V003,2026-08-22T08:31:03,Truck,6,6.7,10462.7,Diesel,19.100202,72.886342,95.0,1.26,2447.0,8,69.9,0.0,56.1,-3.14,Urban,High,29.7,1.588,0,100.38,25.28,26.61,downhill_acceleration
V003,2026-08-22T08:31:04,Truck,6,6.7,10462.7,Diesel,19.100439,72.886532,95.0,1.5,2411.0,8,62.1,0.0,61.0,-3.09,Urban,High,29.8,1.614,0,100.38,25.28,26.61,downhill_acceleration
V003,2026-08-22T08:31:05,Truck,6,6.7,10462.7,Diesel,19.100677,72.886722,95.0,1.1,2420.0,8,62.0,0.0,64.9,-3.28,Urban,High,27.0,1.64,0,100.37,25.28,26.61,downhill_acceleration
V003,2026-08-22T08:31:06,Truck,6,6.7,10462.7,Diesel,19.100914,72.886912,95.0,1.36,2409.0,8,46.9,0.0,64.3,-4.23,Urban,High,28.0,1.667,0,100.36,25.28,26.61,downhill_acceleration
V003,2026-08-22T08:31:07,Truck,6,6.7,10462.7,Diesel,19.101152,72.887102,95.0,1.19,2428.0,8,60.8,0.0,45.9,-3.61,Urban,High,24.4,1.693,0,100.35,25.28,26.61,downhill_acceleration
V003,2026-08-22T08:31:08,Truck,6,6.7,10462.7,Diesel,19.101389,72.887292,95.0,1.75,2426.0,8,46.6,0.0,52.6,-3.25,Urban,High,28.3,1.72,0,100.35,25.28,26.61,downhill_acceleration
V003,2026-08-22T08:31:09,Truck,6,6.7,10462.7,Diesel,19.101627,72.887482,95.0,0.7,2406.0,8,61.8,0.0,44.5,-2.41,Urban,High,26.8,1.746,0,100.34,25.28,26.61,downhill_acceleration
V003,2026-08-22T08:31:10,Truck,6,6.7,10462.7,Diesel,19.101864,72.887672,95.0,1.41,2418.0,8,67.3,0.0,48.1,-3.34,Urban,High,27.6,1.772,0,100.33,25.28,26.61,downhill_acceleration
V003,2026-08-22T08:31:11,Truck,6,6.7,10462.7,Diesel,19.102102,72.887862,95.0,0.79,2377.0,8,67.8,0.0,47.9,-2.7,Urban,High,28.3,1.799,0,100.33,25.28,26.61,downhill_acceleration
V003,2026-08-22T08:31:12,Truck,6,6.7,10462.7,Diesel,19.102339,72.888052,95.0,1.33,2446.0,8,74.5,0.0,61.6,-2.73,Urban,High,27.1,1.825,0,100.32,25.28,26.61,downhill_acceleration
V003,2026-08-22T08:31:13,Truck,6,6.7,10462.7,Diesel,19.102577,72.888242,95.0,1.28,2418.0,8,51.4,0.0,43.2,-3.67,Urban,High,30.4,1.852,0,100.31,25.28,26.61,downhill_acceleration
V003,2026-08-22T08:31:14,Truck,6,6.7,10462.7,Diesel,19.102814,72.888432,95.0,1.66,2447.0,8,47.4,0.0,45.3,-3.8,Urban,High,25.6,1.878,0,100.3,25.28,26.61,downhill_acceleration
V003,2026-08-22T08:31:15,Truck,6,6.7,10462.7,Diesel,19.103052,72.888622,95.0,1.37,2412.0,8,64.9,0.0,58.7,-4.48,Urban,High,29.6,1.904,0,100.3,25.28,26.61,downhill_acceleration
V003,2026-08-22T08:31:16,Truck,6,6.7,10462.7,Diesel,19.103289,72.888812,95.0,1.05,2451.0,8,67.4,0.0,51.4,-4.49,Urban,High,31.3,1.931,0,100.29,25.28,26.61,downhill_acceleration
V003,2026-08-22T08:31:17,Truck,6,6.7,10462.7,Diesel,19.103527,72.889002,95.0,1.08,2464.0,8,68.5,0.0,52.9,-2.76,Urban,High,29.4,1.957,0,100.28,25.28,26.61,downhill_acceleration
V003,2026-08-22T08:31:18,Truck,6,6.7,10462.7,Diesel,19.103764,72.889192,95.0,1.59,2451.0,8,64.0,0.0,57.6,-3.28,Urban,High,29.2,1.983,0,100.28,25.28,26.61,downhill_acceleration
V003,2026-08-22T08:31:19,Truck,6,6.7,10462.7,Diesel,19.104002,72.889382,95.0,1.5,2438.0,8,63.5,0.0,53.3,-2.5,Urban,High,29.3,2.01,0,100.27,25.28,26.61,downhill_acceleration
V003,2026-08-22T08:31:20,Truck,6,6.7,10462.7,Diesel,19.104239,72.889572,95.0,1.63,2411.0,8,68.9,0.0,44.4,-2.7,Urban,High,27.9,2.036,0,100.26,25.28,26.61,downhill_acceleration
V003,2026-08-22T08:31:21,Truck,6,6.7,10462.7,Diesel,19.104477,72.889762,95.0,0.69,2421.0,8,73.3,0.0,62.1,-3.44,Urban,High,28.6,2.063,0,100.26,25.28,26.61,downhill_acceleration
V003,2026-08-22T08:31:22,Truck,6,6.7,10462.7,Diesel,19.104714,72.889952,95.0,1.13,2486.0,8,68.1,0.0,40.6,-3.51,Urban,High,28.0,2.089,0,100.25,25.28,26.61,downhill_acceleration
V003,2026-08-22T08:31:23,Truck,6,6.7,10462.7,Diesel,19.104952,72.890142,95.0,1.6,2467.0,8,59.3,0.0,54.6,-4.37,Urban,High,29.9,2.115,0,100.24,25.28,26.61,downhill_acceleration
V003,2026-08-22T08:31:24,Truck,6,6.7,10462.7,Diesel,19.105189,72.890332,95.0,1.66,2441.0,8,49.0,0.0,51.5,-2.4,Urban,High,27.8,2.142,0,100.23,25.28,26.61,downhill_acceleration
V003,2026-08-22T08:31:25,Truck,6,6.7,10462.7,Diesel,19.105427,72.890522,95.0,1.07,2434.0,8,51.4,0.0,63.2,-2.31,Urban,High,27.1,2.168,0,100.23,25.28,26.61,downhill_acceleration
V003,2026-08-22T08:31:26,Truck,6,6.7,10462.7,Diesel,19.105664,72.890712,95.0,0.83,2481.0,8,70.2,0.0,62.7,-3.09,Urban,High,28.9,2.195,0,100.22,25.28,26.61,downhill_acceleration
V003,2026-08-22T08:31:27,Truck,6,6.7,10462.7,Diesel,19.105902,72.890902,95.0,1.78,2443.0,8,70.7,0.0,55.9,-4.31,Urban,High,29.1,2.221,0,100.21,25.28,26.61,downhill_acceleration
V003,2026-08-22T08:31:28,Truck,6,6.7,10462.7,Diesel,19.106139,72.891092,95.0,1.63,2460.0,8,61.9,0.0,55.4,-2.43,Urban,High,33.0,2.247,0,100.21,25.28,26.61,downhill_acceleration
V003,2026-08-22T08:31:29,Truck,6,6.7,10462.7,Diesel,19.106377,72.891282,95.0,1.52,2428.0,8,47.7,0.0,60.5,-3.78,Urban,High,26.1,2.274,0,100.2,25.28,26.61,downhill_acceleration
V003,2026-08-22T08:31:30,Truck,6,6.7,10462.7,Diesel,19.106614,72.891472,95.0,0.94,2475.0,8,68.3,0.0,59.2,-2.91,Urban,High,29.8,2.3,0,100.19,25.28,26.61,downhill_acceleration
V003,2026-08-22T08:31:31,Truck,6,6.7,10462.7,Diesel,19.106852,72.891662,95.0,0.62,2387.0,8,63.6,0.0,60.7,-3.61,Urban,High,31.1,2.327,0,100.19,25.28,26.61,downhill_acceleration
V003,2026-08-22T08:31:32,Truck,6,6.7,10462.7,Diesel,19.107089,72.891852,95.0,1.1,2447.0,8,73.5,0.0,45.5,-3.39,Urban,High,26.7,2.353,0,100.18,25.28,26.61,downhill_acceleration
V003,2026-08-22T08:31:33,Truck,6,6.7,10462.7,Diesel,19.107327,72.892042,95.0,1.11,2448.0,8,45.9,0.0,51.7,-3.22,Urban,High,27.5,2.379,0,100.17,25.28,26.61,downhill_acceleration
V003,2026-08-22T08:31:34,Truck,6,6.7,10462.7,Diesel,19.107564,72.892232,95.0,1.16,2370.0,8,67.9,0.0,50.6,-2.56,Urban,High,30.0,2.406,0,100.16,25.28,26.61,downhill_acceleration
V003,2026-08-22T08:31:35,Truck,6,6.7,10462.7,Diesel,19.107802,72.892422,95.0,1.15,2407.0,8,71.0,0.0,57.5,-3.76,Urban,High,28.5,2.432,0,100.16,25.28,26.61,downhill_acceleration
V003,2026-08-22T08:31:36,Truck,6,6.7,10462.7,Diesel,19.108039,72.892612,95.0,1.3,2470.0,8,67.4,0.0,60.8,-3.33,Urban,High,27.3,2.458,0,100.15,25.28,26.61,downhill_acceleration
V003,2026-08-22T08:31:37,Truck,6,6.7,10462.7,Diesel,19.108277,72.892802,95.0,1.52,2383.0,8,53.2,0.0,48.0,-3.46,Urban,High,28.4,2.485,0,100.14,25.28,26.61,downhill_acceleration
V003,2026-08-22T08:31:38,Truck,6,6.7,10462.7,Diesel,19.108514,72.892992,95.0,0.98,2435.0,8,46.0,0.0,64.4,-2.78,Urban,High,26.2,2.511,0,100.14,25.28,26.61,downhill_acceleration
V003,2026-08-22T08:31:39,Truck,6,6.7,10462.7,Diesel,19.108752,72.893182,95.0,1.52,2451.0,8,67.6,0.0,58.8,-4.38,Urban,High,28.1,2.538,0,100.13,25.28,26.61,downhill_acceleration
V003,2026-08-22T08:31:40,Truck,6,6.7,10462.7,Diesel,19.108989,72.893372,95.0,1.39,2384.0,8,74.6,0.0,55.2,-2.52,Urban,High,30.3,2.564,0,100.12,25.28,26.61,downhill_acceleration
V003,2026-08-22T08:31:41,Truck,6,6.7,10462.7,Diesel,19.109227,72.893562,95.0,0.79,2397.0,8,56.1,0.0,40.3,-3.99,Urban,High,28.6,2.59,0,100.12,25.28,26.61,downhill_acceleration
V003,2026-08-22T08:31:42,Truck,6,6.7,10462.7,Diesel,19.109464,72.893752,95.0,1.24,2440.0,8,47.7,0.0,52.4,-2.95,Urban,High,29.1,2.617,0,100.11,25.28,26.61,downhill_acceleration
V003,2026-08-22T08:31:43,Truck,6,6.7,10462.7,Diesel,19.109702,72.893942,95.0,1.67,2407.0,8,73.9,0.0,49.1,-3.0,Urban,High,26.2,2.643,0,100.1,25.28,26.61,downhill_acceleration
V003,2026-08-22T08:31:44,Truck,6,6.7,10462.7,Diesel,19.109939,72.894132,95.0,0.92,2446.0,8,45.3,0.0,59.7,-2.36,Urban,High,28.6,2.67,0,100.09,25.28,26.61,downhill_acceleration
V003,2026-08-22T08:31:45,Truck,6,6.7,10462.7,Diesel,19.110177,72.894322,95.0,0.91,2405.0,8,57.6,0.0,56.0,-2.72,Urban,High,27.4,2.696,0,100.09,25.28,26.61,downhill_acceleration
V003,2026-08-22T08:31:46,Truck,6,6.7,10462.7,Diesel,19.110414,72.894512,95.0,1.51,2467.0,8,60.7,0.0,55.9,-3.86,Urban,High,29.0,2.722,0,100.08,25.28,26.61,downhill_acceleration
V003,2026-08-22T08:31:47,Truck,6,6.7,10462.7,Diesel,19.110652,72.894702,95.0,1.45,2489.0,8,55.9,0.0,62.3,-3.98,Urban,High,27.2,2.749,0,100.07,25.28,26.61,downhill_acceleration
V003,2026-08-22T08:31:48,Truck,6,6.7,10462.7,Diesel,19.110889,72.894892,95.0,0.95,2417.0,8,50.7,0.0,63.0,-2.54,Urban,High,27.0,2.775,0,100.07,25.28,26.61,downhill_acceleration
V003,2026-08-22T08:31:49,Truck,6,6.7,10462.7,Diesel,19.111127,72.895082,95.0,0.62,2419.0,8,69.1,0.0,42.5,-4.44,Urban,High,27.8,2.802,0,100.06,25.28,26.61,downhill_acceleration
V003,2026-08-22T08:31:50,Truck,6,6.7,10462.7,Diesel,19.111364,72.895272,95.0,1.63,2429.0,8,69.6,0.0,60.0,-3.16,Urban,High,27.8,2.828,0,100.05,25.28,26.61,downhill_acceleration
V003,2026-08-22T08:31:51,Truck,6,6.7,10462.7,Diesel,19.111602,72.895462,95.0,1.68,2465.0,8,58.1,0.0,60.2,-3.06,Urban,High,28.0,2.854,0,100.04,25.28,26.61,downhill_acceleration
V003,2026-08-22T08:31:52,Truck,6,6.7,10462.7,Diesel,19.111839,72.895652,95.0,1.52,2384.0,8,73.2,0.0,54.8,-3.1,Urban,High,28.7,2.881,0,100.04,25.28,26.61,downhill_acceleration
V003,2026-08-22T08:31:53,Truck,6,6.7,10462.7,Diesel,19.112077,72.895842,95.0,1.34,2394.0,8,59.1,0.0,48.8,-3.89,Urban,High,27.6,2.907,0,100.03,25.28,26.61,downhill_acceleration
V003,2026-08-22T08:31:54,Truck,6,6.7,10462.7,Diesel,19.112314,72.896032,95.0,1.67,2421.0,8,52.6,0.0,52.7,-3.46,Urban,High,26.7,2.933,0,100.02,25.28,26.61,downhill_acceleration
V003,2026-08-22T08:31:55,Truck,6,6.7,10462.7,Diesel,19.112552,72.896222,95.0,0.85,2419.0,8,46.5,0.0,44.9,-3.4,Urban,High,26.9,2.96,0,100.02,25.28,26.61,downhill_acceleration
V003,2026-08-22T08:31:56,Truck,6,6.7,10462.7,Diesel,19.112789,72.896412,95.0,1.27,2385.0,8,62.3,0.0,51.1,-4.38,Urban,High,27.9,2.986,0,100.01,25.28,26.61,downhill_acceleration
V003,2026-08-22T08:31:57,Truck,6,6.7,10462.7,Diesel,19.113027,72.896602,95.0,1.63,2534.0,8,49.7,0.0,40.2,-2.21,Urban,High,27.2,3.013,0,100.0,25.28,26.61,downhill_acceleration
V003,2026-08-22T08:31:58,Truck,6,6.7,10462.7,Diesel,19.113264,72.896792,95.0,1.12,2516.0,8,54.7,0.0,43.2,-4.49,Urban,High,28.8,3.039,0,100.0,25.28,26.61,downhill_acceleration
V003,2026-08-22T08:31:59,Truck,6,6.7,10462.7,Diesel,19.113502,72.896982,95.0,1.66,2443.0,8,64.4,0.0,49.8,-2.71,Urban,High,31.2,3.065,0,99.99,25.28,26.61,downhill_acceleration
V003,2026-08-22T10:30:00,Truck,6,6.7,11354.0,Diesel,19.104769,72.83578,25.0,0.15,867.0,5,63.7,0.0,80.7,-0.27,Highway,Low,31.5,0.007,0,97.77,9.69,38.75,inefficient_gear
V003,2026-08-22T10:30:01,Truck,6,6.7,11354.0,Diesel,19.104834,72.835832,25.8,0.22,2887.0,5,58.9,0.0,77.0,1.14,Highway,Low,26.9,0.014,0,97.77,9.99,38.75,inefficient_gear
V003,2026-08-22T10:30:02,Truck,6,6.7,11354.0,Diesel,19.1049,72.835885,26.6,0.24,868.0,5,58.3,0.0,89.0,0.72,Highway,Low,28.2,0.022,0,97.76,10.32,38.75,inefficient_gear
V003,2026-08-22T10:30:03,Truck,6,6.7,11354.0,Diesel,19.104965,72.835937,25.9,-0.2,2902.0,5,72.7,0.0,82.3,1.08,Highway,Low,29.5,0.029,0,97.76,10.05,38.75,inefficient_gear
V003,2026-08-22T10:30:04,Truck,6,6.7,11354.0,Diesel,19.105033,72.835992,27.2,0.36,881.0,5,64.6,0.0,86.3,0.62,Highway,Low,26.3,0.036,0,97.76,10.54,38.75,inefficient_gear
V003,2026-08-22T10:30:05,Truck,6,6.7,11354.0,Diesel,19.105102,72.836046,27.3,0.04,2867.0,5,55.3,0.0,87.0,-0.54,Highway,Low,28.0,0.044,0,97.76,10.59,38.75,inefficient_gear
V003,2026-08-22T10:30:06,Truck,6,6.7,11354.0,Diesel,19.105173,72.836103,28.5,0.32,918.0,5,75.3,0.0,78.1,-0.26,Highway,Low,27.3,0.052,0,97.75,11.04,38.75,inefficient_gear
V003,2026-08-22T10:30:07,Truck,6,6.7,11354.0,Diesel,19.105244,72.83616,28.3,-0.06,2912.0,5,58.4,0.0,79.7,0.7,Highway,Low,30.7,0.06,0,97.75,10.96,38.75,inefficient_gear
V003,2026-08-22T10:30:08,Truck,6,6.7,11354.0,Diesel,19.105316,72.836218,29.1,0.23,944.0,5,74.3,0.0,87.7,-0.36,Highway,Low,29.3,0.068,0,97.75,11.29,38.75,inefficient_gear
V003,2026-08-22T10:30:09,Truck,6,6.7,11354.0,Diesel,19.10539,72.836277,29.6,0.12,956.0,5,72.0,0.0,82.6,-1.46,Highway,Low,27.0,0.076,0,97.74,11.46,38.75,inefficient_gear
V003,2026-08-22T10:30:10,Truck,6,6.7,11354.0,Diesel,19.105466,72.836338,30.1,0.16,2892.0,5,60.6,0.0,77.0,-0.2,Highway,Low,26.2,0.084,0,97.74,11.68,38.75,inefficient_gear
V003,2026-08-22T10:30:11,Truck,6,6.7,11354.0,Diesel,19.105542,72.836399,30.6,0.13,967.0,5,55.7,0.0,78.0,0.28,Highway,Low,31.3,0.093,0,97.74,11.86,38.75,inefficient_gear
V003,2026-08-22T10:30:12,Truck,6,6.7,11354.0,Diesel,19.105619,72.83646,30.9,0.08,2907.0,5,55.6,0.0,82.2,-1.11,Highway,Low,28.5,0.101,0,97.73,11.96,38.75,inefficient_gear
V003,2026-08-22T10:30:13,Truck,6,6.7,11354.0,Diesel,19.105696,72.836521,30.4,-0.12,2942.0,5,71.9,0.0,84.5,0.81,Highway,Low,26.6,0.11,0,97.73,11.8,38.75,inefficient_gear
V003,2026-08-22T10:30:14,Truck,6,6.7,11354.0,Diesel,19.105773,72.836583,30.8,0.1,938.0,5,67.4,0.0,78.7,-1.25,Highway,Low,25.8,0.118,0,97.73,11.94,38.75,inefficient_gear
V003,2026-08-22T10:30:15,Truck,6,6.7,11354.0,Diesel,19.105851,72.836646,31.5,0.18,2894.0,5,64.8,0.0,75.5,0.06,Highway,Low,28.9,0.127,0,97.72,12.19,38.75,inefficient_gear
V003,2026-08-22T10:30:16,Truck,6,6.7,11354.0,Diesel,19.10593,72.836709,31.5,0.02,2879.0,5,76.7,0.0,88.0,0.89,Highway,Low,29.5,0.136,0,97.72,12.21,38.75,inefficient_gear
V003,2026-08-22T10:30:17,Truck,6,6.7,11354.0,Diesel,19.10601,72.836773,32.1,0.17,960.0,5,59.3,0.0,85.0,0.52,Highway,Low,28.7,0.145,0,97.72,12.45,38.75,inefficient_gear
V003,2026-08-22T10:30:18,Truck,6,6.7,11354.0,Diesel,19.106093,72.836839,33.1,0.26,2857.0,5,71.5,0.0,80.8,0.94,Highway,Low,27.9,0.154,0,97.71,12.82,38.75,inefficient_gear
V003,2026-08-22T10:30:19,Truck,6,6.7,11354.0,Diesel,19.106176,72.836905,33.1,-0.0,1012.0,5,68.7,0.0,82.9,-0.31,Highway,Low,27.5,0.163,0,97.71,12.82,38.75,inefficient_gear
V003,2026-08-22T10:30:20,Truck,6,6.7,11354.0,Diesel,19.106261,72.836974,34.0,0.27,1033.0,5,57.7,0.0,80.9,0.71,Highway,Low,25.2,0.173,0,97.71,13.19,38.75,inefficient_gear
V003,2026-08-22T10:30:21,Truck,6,6.7,11354.0,Diesel,19.106347,72.837043,34.5,0.12,2861.0,5,75.8,0.0,89.6,-0.42,Highway,Low,29.2,0.182,0,97.7,13.37,38.75,inefficient_gear
V003,2026-08-22T10:30:22,Truck,6,6.7,11354.0,Diesel,19.106434,72.837112,34.8,0.08,2883.0,5,56.9,0.0,91.6,0.1,Highway,Low,28.8,0.192,0,97.7,13.48,38.75,inefficient_gear
V003,2026-08-22T10:30:23,Truck,6,6.7,11354.0,Diesel,19.106519,72.83718,34.0,-0.24,1007.0,5,77.8,0.0,90.5,0.62,Highway,Low,27.7,0.201,0,97.69,13.16,38.75,inefficient_gear
V003,2026-08-22T10:30:24,Truck,6,6.7,11354.0,Diesel,19.106604,72.837248,33.8,-0.03,1055.0,5,55.2,0.0,78.3,-0.2,Highway,Low,26.1,0.211,0,97.69,13.11,38.75,inefficient_gear
V003,2026-08-22T10:30:25,Truck,6,6.7,11354.0,Diesel,19.10669,72.837317,34.7,0.23,1021.0,5,68.5,0.0,79.9,-0.21,Highway,Low,27.0,0.22,0,97.69,13.44,38.75,inefficient_gear
V003,2026-08-22T10:30:26,Truck,6,6.7,11354.0,Diesel,19.106778,72.837387,35.1,0.11,1007.0,5,61.9,0.0,84.4,-0.1,Highway,Low,27.5,0.23,0,97.68,13.6,38.75,inefficient_gear
V003,2026-08-22T10:30:27,Truck,6,6.7,11354.0,Diesel,19.106866,72.837458,35.3,0.07,1102.0,5,76.5,0.0,88.4,0.75,Highway,Low,25.7,0.24,0,97.68,13.69,38.75,inefficient_gear
V003,2026-08-22T10:30:28,Truck,6,6.7,11354.0,Diesel,19.106955,72.837529,35.3,-0.01,1052.0,5,76.9,0.0,89.5,-0.95,Highway,Low,28.5,0.25,0,97.68,13.68,38.75,inefficient_gear
V003,2026-08-22T10:30:29,Truck,6,6.7,11354.0,Diesel,19.10705,72.837605,38.0,0.76,2884.0,5,66.2,0.0,78.3,-0.39,Highway,Low,29.0,0.26,0,97.67,14.74,38.75,inefficient_gear
V003,2026-08-22T10:30:30,Truck,6,6.7,11354.0,Diesel,19.107146,72.837682,38.6,0.14,2854.0,5,72.3,0.0,86.1,-1.31,Highway,Low,26.2,0.271,0,97.67,14.94,38.75,inefficient_gear
V003,2026-08-22T10:30:31,Truck,6,6.7,11354.0,Diesel,19.107244,72.83776,39.1,0.15,1152.0,5,61.1,0.0,88.0,0.15,Highway,Low,32.1,0.282,0,97.66,15.15,38.75,inefficient_gear
V003,2026-08-22T10:30:32,Truck,6,6.7,11354.0,Diesel,19.107342,72.837839,39.3,0.05,2897.0,5,61.5,0.0,87.4,-1.07,Highway,Low,31.4,0.293,0,97.66,15.22,38.75,inefficient_gear
V003,2026-08-22T10:30:33,Truck,6,6.7,11354.0,Diesel,19.10744,72.837917,39.1,-0.05,1114.0,5,70.3,0.0,77.4,-1.83,Highway,Low,25.4,0.304,0,97.65,15.16,38.75,inefficient_gear
V003,2026-08-22T10:30:34,Truck,6,6.7,11354.0,Diesel,19.107538,72.837995,39.2,0.01,2928.0,5,73.5,0.0,84.1,0.65,Highway,Low,27.2,0.315,0,97.65,15.18,38.75,inefficient_gear
V003,2026-08-22T10:30:35,Truck,6,6.7,11354.0,Diesel,19.107635,72.838073,38.8,-0.09,2954.0,5,74.3,0.0,79.7,-0.3,Highway,Low,26.2,0.325,0,97.65,15.05,38.75,inefficient_gear
V003,2026-08-22T10:30:36,Truck,6,6.7,11354.0,Diesel,19.107734,72.838152,39.7,0.22,2918.0,5,57.6,0.0,81.6,0.89,Highway,Low,28.8,0.336,0,97.64,15.37,38.75,inefficient_gear
V003,2026-08-22T10:30:37,Truck,6,6.7,11354.0,Diesel,19.107834,72.838232,39.8,0.05,2967.0,5,61.8,0.0,82.6,-1.15,Highway,Low,27.0,0.347,0,97.64,15.44,38.75,inefficient_gear
V003,2026-08-22T10:30:38,Truck,6,6.7,11354.0,Diesel,19.107933,72.838311,39.6,-0.08,2931.0,5,72.6,0.0,84.8,-0.21,Highway,Low,27.4,0.358,0,97.63,15.33,38.75,inefficient_gear
V003,2026-08-22T10:30:39,Truck,6,6.7,11354.0,Diesel,19.108035,72.838393,40.9,0.36,2875.0,2,75.9,0.0,88.0,-0.34,Highway,Low,27.9,0.37,0,97.63,15.84,38.75,inefficient_gear
V003,2026-08-22T10:30:40,Truck,6,6.7,11354.0,Diesel,19.108137,72.838474,40.8,-0.01,2183.0,2,78.6,0.0,83.4,0.67,Highway,Low,29.9,0.381,0,97.62,15.82,38.75,inefficient_gear
V003,2026-08-22T10:30:41,Truck,6,6.7,11354.0,Diesel,19.108237,72.838555,40.2,-0.18,2197.0,2,69.5,0.0,91.1,1.69,Highway,Low,26.1,0.392,0,97.62,15.57,38.75,inefficient_gear
V003,2026-08-22T10:30:42,Truck,6,6.7,11354.0,Diesel,19.108339,72.838636,40.8,0.16,2993.0,2,64.2,0.0,81.5,-0.83,Highway,Low,28.1,0.404,0,97.62,15.8,38.75,inefficient_gear
V003,2026-08-22T10:30:43,Truck,6,6.7,11354.0,Diesel,19.108442,72.838719,41.2,0.12,2885.0,2,56.2,0.0,84.3,-0.41,Highway,Low,27.9,0.415,0,97.61,15.96,38.75,inefficient_gear
V003,2026-08-22T10:30:44,Truck,6,6.7,11354.0,Diesel,19.108545,72.838801,41.1,-0.04,2240.0,2,67.3,0.0,85.2,-0.42,Highway,Low,28.9,0.426,0,97.61,15.91,38.75,inefficient_gear
V003,2026-08-22T10:30:45,Truck,6,6.7,11354.0,Diesel,19.108649,72.838884,41.5,0.13,2886.0,2,63.1,0.0,87.9,-0.24,Highway,Low,29.0,0.438,0,97.6,16.09,38.75,inefficient_gear
V003,2026-08-22T10:30:46,Truck,6,6.7,11354.0,Diesel,19.108751,72.838965,40.8,-0.21,2229.0,2,66.2,0.0,91.2,0.66,Highway,Low,26.7,0.449,0,97.6,15.8,38.75,inefficient_gear
V003,2026-08-22T10:30:47,Truck,6,6.7,11354.0,Diesel,19.108852,72.839047,40.7,-0.03,2178.0,2,61.5,0.0,86.4,-0.72,Highway,Low,27.6,0.461,0,97.59,15.76,38.75,inefficient_gear
V003,2026-08-22T10:30:48,Truck,6,6.7,11354.0,Diesel,19.108956,72.83913,41.6,0.27,2883.0,2,69.2,0.0,78.8,1.74,Highway,Low,28.2,0.472,0,97.59,16.14,38.75,inefficient_gear
V003,2026-08-22T10:30:49,Truck,6,6.7,11354.0,Diesel,19.109061,72.839214,41.8,0.05,2909.0,2,74.5,0.0,90.6,-0.1,Highway,Low,28.4,0.484,0,97.58,16.21,38.75,inefficient_gear
V003,2026-08-22T10:30:50,Truck,6,6.7,11354.0,Diesel,19.109167,72.839299,42.6,0.2,2904.0,2,65.6,0.0,88.3,-0.34,Highway,Low,29.9,0.496,0,97.58,16.49,38.75,inefficient_gear
V003,2026-08-22T10:30:51,Truck,6,6.7,11354.0,Diesel,19.109275,72.839385,43.1,0.15,2308.0,2,66.3,0.0,78.8,-1.14,Highway,Low,25.5,0.508,0,97.58,16.71,38.75,inefficient_gear
V003,2026-08-22T10:30:52,Truck,6,6.7,11354.0,Diesel,19.109384,72.839472,43.4,0.07,2349.0,2,64.5,0.0,90.0,0.25,Highway,Low,28.5,0.52,0,97.57,16.81,38.75,inefficient_gear
V003,2026-08-22T10:30:53,Truck,6,6.7,11354.0,Diesel,19.109492,72.839559,43.4,0.01,2877.0,2,65.9,0.0,77.8,-1.08,Highway,Low,28.7,0.532,0,97.57,16.82,38.75,inefficient_gear
V003,2026-08-22T10:30:54,Truck,6,6.7,11354.0,Diesel,19.109601,72.839646,43.7,0.07,2368.0,2,57.2,0.0,85.0,0.45,Highway,Low,25.9,0.544,0,97.56,16.91,38.75,inefficient_gear
V003,2026-08-22T10:30:55,Truck,6,6.7,11354.0,Diesel,19.10971,72.839733,43.7,0.01,2322.0,2,64.3,0.0,80.2,-1.09,Highway,Low,27.5,0.556,0,97.56,16.93,38.75,inefficient_gear
V003,2026-08-22T10:30:56,Truck,6,6.7,11354.0,Diesel,19.109821,72.839821,44.1,0.11,2351.0,2,57.0,0.0,80.3,-1.18,Highway,Low,26.3,0.568,0,97.55,17.09,38.75,inefficient_gear
V003,2026-08-22T10:30:57,Truck,6,6.7,11354.0,Diesel,19.109933,72.839911,45.0,0.24,2944.0,2,74.8,0.0,77.4,-0.62,Highway,Low,26.9,0.581,0,97.55,17.42,38.75,inefficient_gear
V003,2026-08-22T10:30:58,Truck,6,6.7,11354.0,Diesel,19.110045,72.840001,44.7,-0.08,2903.0,2,59.7,0.0,76.5,0.52,Highway,Low,27.5,0.593,0,97.54,17.31,38.75,inefficient_gear
V003,2026-08-22T10:30:59,Truck,6,6.7,11354.0,Diesel,19.110157,72.84009,44.8,0.03,2395.0,2,66.7,0.0,90.7,-0.44,Highway,Low,28.4,0.606,0,97.54,17.34,38.75,inefficient_gear
V003,2026-08-22T10:31:00,Truck,6,6.7,11354.0,Diesel,19.11027,72.840181,45.2,0.11,2395.0,2,64.5,0.0,76.2,0.34,Highway,Low,29.3,0.618,0,97.53,17.5,38.75,inefficient_gear
V003,2026-08-22T10:31:01,Truck,6,6.7,11354.0,Diesel,19.110385,72.840273,46.0,0.24,2901.0,2,70.1,0.0,75.5,-0.34,Highway,Low,25.4,0.631,0,97.53,17.83,38.75,inefficient_gear
V003,2026-08-22T10:31:02,Truck,6,6.7,11354.0,Diesel,19.110502,72.840367,47.0,0.26,2976.0,2,59.0,0.0,80.8,-1.6,Highway,Low,29.4,0.644,0,97.52,18.19,38.75,inefficient_gear
V003,2026-08-22T10:31:03,Truck,6,6.7,11354.0,Diesel,19.110617,72.840458,45.8,-0.32,2452.0,2,58.8,0.0,76.4,-0.63,Highway,Low,27.6,0.657,0,97.52,17.75,38.75,inefficient_gear
V003,2026-08-22T10:31:04,Truck,6,6.7,11354.0,Diesel,19.110732,72.840551,46.2,0.11,2930.0,2,64.3,0.0,75.2,1.4,Highway,Low,26.6,0.669,0,97.51,17.9,38.75,inefficient_gear
V003,2026-08-22T10:31:05,Truck,6,6.7,11354.0,Diesel,19.110846,72.840641,45.4,-0.21,2384.0,2,76.1,0.0,75.0,-0.45,Highway,Low,29.8,0.682,0,97.51,17.61,38.75,inefficient_gear
V003,2026-08-22T10:31:06,Truck,6,6.7,11354.0,Diesel,19.110962,72.840735,46.6,0.32,2421.0,2,67.9,0.0,75.5,0.85,Highway,Low,26.5,0.695,0,97.5,18.06,38.75,inefficient_gear
V003,2026-08-22T10:31:07,Truck,6,6.7,11354.0,Diesel,19.111079,72.840828,46.9,0.08,2438.0,2,63.0,0.0,79.2,-0.77,Highway,Low,27.3,0.708,0,97.5,18.17,38.75,inefficient_gear
V003,2026-08-22T10:31:08,Truck,6,6.7,11354.0,Diesel,19.111194,72.84092,46.0,-0.24,2424.0,2,70.0,0.0,80.5,-1.29,Highway,Low,27.5,0.721,0,97.49,17.83,38.75,inefficient_gear
V003,2026-08-22T10:31:09,Truck,6,6.7,11354.0,Diesel,19.111309,72.841012,45.6,-0.1,2359.0,2,55.8,0.0,76.6,0.6,Highway,Low,28.8,0.734,0,97.49,17.69,38.75,inefficient_gear
V003,2026-08-22T10:31:10,Truck,6,6.7,11354.0,Diesel,19.111426,72.841106,47.0,0.36,2498.0,2,56.3,0.0,87.5,0.82,Highway,Low,27.0,0.747,0,97.48,18.2,38.75,inefficient_gear
V003,2026-08-22T10:31:11,Truck,6,6.7,11354.0,Diesel,19.111544,72.8412,47.4,0.11,2868.0,2,55.2,0.0,80.5,-0.91,Highway,Low,29.0,0.76,0,97.48,18.35,38.75,inefficient_gear
V003,2026-08-22T10:31:12,Truck,6,6.7,11354.0,Diesel,19.111662,72.841295,47.1,-0.06,2474.0,2,72.3,0.0,76.6,-0.17,Highway,Low,28.5,0.773,0,97.47,18.26,38.75,inefficient_gear
V003,2026-08-22T10:31:13,Truck,6,6.7,11354.0,Diesel,19.11178,72.841389,47.2,0.02,2936.0,2,56.5,0.0,77.0,0.11,Highway,Low,25.7,0.786,0,97.47,18.3,38.75,inefficient_gear
V003,2026-08-22T10:31:14,Truck,6,6.7,11354.0,Diesel,19.1119,72.841485,47.8,0.17,2900.0,2,66.7,0.0,89.3,-1.76,Highway,Low,29.0,0.799,0,97.46,18.54,38.75,inefficient_gear
V003,2026-08-22T10:31:15,Truck,6,6.7,11354.0,Diesel,19.112019,72.84158,47.8,-0.02,2939.0,2,57.2,0.0,83.5,0.19,Highway,Low,29.4,0.812,0,97.46,18.52,38.75,inefficient_gear
V003,2026-08-22T10:31:16,Truck,6,6.7,11354.0,Diesel,19.112141,72.841677,48.5,0.19,2509.0,2,58.1,0.0,81.5,0.27,Highway,Low,28.0,0.826,0,97.45,18.79,38.75,inefficient_gear
V003,2026-08-22T10:31:17,Truck,6,6.7,11354.0,Diesel,19.112262,72.841774,48.6,0.02,2920.0,2,71.2,0.0,81.7,0.33,Highway,Low,30.0,0.839,0,97.45,18.82,38.75,inefficient_gear
V003,2026-08-22T10:31:18,Truck,6,6.7,11354.0,Diesel,19.112381,72.84187,47.8,-0.22,2521.0,2,64.1,0.0,91.7,-0.22,Highway,Low,28.2,0.853,0,97.44,18.51,38.75,inefficient_gear
V003,2026-08-22T10:31:19,Truck,6,6.7,11354.0,Diesel,19.112502,72.841966,48.2,0.12,2901.0,2,61.5,0.0,85.5,-0.76,Highway,Low,29.3,0.866,0,97.44,18.67,38.75,inefficient_gear
V003,2026-08-22T10:31:20,Truck,6,6.7,11354.0,Diesel,19.112622,72.842062,48.0,-0.06,2528.0,2,62.2,0.0,80.1,2.16,Highway,Low,28.5,0.879,0,97.43,18.58,38.75,inefficient_gear
V003,2026-08-22T10:31:21,Truck,6,6.7,11354.0,Diesel,19.112744,72.84216,48.7,0.22,2564.0,2,58.7,0.0,79.5,-0.71,Highway,Low,30.1,0.893,0,97.43,18.89,38.75,inefficient_gear
V003,2026-08-22T10:31:22,Truck,6,6.7,11354.0,Diesel,19.112866,72.842258,49.0,0.06,2896.0,2,65.7,0.0,84.4,-0.27,Highway,Low,29.6,0.907,0,97.42,18.98,38.75,inefficient_gear
V003,2026-08-22T10:31:23,Truck,6,6.7,11354.0,Diesel,19.112989,72.842356,49.3,0.09,2485.0,2,70.9,0.0,79.0,1.01,Highway,Low,27.0,0.92,0,97.42,19.1,38.75,inefficient_gear
V003,2026-08-22T10:31:24,Truck,6,6.7,11354.0,Diesel,19.113113,72.842455,49.4,0.02,2662.0,2,75.8,0.0,84.1,-0.84,Highway,Low,27.7,0.934,0,97.41,19.13,38.75,inefficient_gear
V003,2026-08-22T10:31:25,Truck,6,6.7,11354.0,Diesel,19.113236,72.842554,49.3,-0.03,2588.0,2,72.0,0.0,86.2,-0.1,Highway,Low,26.3,0.948,0,97.4,19.08,38.75,inefficient_gear
V003,2026-08-22T10:31:26,Truck,6,6.7,11354.0,Diesel,19.113363,72.842655,50.9,0.45,2875.0,2,57.9,0.0,78.1,-0.41,Highway,Low,28.5,0.962,0,97.4,19.71,38.75,inefficient_gear
V003,2026-08-22T10:31:27,Truck,6,6.7,11354.0,Diesel,19.113493,72.842759,51.9,0.28,2917.0,2,59.9,0.0,75.8,-1.13,Highway,Low,29.9,0.976,0,97.39,20.11,38.75,inefficient_gear
V003,2026-08-22T10:31:28,Truck,6,6.7,11354.0,Diesel,19.113623,72.842864,52.2,0.09,2711.0,2,57.8,0.0,83.1,-0.57,Highway,Low,28.6,0.991,0,97.39,20.23,38.75,inefficient_gear
V003,2026-08-22T10:31:29,Truck,6,6.7,11354.0,Diesel,19.113756,72.842969,52.9,0.19,2886.0,2,60.0,0.0,79.6,-0.31,Highway,Low,29.6,1.005,0,97.38,20.5,38.75,inefficient_gear
V003,2026-08-22T10:31:30,Truck,6,6.7,11354.0,Diesel,19.113887,72.843075,52.7,-0.06,2856.0,2,73.2,0.0,79.2,-0.12,Highway,Low,27.8,1.02,0,97.38,20.41,38.75,inefficient_gear
V003,2026-08-22T10:31:31,Truck,6,6.7,11354.0,Diesel,19.114022,72.843182,53.9,0.33,2788.0,2,59.2,0.0,84.6,0.41,Highway,Low,29.0,1.035,0,97.37,20.87,38.75,inefficient_gear
V003,2026-08-22T10:31:32,Truck,6,6.7,11354.0,Diesel,19.114156,72.843289,53.5,-0.1,2873.0,2,75.6,0.0,89.5,-0.56,Highway,Low,28.4,1.05,0,97.37,20.73,38.75,inefficient_gear
V003,2026-08-22T10:31:33,Truck,6,6.7,11354.0,Diesel,19.114288,72.843396,53.0,-0.13,2758.0,2,57.1,0.0,88.7,0.44,Highway,Low,27.8,1.065,0,97.36,20.55,38.75,inefficient_gear
V003,2026-08-22T10:31:34,Truck,6,6.7,11354.0,Diesel,19.114422,72.843503,53.5,0.13,2981.0,2,69.0,0.0,85.9,-0.29,Highway,Low,27.9,1.079,0,97.35,20.73,38.75,inefficient_gear
V003,2026-08-22T10:31:35,Truck,6,6.7,11354.0,Diesel,19.114554,72.843608,52.8,-0.2,2758.0,2,59.6,0.0,86.1,0.72,Highway,Low,26.8,1.094,0,97.35,20.45,38.75,inefficient_gear
V003,2026-08-22T10:31:36,Truck,6,6.7,11354.0,Diesel,19.114686,72.843714,52.9,0.05,2912.0,2,63.9,0.0,87.2,0.36,Highway,Low,26.9,1.109,0,97.34,20.51,38.75,inefficient_gear
V003,2026-08-22T10:31:37,Truck,6,6.7,11354.0,Diesel,19.11482,72.843821,53.7,0.2,2761.0,2,65.1,0.0,82.0,1.09,Highway,Low,29.2,1.124,0,97.34,20.79,38.75,inefficient_gear
V003,2026-08-22T10:31:38,Truck,6,6.7,11354.0,Diesel,19.114957,72.843931,54.7,0.29,2852.0,2,74.1,0.0,88.4,-0.65,Highway,Low,30.0,1.139,0,97.33,21.2,38.75,inefficient_gear
V003,2026-08-22T10:31:39,Truck,6,6.7,11354.0,Diesel,19.115096,72.844042,55.5,0.21,2857.0,2,66.0,0.0,85.3,0.87,Highway,Low,31.1,1.154,0,97.32,21.5,38.75,inefficient_gear
V003,2026-08-22T10:31:40,Truck,6,6.7,11354.0,Diesel,19.115233,72.844151,54.8,-0.2,2955.0,2,73.2,0.0,83.9,0.42,Highway,Low,27.7,1.17,0,97.32,21.22,38.75,inefficient_gear
V003,2026-08-22T10:31:41,Truck,6,6.7,11354.0,Diesel,19.115373,72.844263,56.1,0.37,2872.0,2,78.1,0.0,87.5,-0.22,Highway,Low,29.0,1.185,0,97.31,21.73,38.75,inefficient_gear
V003,2026-08-22T10:31:42,Truck,6,6.7,11354.0,Diesel,19.115514,72.844376,56.5,0.11,2867.0,2,80.0,0.0,91.5,-0.14,Highway,Low,27.3,1.201,0,97.31,21.89,38.75,inefficient_gear
V003,2026-08-22T10:31:43,Truck,6,6.7,11354.0,Diesel,19.115655,72.844489,56.2,-0.07,2912.0,2,73.6,0.0,88.7,1.79,Highway,Low,26.6,1.216,0,97.3,21.79,38.75,inefficient_gear
V003,2026-08-22T10:31:44,Truck,6,6.7,11354.0,Diesel,19.115794,72.8446,55.8,-0.12,2842.0,2,78.7,0.0,80.8,-0.15,Highway,Low,30.1,1.232,0,97.29,21.62,38.75,inefficient_gear
V003,2026-08-22T10:31:45,Truck,6,6.7,11354.0,Diesel,19.115934,72.844712,55.6,-0.04,2866.0,2,63.5,0.0,85.1,0.09,Highway,Low,26.9,1.247,0,97.29,21.56,38.75,inefficient_gear
V003,2026-08-22T10:31:46,Truck,6,6.7,11354.0,Diesel,19.116071,72.844822,54.9,-0.21,2908.0,2,66.8,0.0,83.6,0.87,Highway,Low,29.4,1.263,0,97.28,21.27,38.75,inefficient_gear
V003,2026-08-22T10:31:47,Truck,6,6.7,11354.0,Diesel,19.116209,72.844932,55.4,0.14,2852.0,2,58.7,0.0,88.5,-1.12,Highway,Low,27.6,1.278,0,97.28,21.47,38.75,inefficient_gear
V003,2026-08-22T10:31:48,Truck,6,6.7,11354.0,Diesel,19.11635,72.845045,56.3,0.25,2906.0,2,63.6,0.0,82.8,-0.12,Highway,Low,23.1,1.294,0,97.27,21.82,38.75,inefficient_gear
V003,2026-08-22T10:31:49,Truck,6,6.7,11354.0,Diesel,19.11649,72.845157,55.9,-0.12,2893.0,2,56.7,0.0,81.7,-0.02,Highway,Low,29.6,1.309,0,97.26,21.66,38.75,inefficient_gear
V003,2026-08-22T10:31:50,Truck,6,6.7,11354.0,Diesel,19.116627,72.845267,55.0,-0.24,2889.0,2,70.4,0.0,81.3,-1.25,Highway,Low,27.7,1.325,0,97.26,21.33,38.75,inefficient_gear
V003,2026-08-22T10:31:51,Truck,6,6.7,11354.0,Diesel,19.116764,72.845376,54.8,-0.08,2833.0,2,57.9,0.0,85.4,0.32,Highway,Low,29.2,1.34,0,97.25,21.22,38.75,inefficient_gear
V003,2026-08-22T10:31:52,Truck,6,6.7,11354.0,Diesel,19.116901,72.845486,54.8,0.02,2958.0,2,57.1,0.0,84.4,0.1,Highway,Low,27.2,1.355,0,97.25,21.24,38.75,inefficient_gear
V003,2026-08-22T10:31:53,Truck,6,6.7,11354.0,Diesel,19.11704,72.845597,55.2,0.12,2848.0,2,58.3,0.0,88.0,0.61,Highway,Low,30.8,1.37,0,97.24,21.41,38.75,inefficient_gear
V003,2026-08-22T10:31:54,Truck,6,6.7,11354.0,Diesel,19.117182,72.84571,56.9,0.45,2884.0,2,56.7,0.0,83.4,-0.63,Highway,Low,31.6,1.386,0,97.24,22.03,38.75,inefficient_gear
V003,2026-08-22T10:31:55,Truck,6,6.7,11354.0,Diesel,19.117323,72.845823,56.4,-0.12,2876.0,2,57.5,0.0,82.0,-0.36,Highway,Low,29.8,1.402,0,97.23,21.87,38.75,inefficient_gear
V003,2026-08-22T10:31:56,Truck,6,6.7,11354.0,Diesel,19.117467,72.845939,57.7,0.35,2969.0,2,74.2,0.0,84.9,-0.24,Highway,Low,28.4,1.418,0,97.22,22.36,38.75,inefficient_gear
V003,2026-08-22T10:31:57,Truck,6,6.7,11354.0,Diesel,19.117612,72.846054,57.9,0.06,2970.0,2,79.2,0.0,77.8,-0.87,Highway,Low,30.7,1.434,0,97.22,22.45,38.75,inefficient_gear
V003,2026-08-22T10:31:58,Truck,6,6.7,11354.0,Diesel,19.117757,72.84617,58.0,0.01,2913.0,2,75.4,0.0,78.7,-0.66,Highway,Low,27.6,1.45,0,97.21,22.47,38.75,inefficient_gear
V003,2026-08-22T10:31:59,Truck,6,6.7,11354.0,Diesel,19.117903,72.846288,58.6,0.18,2886.0,2,65.4,0.0,82.2,0.16,Highway,Low,28.3,1.466,0,97.2,22.72,38.75,inefficient_gear
V003,2026-08-22T12:30:00,Truck,6,6.7,16322.6,Diesel,19.095882,72.86872,0.0,0.0,1385.0,0,0.0,43.0,16.8,0.0,Mountain,Gridlock,32.2,0.0,1,136.35,2.63,99.9,excessive_idling
V003,2026-08-22T12:30:01,Truck,6,6.7,16322.6,Diesel,19.095882,72.86872,0.0,0.0,1376.0,0,0.0,45.4,15.0,0.16,Mountain,Gridlock,27.3,0.0,2,136.35,2.62,99.9,excessive_idling
V003,2026-08-22T12:30:02,Truck,6,6.7,16322.6,Diesel,19.095882,72.86872,0.0,0.0,1383.0,0,0.0,59.0,12.3,0.31,Mountain,Gridlock,24.9,0.0,3,136.35,2.68,99.9,excessive_idling
V003,2026-08-22T12:30:03,Truck,6,6.7,16322.6,Diesel,19.095882,72.86872,0.0,0.0,1405.0,0,0.0,51.4,12.1,0.47,Mountain,Gridlock,29.2,0.0,4,136.35,2.76,99.9,excessive_idling
V003,2026-08-22T12:30:04,Truck,6,6.7,16322.6,Diesel,19.095882,72.86872,0.0,0.0,1392.0,0,0.0,50.9,12.8,0.63,Mountain,Gridlock,29.3,0.0,5,136.35,2.59,99.9,excessive_idling
V003,2026-08-22T12:30:05,Truck,6,6.7,16322.6,Diesel,19.095882,72.86872,0.0,0.0,1346.0,0,0.0,34.1,14.3,0.78,Mountain,Gridlock,27.9,0.0,6,136.35,2.77,99.9,excessive_idling
V003,2026-08-22T12:30:06,Truck,6,6.7,16322.6,Diesel,19.095882,72.86872,0.0,0.0,1363.0,0,0.0,45.4,14.2,0.94,Mountain,Gridlock,29.5,0.0,7,136.35,2.7,99.9,excessive_idling
V003,2026-08-22T12:30:07,Truck,6,6.7,16322.6,Diesel,19.095882,72.86872,0.0,0.0,1403.0,0,0.0,59.0,13.8,1.09,Mountain,Gridlock,27.0,0.0,8,136.35,2.73,99.9,excessive_idling
V003,2026-08-22T12:30:08,Truck,6,6.7,16322.6,Diesel,19.095882,72.86872,0.0,0.0,1371.0,0,0.0,57.0,13.1,1.25,Mountain,Gridlock,30.1,0.0,9,136.35,2.62,99.9,excessive_idling
V003,2026-08-22T12:30:09,Truck,6,6.7,16322.6,Diesel,19.095882,72.86872,0.0,0.0,1355.0,0,0.0,30.1,16.5,1.4,Mountain,Gridlock,27.9,0.0,10,136.35,2.71,99.9,excessive_idling
V003,2026-08-22T12:30:10,Truck,6,6.7,16322.6,Diesel,19.095882,72.86872,0.0,0.0,1385.0,0,0.0,43.2,17.0,1.55,Mountain,Gridlock,27.8,0.0,11,136.35,2.71,99.9,excessive_idling
V003,2026-08-22T12:30:11,Truck,6,6.7,16322.6,Diesel,19.095882,72.86872,0.0,0.0,1388.0,0,0.0,41.7,17.8,1.7,Mountain,Gridlock,28.9,0.0,12,136.35,2.66,99.9,excessive_idling
V003,2026-08-22T12:30:12,Truck,6,6.7,16322.6,Diesel,19.095882,72.86872,0.0,0.0,1367.0,0,0.0,35.0,14.4,1.85,Mountain,Gridlock,27.0,0.0,13,136.35,2.69,99.9,excessive_idling
V003,2026-08-22T12:30:13,Truck,6,6.7,16322.6,Diesel,19.095882,72.86872,0.0,0.0,1375.0,0,0.0,47.0,12.6,2.0,Mountain,Gridlock,30.0,0.0,14,136.34,2.86,99.9,excessive_idling
V003,2026-08-22T12:30:14,Truck,6,6.7,16322.6,Diesel,19.095882,72.86872,0.0,0.0,1363.0,0,0.0,49.4,14.4,2.14,Mountain,Gridlock,27.1,0.0,15,136.34,2.78,99.9,excessive_idling
V003,2026-08-22T12:30:15,Truck,6,6.7,16322.6,Diesel,19.095882,72.86872,0.0,0.0,1370.0,0,0.0,40.5,14.0,2.29,Mountain,Gridlock,27.2,0.0,16,136.34,2.68,99.9,excessive_idling
V003,2026-08-22T12:30:16,Truck,6,6.7,16322.6,Diesel,19.095882,72.86872,0.0,0.0,1426.0,0,0.0,38.3,15.7,2.43,Mountain,Gridlock,27.2,0.0,17,136.34,2.77,99.9,excessive_idling
V003,2026-08-22T12:30:17,Truck,6,6.7,16322.6,Diesel,19.095882,72.86872,0.0,0.0,1360.0,0,0.0,53.5,14.4,2.57,Mountain,Gridlock,28.7,0.0,18,136.34,2.76,99.9,excessive_idling
V003,2026-08-22T12:30:18,Truck,6,6.7,16322.6,Diesel,19.095882,72.86872,0.0,0.0,1360.0,0,0.0,51.2,12.5,2.71,Mountain,Gridlock,27.2,0.0,19,136.34,2.66,99.9,excessive_idling
V003,2026-08-22T12:30:19,Truck,6,6.7,16322.6,Diesel,19.095882,72.86872,0.0,0.0,1342.0,0,0.0,48.6,12.4,2.84,Mountain,Gridlock,28.9,0.0,20,136.34,2.56,99.9,excessive_idling
V003,2026-08-22T12:30:20,Truck,6,6.7,16322.6,Diesel,19.095882,72.86872,0.0,0.0,1367.0,0,0.0,38.9,15.6,2.97,Mountain,Gridlock,27.1,0.0,21,136.34,2.61,99.9,excessive_idling
V003,2026-08-22T12:30:21,Truck,6,6.7,16322.6,Diesel,19.095882,72.86872,0.0,0.0,1363.0,0,0.0,40.8,13.4,3.11,Mountain,Gridlock,29.5,0.0,22,136.34,2.69,99.9,excessive_idling
V003,2026-08-22T12:30:22,Truck,6,6.7,16322.6,Diesel,19.095882,72.86872,0.0,0.0,1358.0,0,0.0,40.6,17.1,3.23,Mountain,Gridlock,28.7,0.0,23,136.34,2.61,99.9,excessive_idling
V003,2026-08-22T12:30:23,Truck,6,6.7,16322.6,Diesel,19.095882,72.86872,0.0,0.0,1362.0,0,0.0,54.7,16.7,3.36,Mountain,Gridlock,26.6,0.0,24,136.34,2.81,99.9,excessive_idling
V003,2026-08-22T12:30:24,Truck,6,6.7,16322.6,Diesel,19.095882,72.86872,0.0,0.0,1361.0,0,0.0,52.7,14.8,3.48,Mountain,Gridlock,29.2,0.0,25,136.34,2.59,99.9,excessive_idling
V003,2026-08-22T12:30:25,Truck,6,6.7,16322.6,Diesel,19.095882,72.86872,0.0,0.0,1367.0,0,0.0,50.4,14.8,3.6,Mountain,Gridlock,29.7,0.0,26,136.34,2.67,99.9,excessive_idling
V003,2026-08-22T12:30:26,Truck,6,6.7,16322.6,Diesel,19.095882,72.86872,0.0,0.0,1389.0,0,0.0,54.9,17.0,3.72,Mountain,Gridlock,28.9,0.0,27,136.33,2.84,99.9,excessive_idling
V003,2026-08-22T12:30:27,Truck,6,6.7,16322.6,Diesel,19.095882,72.86872,0.0,0.0,1358.0,0,0.0,59.6,13.7,3.83,Mountain,Gridlock,28.2,0.0,28,136.33,2.74,99.9,excessive_idling
V003,2026-08-22T12:30:28,Truck,6,6.7,16322.6,Diesel,19.095882,72.86872,0.0,0.0,1400.0,0,0.0,31.6,12.1,3.95,Mountain,Gridlock,27.9,0.0,29,136.33,2.71,99.9,excessive_idling
V003,2026-08-22T12:30:29,Truck,6,6.7,16322.6,Diesel,19.095882,72.86872,0.0,0.0,1355.0,0,0.0,33.4,16.5,4.05,Mountain,Gridlock,28.5,0.0,30,136.33,2.69,99.9,excessive_idling
V003,2026-08-22T12:30:30,Truck,6,6.7,16322.6,Diesel,19.095882,72.86872,0.0,0.0,1370.0,0,0.0,49.3,17.1,4.16,Mountain,Gridlock,24.7,0.0,31,136.33,2.61,99.9,excessive_idling
V003,2026-08-22T12:30:31,Truck,6,6.7,16322.6,Diesel,19.095882,72.86872,0.0,0.0,1358.0,0,0.0,39.4,15.5,4.26,Mountain,Gridlock,28.1,0.0,32,136.33,2.71,99.9,excessive_idling
V003,2026-08-22T12:30:32,Truck,6,6.7,16322.6,Diesel,19.095882,72.86872,0.0,0.0,1377.0,0,0.0,45.3,14.0,4.36,Mountain,Gridlock,29.6,0.0,33,136.33,2.72,99.9,excessive_idling
V003,2026-08-22T12:30:33,Truck,6,6.7,16322.6,Diesel,19.095882,72.86872,0.0,0.0,1372.0,0,0.0,44.4,13.7,4.45,Mountain,Gridlock,28.7,0.0,34,136.33,2.58,99.9,excessive_idling
V003,2026-08-22T12:30:34,Truck,6,6.7,16322.6,Diesel,19.095882,72.86872,0.0,0.0,1401.0,0,0.0,57.2,16.6,4.54,Mountain,Gridlock,27.3,0.0,35,136.33,2.7,99.9,excessive_idling
V003,2026-08-22T12:30:35,Truck,6,6.7,16322.6,Diesel,19.095882,72.86872,0.0,0.0,1372.0,0,0.0,34.7,12.0,4.63,Mountain,Gridlock,26.7,0.0,36,136.33,2.7,99.9,excessive_idling
V003,2026-08-22T12:30:36,Truck,6,6.7,16322.6,Diesel,19.095882,72.86872,0.0,0.0,1344.0,0,0.0,38.6,16.1,4.71,Mountain,Gridlock,25.8,0.0,37,136.33,2.66,99.9,excessive_idling
V003,2026-08-22T12:30:37,Truck,6,6.7,16322.6,Diesel,19.095882,72.86872,0.0,0.0,1359.0,0,0.0,41.0,12.7,4.79,Mountain,Gridlock,28.5,0.0,38,136.33,2.82,99.9,excessive_idling
V003,2026-08-22T12:30:38,Truck,6,6.7,16322.6,Diesel,19.095882,72.86872,0.0,0.0,1355.0,0,0.0,38.7,13.9,4.87,Mountain,Gridlock,26.5,0.0,39,136.33,2.73,99.9,excessive_idling
V003,2026-08-22T12:30:39,Truck,6,6.7,16322.6,Diesel,19.095882,72.86872,0.0,0.0,1368.0,0,0.0,32.3,15.1,4.94,Mountain,Gridlock,29.1,0.0,40,136.33,2.59,99.9,excessive_idling
V003,2026-08-22T12:30:40,Truck,6,6.7,16322.6,Diesel,19.095882,72.86872,0.0,0.0,1378.0,0,0.0,51.4,17.7,5.0,Mountain,Gridlock,29.3,0.0,41,136.32,2.72,99.9,excessive_idling
V003,2026-08-22T12:30:41,Truck,6,6.7,16322.6,Diesel,19.095882,72.86872,0.0,0.0,1371.0,0,0.0,57.9,14.4,5.07,Mountain,Gridlock,26.1,0.0,42,136.32,2.66,99.9,excessive_idling
V003,2026-08-22T12:30:42,Truck,6,6.7,16322.6,Diesel,19.095882,72.86872,0.0,0.0,1349.0,0,0.0,48.0,13.9,5.13,Mountain,Gridlock,29.8,0.0,43,136.32,2.62,99.9,excessive_idling
V003,2026-08-22T12:30:43,Truck,6,6.7,16322.6,Diesel,19.095882,72.86872,0.0,0.0,1365.0,0,0.0,36.7,13.5,5.18,Mountain,Gridlock,30.8,0.0,44,136.32,2.77,99.9,excessive_idling
V003,2026-08-22T12:30:44,Truck,6,6.7,16322.6,Diesel,19.095882,72.86872,0.0,0.0,1375.0,0,0.0,39.1,14.3,5.23,Mountain,Gridlock,28.2,0.0,45,136.32,2.63,99.9,excessive_idling
V003,2026-08-22T12:30:45,Truck,6,6.7,16322.6,Diesel,19.095882,72.86872,0.0,0.0,1349.0,0,0.0,50.6,13.5,5.28,Mountain,Gridlock,29.2,0.0,46,136.32,2.82,99.9,excessive_idling
V003,2026-08-22T12:30:46,Truck,6,6.7,16322.6,Diesel,19.095882,72.86872,0.0,0.0,1361.0,0,0.0,55.8,16.9,5.32,Mountain,Gridlock,29.4,0.0,47,136.32,2.69,99.9,excessive_idling
V003,2026-08-22T12:30:47,Truck,6,6.7,16322.6,Diesel,19.095882,72.86872,0.0,0.0,1362.0,0,0.0,47.2,14.2,5.36,Mountain,Gridlock,26.7,0.0,48,136.32,2.56,99.9,excessive_idling
V003,2026-08-22T12:30:48,Truck,6,6.7,16322.6,Diesel,19.095882,72.86872,0.0,0.0,1343.0,0,0.0,50.2,14.9,5.39,Mountain,Gridlock,28.8,0.0,49,136.32,2.62,99.9,excessive_idling
V003,2026-08-22T12:30:49,Truck,6,6.7,16322.6,Diesel,19.095882,72.86872,0.0,0.0,1372.0,0,0.0,35.9,13.5,5.42,Mountain,Gridlock,26.6,0.0,50,136.32,2.62,99.9,excessive_idling
V003,2026-08-22T12:30:50,Truck,6,6.7,16322.6,Diesel,19.095882,72.86872,0.0,0.0,1370.0,0,0.0,36.3,16.8,5.44,Mountain,Gridlock,29.3,0.0,51,136.32,2.67,99.9,excessive_idling
V003,2026-08-22T12:30:51,Truck,6,6.7,16322.6,Diesel,19.095882,72.86872,0.0,0.0,1358.0,0,0.0,49.4,16.2,5.46,Mountain,Gridlock,30.5,0.0,52,136.32,2.56,99.9,excessive_idling
V003,2026-08-22T12:30:52,Truck,6,6.7,16322.6,Diesel,19.095882,72.86872,0.0,0.0,1375.0,0,0.0,42.6,15.4,5.48,Mountain,Gridlock,27.8,0.0,53,136.32,2.69,99.9,excessive_idling
V003,2026-08-22T12:30:53,Truck,6,6.7,16322.6,Diesel,19.095882,72.86872,0.0,0.0,1387.0,0,0.0,40.4,14.5,5.49,Mountain,Gridlock,26.4,0.0,54,136.31,2.63,99.9,excessive_idling
V003,2026-08-22T12:30:54,Truck,6,6.7,16322.6,Diesel,19.095882,72.86872,0.0,0.0,1375.0,0,0.0,49.2,17.4,5.5,Mountain,Gridlock,29.1,0.0,55,136.31,2.6,99.9,excessive_idling
V003,2026-08-22T12:30:55,Truck,6,6.7,16322.6,Diesel,19.095882,72.86872,0.0,0.0,1394.0,0,0.0,46.1,12.0,5.5,Mountain,Gridlock,26.9,0.0,56,136.31,2.67,99.9,excessive_idling
V003,2026-08-22T12:30:56,Truck,6,6.7,16322.6,Diesel,19.095882,72.86872,0.0,0.0,1398.0,0,0.0,58.0,14.5,5.5,Mountain,Gridlock,28.4,0.0,57,136.31,2.76,99.9,excessive_idling
V003,2026-08-22T12:30:57,Truck,6,6.7,16322.6,Diesel,19.095882,72.86872,0.0,0.0,1362.0,0,0.0,46.1,16.8,5.49,Mountain,Gridlock,27.5,0.0,58,136.31,2.72,99.9,excessive_idling
V003,2026-08-22T12:30:58,Truck,6,6.7,16322.6,Diesel,19.095882,72.86872,0.0,0.0,1376.0,0,0.0,35.4,17.7,5.48,Mountain,Gridlock,29.8,0.0,59,136.31,2.82,99.9,excessive_idling
V003,2026-08-22T12:30:59,Truck,6,6.7,16322.6,Diesel,19.095882,72.86872,0.0,0.0,1361.0,0,0.0,46.3,15.7,5.46,Mountain,Gridlock,28.5,0.0,60,136.31,2.73,99.9,excessive_idling
V003,2026-08-22T12:31:00,Truck,6,6.7,16322.6,Diesel,19.095882,72.86872,0.0,0.0,1373.0,0,0.0,47.2,12.5,5.44,Mountain,Gridlock,29.2,0.0,61,136.31,2.71,99.9,excessive_idling
V003,2026-08-22T12:31:01,Truck,6,6.7,16322.6,Diesel,19.095882,72.86872,0.0,0.0,1365.0,0,0.0,59.8,12.1,5.42,Mountain,Gridlock,30.3,0.0,62,136.31,2.72,99.9,excessive_idling
V003,2026-08-22T12:31:02,Truck,6,6.7,16322.6,Diesel,19.095882,72.86872,0.0,0.0,1360.0,0,0.0,38.5,17.1,5.39,Mountain,Gridlock,28.1,0.0,63,136.31,2.66,99.9,excessive_idling
V003,2026-08-22T12:31:03,Truck,6,6.7,16322.6,Diesel,19.095882,72.86872,0.0,0.0,1367.0,0,0.0,39.7,13.2,5.36,Mountain,Gridlock,27.6,0.0,64,136.31,2.65,99.9,excessive_idling
V003,2026-08-22T12:31:04,Truck,6,6.7,16322.6,Diesel,19.095882,72.86872,0.0,0.0,1394.0,0,0.0,52.9,14.0,5.32,Mountain,Gridlock,26.7,0.0,65,136.31,2.77,99.9,excessive_idling
V003,2026-08-22T12:31:05,Truck,6,6.7,16322.6,Diesel,19.095882,72.86872,0.0,0.0,1363.0,0,0.0,36.3,14.8,5.28,Mountain,Gridlock,27.6,0.0,66,136.31,2.58,99.9,excessive_idling
V003,2026-08-22T12:31:06,Truck,6,6.7,16322.6,Diesel,19.095882,72.86872,0.0,0.0,1367.0,0,0.0,39.4,15.3,5.23,Mountain,Gridlock,28.4,0.0,67,136.31,2.7,99.9,excessive_idling
V003,2026-08-22T12:31:07,Truck,6,6.7,16322.6,Diesel,19.095882,72.86872,0.0,0.0,1380.0,0,0.0,41.4,15.5,5.18,Mountain,Gridlock,27.4,0.0,68,136.3,2.65,99.9,excessive_idling
V003,2026-08-22T12:31:08,Truck,6,6.7,16322.6,Diesel,19.095882,72.86872,0.0,0.0,1372.0,0,0.0,44.4,16.0,5.12,Mountain,Gridlock,26.0,0.0,69,136.3,2.74,99.9,excessive_idling
V003,2026-08-22T12:31:09,Truck,6,6.7,16322.6,Diesel,19.095882,72.86872,0.0,0.0,1358.0,0,0.0,31.8,17.3,5.06,Mountain,Gridlock,28.6,0.0,70,136.3,2.62,99.9,excessive_idling
V003,2026-08-22T12:31:10,Truck,6,6.7,16322.6,Diesel,19.095882,72.86872,0.0,0.0,1353.0,0,0.0,55.8,15.3,5.0,Mountain,Gridlock,27.8,0.0,71,136.3,2.68,99.9,excessive_idling
V003,2026-08-22T12:31:11,Truck,6,6.7,16322.6,Diesel,19.095882,72.86872,0.0,0.0,1373.0,0,0.0,55.1,15.3,4.93,Mountain,Gridlock,28.3,0.0,72,136.3,2.48,99.9,excessive_idling
V003,2026-08-22T12:31:12,Truck,6,6.7,16322.6,Diesel,19.095882,72.86872,0.0,0.0,1373.0,0,0.0,58.9,15.8,4.86,Mountain,Gridlock,27.6,0.0,73,136.3,2.72,99.9,excessive_idling
V003,2026-08-22T12:31:13,Truck,6,6.7,16322.6,Diesel,19.095882,72.86872,0.0,0.0,1378.0,0,0.0,44.6,17.5,4.79,Mountain,Gridlock,29.5,0.0,74,136.3,2.8,99.9,excessive_idling
V003,2026-08-22T12:31:14,Truck,6,6.7,16322.6,Diesel,19.095882,72.86872,0.0,0.0,1391.0,0,0.0,36.2,13.0,4.71,Mountain,Gridlock,25.3,0.0,75,136.3,2.73,99.9,excessive_idling
V003,2026-08-22T12:31:15,Truck,6,6.7,16322.6,Diesel,19.095882,72.86872,0.0,0.0,1383.0,0,0.0,45.4,14.6,4.62,Mountain,Gridlock,27.8,0.0,76,136.3,2.83,99.9,excessive_idling
V003,2026-08-22T12:31:16,Truck,6,6.7,16322.6,Diesel,19.095882,72.86872,0.0,0.0,1365.0,0,0.0,46.1,12.9,4.54,Mountain,Gridlock,28.4,0.0,77,136.3,2.66,99.9,excessive_idling
V003,2026-08-22T12:31:17,Truck,6,6.7,16322.6,Diesel,19.095882,72.86872,0.0,0.0,1354.0,0,0.0,53.4,15.7,4.45,Mountain,Gridlock,27.1,0.0,78,136.3,2.73,99.9,excessive_idling
V003,2026-08-22T12:31:18,Truck,6,6.7,16322.6,Diesel,19.095882,72.86872,0.0,0.0,1368.0,0,0.0,53.0,13.2,4.35,Mountain,Gridlock,29.5,0.0,79,136.3,2.74,99.9,excessive_idling
V003,2026-08-22T12:31:19,Truck,6,6.7,16322.6,Diesel,19.095882,72.86872,0.0,0.0,1355.0,0,0.0,48.4,14.5,4.25,Mountain,Gridlock,28.8,0.0,80,136.3,2.73,99.9,excessive_idling
V003,2026-08-22T12:31:20,Truck,6,6.7,16322.6,Diesel,19.095882,72.86872,0.0,0.0,1398.0,0,0.0,38.7,14.6,4.15,Mountain,Gridlock,31.4,0.0,81,136.29,2.61,99.9,excessive_idling
V003,2026-08-22T12:31:21,Truck,6,6.7,16322.6,Diesel,19.095882,72.86872,0.0,0.0,1399.0,0,0.0,33.3,13.3,4.05,Mountain,Gridlock,27.5,0.0,82,136.29,2.62,99.9,excessive_idling
V003,2026-08-22T12:31:22,Truck,6,6.7,16322.6,Diesel,19.095882,72.86872,0.0,0.0,1385.0,0,0.0,31.5,14.1,3.94,Mountain,Gridlock,25.2,0.0,83,136.29,2.71,99.9,excessive_idling
V003,2026-08-22T12:31:23,Truck,6,6.7,16322.6,Diesel,19.095882,72.86872,0.0,0.0,1387.0,0,0.0,46.9,13.7,3.83,Mountain,Gridlock,28.9,0.0,84,136.29,2.48,99.9,excessive_idling
V003,2026-08-22T12:31:24,Truck,6,6.7,16322.6,Diesel,19.095882,72.86872,0.0,0.0,1373.0,0,0.0,49.6,14.9,3.72,Mountain,Gridlock,24.1,0.0,85,136.29,2.53,99.9,excessive_idling
V003,2026-08-22T12:31:25,Truck,6,6.7,16322.6,Diesel,19.095882,72.86872,0.0,0.0,1338.0,0,0.0,56.0,17.5,3.6,Mountain,Gridlock,28.3,0.0,86,136.29,2.61,99.9,excessive_idling
V003,2026-08-22T12:31:26,Truck,6,6.7,16322.6,Diesel,19.095882,72.86872,0.0,0.0,1403.0,0,0.0,54.9,12.2,3.48,Mountain,Gridlock,28.3,0.0,87,136.29,2.75,99.9,excessive_idling
V003,2026-08-22T12:31:27,Truck,6,6.7,16322.6,Diesel,19.095882,72.86872,0.0,0.0,1373.0,0,0.0,53.0,15.2,3.35,Mountain,Gridlock,27.8,0.0,88,136.29,2.61,99.9,excessive_idling
V003,2026-08-22T12:31:28,Truck,6,6.7,16322.6,Diesel,19.095882,72.86872,0.0,0.0,1362.0,0,0.0,51.1,15.1,3.23,Mountain,Gridlock,27.6,0.0,89,136.29,2.68,99.9,excessive_idling
V003,2026-08-22T12:31:29,Truck,6,6.7,16322.6,Diesel,19.095882,72.86872,0.0,0.0,1349.0,0,0.0,44.7,12.4,3.1,Mountain,Gridlock,26.1,0.0,90,136.29,2.62,99.9,excessive_idling
V003,2026-08-22T12:31:30,Truck,6,6.7,16322.6,Diesel,19.095882,72.86872,0.0,0.0,1377.0,0,0.0,58.1,18.0,2.97,Mountain,Gridlock,27.8,0.0,91,136.29,2.76,99.9,excessive_idling
V003,2026-08-22T12:31:31,Truck,6,6.7,16322.6,Diesel,19.095882,72.86872,0.0,0.0,1368.0,0,0.0,56.7,13.9,2.84,Mountain,Gridlock,31.1,0.0,92,136.29,2.62,99.9,excessive_idling
V003,2026-08-22T12:31:32,Truck,6,6.7,16322.6,Diesel,19.095882,72.86872,0.0,0.0,1391.0,0,0.0,59.5,12.7,2.7,Mountain,Gridlock,25.9,0.0,93,136.29,2.68,99.9,excessive_idling
V003,2026-08-22T12:31:33,Truck,6,6.7,16322.6,Diesel,19.095882,72.86872,0.0,0.0,1376.0,0,0.0,33.7,13.5,2.56,Mountain,Gridlock,29.7,0.0,94,136.28,2.72,99.9,excessive_idling
V003,2026-08-22T12:31:34,Truck,6,6.7,16322.6,Diesel,19.095882,72.86872,0.0,0.0,1379.0,0,0.0,56.9,13.3,2.42,Mountain,Gridlock,28.4,0.0,95,136.28,2.7,99.9,excessive_idling
V003,2026-08-22T12:31:35,Truck,6,6.7,16322.6,Diesel,19.095882,72.86872,0.0,0.0,1376.0,0,0.0,57.8,13.5,2.28,Mountain,Gridlock,25.3,0.0,96,136.28,2.61,99.9,excessive_idling
V003,2026-08-22T12:31:36,Truck,6,6.7,16322.6,Diesel,19.095882,72.86872,0.0,0.0,1381.0,0,0.0,50.4,15.7,2.14,Mountain,Gridlock,28.7,0.0,97,136.28,2.63,99.9,excessive_idling
V003,2026-08-22T12:31:37,Truck,6,6.7,16322.6,Diesel,19.095882,72.86872,0.0,0.0,1350.0,0,0.0,38.0,14.8,1.99,Mountain,Gridlock,29.8,0.0,98,136.28,2.63,99.9,excessive_idling
V003,2026-08-22T12:31:38,Truck,6,6.7,16322.6,Diesel,19.095882,72.86872,0.0,0.0,1369.0,0,0.0,38.5,16.0,1.84,Mountain,Gridlock,27.2,0.0,99,136.28,2.61,99.9,excessive_idling
V003,2026-08-22T12:31:39,Truck,6,6.7,16322.6,Diesel,19.095882,72.86872,0.0,0.0,1367.0,0,0.0,53.2,15.3,1.69,Mountain,Gridlock,27.5,0.0,100,136.28,2.72,99.9,excessive_idling
V003,2026-08-22T12:31:40,Truck,6,6.7,16322.6,Diesel,19.095882,72.86872,0.0,0.0,1377.0,0,0.0,45.2,17.8,1.54,Mountain,Gridlock,27.8,0.0,101,136.28,2.66,99.9,excessive_idling
V003,2026-08-22T12:31:41,Truck,6,6.7,16322.6,Diesel,19.095882,72.86872,0.0,0.0,1372.0,0,0.0,52.2,17.6,1.39,Mountain,Gridlock,26.0,0.0,102,136.28,2.81,99.9,excessive_idling
V003,2026-08-22T12:31:42,Truck,6,6.7,16322.6,Diesel,19.095882,72.86872,0.0,0.0,1361.0,0,0.0,59.1,17.5,1.24,Mountain,Gridlock,28.7,0.0,103,136.28,2.78,99.9,excessive_idling
V003,2026-08-22T12:31:43,Truck,6,6.7,16322.6,Diesel,19.095882,72.86872,0.0,0.0,1367.0,0,0.0,32.6,14.3,1.09,Mountain,Gridlock,27.9,0.0,104,136.28,2.82,99.9,excessive_idling
V003,2026-08-22T12:31:44,Truck,6,6.7,16322.6,Diesel,19.095882,72.86872,0.0,0.0,1386.0,0,0.0,32.5,12.1,0.93,Mountain,Gridlock,26.4,0.0,105,136.28,2.76,99.9,excessive_idling
V003,2026-08-22T12:31:45,Truck,6,6.7,16322.6,Diesel,19.095882,72.86872,0.0,0.0,1378.0,0,0.0,55.8,17.3,0.78,Mountain,Gridlock,28.5,0.0,106,136.28,2.65,99.9,excessive_idling
V003,2026-08-22T12:31:46,Truck,6,6.7,16322.6,Diesel,19.095882,72.86872,0.0,0.0,1353.0,0,0.0,35.9,12.7,0.62,Mountain,Gridlock,30.1,0.0,107,136.28,2.66,99.9,excessive_idling
V003,2026-08-22T12:31:47,Truck,6,6.7,16322.6,Diesel,19.095882,72.86872,0.0,0.0,1347.0,0,0.0,49.8,12.7,0.46,Mountain,Gridlock,27.8,0.0,108,136.27,2.61,99.9,excessive_idling
V003,2026-08-22T12:31:48,Truck,6,6.7,16322.6,Diesel,19.095882,72.86872,0.0,0.0,1384.0,0,0.0,59.9,16.1,0.31,Mountain,Gridlock,26.2,0.0,109,136.27,2.73,99.9,excessive_idling
V003,2026-08-22T12:31:49,Truck,6,6.7,16322.6,Diesel,19.095882,72.86872,0.0,0.0,1377.0,0,0.0,34.4,15.9,0.15,Mountain,Gridlock,24.5,0.0,110,136.27,2.82,99.9,excessive_idling
V003,2026-08-22T12:31:50,Truck,6,6.7,16322.6,Diesel,19.095882,72.86872,0.0,0.0,1387.0,0,0.0,33.3,12.1,-0.01,Mountain,Gridlock,27.0,0.0,111,136.27,2.68,99.9,excessive_idling
V003,2026-08-22T12:31:51,Truck,6,6.7,16322.6,Diesel,19.095882,72.86872,0.0,0.0,1360.0,0,0.0,49.0,15.8,-0.16,Mountain,Gridlock,31.0,0.0,112,136.27,2.63,99.9,excessive_idling
V003,2026-08-22T12:31:52,Truck,6,6.7,16322.6,Diesel,19.095882,72.86872,0.0,0.0,1343.0,0,0.0,36.9,16.8,-0.32,Mountain,Gridlock,28.0,0.0,113,136.27,2.69,99.9,excessive_idling
V003,2026-08-22T12:31:53,Truck,6,6.7,16322.6,Diesel,19.095882,72.86872,0.0,0.0,1377.0,0,0.0,35.3,12.3,-0.48,Mountain,Gridlock,29.0,0.0,114,136.27,2.69,99.9,excessive_idling
V003,2026-08-22T12:31:54,Truck,6,6.7,16322.6,Diesel,19.095882,72.86872,0.0,0.0,1373.0,0,0.0,52.9,17.3,-0.63,Mountain,Gridlock,29.2,0.0,115,136.27,2.62,99.9,excessive_idling
V003,2026-08-22T12:31:55,Truck,6,6.7,16322.6,Diesel,19.095882,72.86872,0.0,0.0,1378.0,0,0.0,56.7,12.7,-0.79,Mountain,Gridlock,27.0,0.0,116,136.27,2.54,99.9,excessive_idling
V003,2026-08-22T12:31:56,Truck,6,6.7,16322.6,Diesel,19.095882,72.86872,0.0,0.0,1349.0,0,0.0,46.9,17.3,-0.95,Mountain,Gridlock,28.3,0.0,117,136.27,2.68,99.9,excessive_idling
V003,2026-08-22T12:31:57,Truck,6,6.7,16322.6,Diesel,19.095882,72.86872,0.0,0.0,1393.0,0,0.0,37.7,13.3,-1.1,Mountain,Gridlock,27.7,0.0,118,136.27,2.57,99.9,excessive_idling
V003,2026-08-22T12:31:58,Truck,6,6.7,16322.6,Diesel,19.095882,72.86872,0.0,0.0,1361.0,0,0.0,45.3,13.9,-1.25,Mountain,Gridlock,30.5,0.0,119,136.27,2.76,99.9,excessive_idling
V003,2026-08-22T12:31:59,Truck,6,6.7,16322.6,Diesel,19.095882,72.86872,0.0,0.0,1385.0,0,0.0,54.4,17.7,-1.41,Mountain,Gridlock,26.7,0.0,120,136.27,2.69,99.9,excessive_idling
V003,2026-08-22T14:30:00,Truck,6,6.7,15094.5,Diesel,19.090916,72.867293,14.6,-0.36,1695.0,2,11.1,10.7,38.7,-2.13,Urban,Gridlock,27.5,0.004,0,110.29,5.83,40.06,normal
V003,2026-08-22T14:30:01,Truck,6,6.7,15094.5,Diesel,19.090946,72.867318,12.1,-0.67,1618.0,2,3.2,20.1,38.5,0.58,Urban,Gridlock,30.3,0.007,0,110.29,5.85,48.19,normal
V003,2026-08-22T14:30:02,Truck,6,6.7,15094.5,Diesel,19.090981,72.867346,13.9,0.49,1747.0,2,32.4,0.0,53.9,-0.38,Urban,Gridlock,28.5,0.011,0,110.29,6.17,44.3,normal
V003,2026-08-22T14:30:03,Truck,6,6.7,15094.5,Diesel,19.091012,72.86737,12.2,-0.47,1579.0,2,8.2,14.2,40.4,0.19,Urban,Gridlock,27.1,0.015,0,110.29,5.61,45.93,normal
V003,2026-08-22T14:30:04,Truck,6,6.7,15094.5,Diesel,19.091046,72.867397,13.7,0.4,1712.0,2,30.0,0.0,53.9,0.33,Urban,Gridlock,27.5,0.018,0,110.28,6.22,45.52,normal
V003,2026-08-22T14:30:05,Truck,6,6.7,15094.5,Diesel,19.091076,72.867421,12.0,-0.45,1598.0,2,8.7,13.6,45.8,2.15,Urban,Gridlock,25.5,0.022,0,110.28,6.26,52.02,normal
V003,2026-08-22T14:30:06,Truck,6,6.7,15094.5,Diesel,19.091105,72.867445,11.6,-0.13,2370.0,1,16.8,0.0,44.9,-0.11,Urban,Gridlock,28.5,0.025,0,110.28,5.23,45.22,normal
V003,2026-08-22T14:30:07,Truck,6,6.7,15094.5,Diesel,19.091136,72.867469,12.3,0.21,1592.0,2,25.3,0.0,50.0,-0.17,Urban,Gridlock,26.9,0.028,0,110.28,5.2,42.15,normal
V003,2026-08-22T14:30:08,Truck,6,6.7,15094.5,Diesel,19.091163,72.867491,11.0,-0.38,2274.0,1,10.4,11.5,41.5,0.08,Urban,Gridlock,28.8,0.031,0,110.28,5.04,45.98,normal
V003,2026-08-22T14:30:09,Truck,6,6.7,15094.5,Diesel,19.09119,72.867513,10.9,-0.01,2276.0,1,19.7,0.0,47.7,0.35,Urban,Gridlock,27.2,0.035,0,110.28,5.11,46.8,normal
V003,2026-08-22T14:30:10,Truck,6,6.7,15094.5,Diesel,19.091218,72.867535,11.0,0.02,2313.0,1,20.4,0.0,43.4,-2.75,Urban,Gridlock,27.2,0.038,0,110.28,4.44,40.45,normal
V003,2026-08-22T14:30:11,Truck,6,6.7,15094.5,Diesel,19.091249,72.86756,12.5,0.43,1613.0,2,30.7,0.0,53.3,-0.08,Urban,Gridlock,28.4,0.041,0,110.27,5.59,44.63,normal
V003,2026-08-22T14:30:12,Truck,6,6.7,15094.5,Diesel,19.091284,72.867588,13.8,0.35,1701.0,2,28.7,0.0,50.1,-1.56,Urban,Gridlock,25.8,0.045,0,110.27,5.48,39.72,normal
V003,2026-08-22T14:30:13,Truck,6,6.7,15094.5,Diesel,19.091317,72.867614,13.2,-0.15,1688.0,2,16.1,0.0,43.7,-0.66,Urban,Gridlock,29.5,0.049,0,110.27,5.74,43.43,normal
V003,2026-08-22T14:30:14,Truck,6,6.7,15094.5,Diesel,19.091349,72.86764,12.8,-0.13,1637.0,2,16.9,0.0,42.0,-2.24,Urban,Gridlock,28.5,0.052,0,110.27,5.16,40.4,normal
V003,2026-08-22T14:30:15,Truck,6,6.7,15094.5,Diesel,19.091382,72.867666,13.2,0.12,1628.0,2,23.0,0.0,48.7,-0.05,Urban,Gridlock,31.6,0.056,0,110.27,5.77,43.69,normal
V003,2026-08-22T14:30:16,Truck,6,6.7,15094.5,Diesel,19.091417,72.867694,14.1,0.25,1727.0,2,26.2,0.0,49.8,-0.61,Urban,Gridlock,26.3,0.06,0,110.27,6.03,42.8,normal
V003,2026-08-22T14:30:17,Truck,6,6.7,15094.5,Diesel,19.091449,72.86772,12.7,-0.39,1659.0,2,10.2,11.8,43.0,0.72,Urban,Gridlock,27.2,0.063,0,110.27,5.98,47.12,normal
V003,2026-08-22T14:30:18,Truck,6,6.7,15094.5,Diesel,19.09148,72.867745,12.5,-0.05,1651.0,2,18.8,0.0,49.7,1.3,Urban,Gridlock,28.4,0.067,0,110.26,6.23,49.76,normal
V003,2026-08-22T14:30:19,Truck,6,6.7,15094.5,Diesel,19.091512,72.86777,12.9,0.1,1609.0,2,22.5,0.0,45.4,-2.21,Urban,Gridlock,28.4,0.07,0,110.26,5.4,41.99,normal
V003,2026-08-22T14:30:20,Truck,6,6.7,15094.5,Diesel,19.091541,72.867793,11.6,-0.36,2387.0,1,11.0,10.7,40.2,-1.05,Urban,Gridlock,27.9,0.073,0,110.26,4.96,42.88,normal
V003,2026-08-22T14:30:21,Truck,6,6.7,15094.5,Diesel,19.091571,72.867817,11.9,0.09,2387.0,1,22.3,0.0,50.2,0.7,Urban,Gridlock,28.7,0.077,0,110.26,5.55,46.58,normal
V003,2026-08-22T14:30:22,Truck,6,6.7,15094.5,Diesel,19.091605,72.867845,13.8,0.52,1697.0,2,33.1,0.0,56.1,0.48,Urban,Gridlock,29.0,0.081,0,110.26,6.46,46.8,normal
V003,2026-08-22T14:30:23,Truck,6,6.7,15094.5,Diesel,19.091639,72.867872,13.6,-0.04,1747.0,2,18.9,0.0,45.4,-0.67,Urban,Gridlock,25.9,0.084,0,110.26,5.98,43.85,normal
V003,2026-08-22T14:30:24,Truck,6,6.7,15094.5,Diesel,19.091673,72.8679,13.7,0.01,1700.0,2,20.2,0.0,47.6,0.19,Urban,Gridlock,28.6,0.088,0,110.25,6.07,44.38,normal
V003,2026-08-22T14:30:25,Truck,6,6.7,15094.5,Diesel,19.091706,72.867925,12.9,-0.21,1665.0,2,14.8,0.0,49.9,2.3,Urban,Gridlock,28.1,0.092,0,110.25,6.53,50.48,normal
V003,2026-08-22T14:30:26,Truck,6,6.7,15094.5,Diesel,19.091736,72.86795,12.1,-0.23,1561.0,2,14.3,0.0,48.4,1.83,Urban,Gridlock,27.7,0.095,0,110.25,6.38,52.64,normal
V003,2026-08-22T14:30:27,Truck,6,6.7,15094.5,Diesel,19.091769,72.867976,13.4,0.34,1622.0,2,28.6,0.0,53.9,0.68,Urban,Gridlock,28.0,0.099,0,110.25,6.22,46.56,normal
V003,2026-08-22T14:30:28,Truck,6,6.7,15094.5,Diesel,19.091802,72.868003,13.1,-0.07,1679.0,2,18.3,0.0,42.7,-2.34,Urban,Gridlock,29.4,0.103,0,110.25,5.19,39.62,normal
V003,2026-08-22T14:30:29,Truck,6,6.7,15094.5,Diesel,19.091833,72.868027,12.5,-0.18,1637.0,2,15.5,0.0,45.9,0.62,Urban,Gridlock,26.1,0.106,0,110.25,5.69,45.7,normal
V003,2026-08-22T14:30:30,Truck,6,6.7,15094.5,Diesel,19.091866,72.868054,13.2,0.19,1677.0,2,24.9,0.0,49.8,-0.06,Urban,Gridlock,26.0,0.11,0,110.24,5.95,45.21,normal
V003,2026-08-22T14:30:31,Truck,6,6.7,15094.5,Diesel,19.091899,72.86808,13.0,-0.03,1580.0,2,19.1,0.0,47.0,0.2,Urban,Gridlock,25.7,0.113,0,110.24,5.72,43.87,normal
V003,2026-08-22T14:30:32,Truck,6,6.7,15094.5,Diesel,19.091929,72.868104,11.9,-0.3,2495.0,1,12.4,9.1,42.0,-0.31,Urban,Gridlock,25.7,0.117,0,110.24,5.24,43.87,normal
V003,2026-08-22T14:30:33,Truck,6,6.7,15094.5,Diesel,19.091959,72.868128,12.2,0.06,1508.0,2,21.5,0.0,47.5,-0.28,Urban,Gridlock,27.0,0.12,0,110.24,5.26,43.32,normal
V003,2026-08-22T14:30:34,Truck,6,6.7,15094.5,Diesel,19.091987,72.868151,11.3,-0.22,2325.0,1,14.4,0.0,44.0,0.13,Urban,Gridlock,29.6,0.123,0,110.24,5.06,44.59,normal
V003,2026-08-22T14:30:35,Truck,6,6.7,15094.5,Diesel,19.092015,72.868173,11.0,-0.1,2307.0,1,17.5,0.0,47.7,0.84,Urban,Gridlock,26.2,0.126,0,110.24,5.46,49.63,normal
V003,2026-08-22T14:30:36,Truck,6,6.7,15094.5,Diesel,19.092042,72.868194,10.7,-0.07,2304.0,1,18.2,0.0,48.2,0.87,Urban,Gridlock,27.8,0.129,0,110.24,5.23,48.71,normal
V003,2026-08-22T14:30:37,Truck,6,6.7,15094.5,Diesel,19.092068,72.868215,10.3,-0.11,2184.0,1,17.2,0.0,45.1,-0.15,Urban,Gridlock,29.8,0.132,0,110.23,4.67,45.18,normal
V003,2026-08-22T14:30:38,Truck,6,6.7,15094.5,Diesel,19.092096,72.868238,11.5,0.33,2421.0,1,28.3,0.0,51.3,-0.54,Urban,Gridlock,28.3,0.135,0,110.23,5.12,44.39,normal
V003,2026-08-22T14:30:39,Truck,6,6.7,15094.5,Diesel,19.092123,72.868259,10.6,-0.26,2205.0,1,13.5,0.0,45.6,0.96,Urban,Gridlock,27.4,0.138,0,110.23,5.24,49.38,normal
V003,2026-08-22T14:30:40,Truck,6,6.7,15094.5,Diesel,19.09215,72.868281,11.0,0.11,2262.0,1,22.6,0.0,46.8,-1.27,Urban,Gridlock,29.0,0.141,0,110.23,4.62,42.06,normal
V003,2026-08-22T14:30:41,Truck,6,6.7,15094.5,Diesel,19.092177,72.868303,10.8,-0.04,2287.0,1,18.9,0.0,46.9,0.2,Urban,Gridlock,25.4,0.144,0,110.23,4.98,45.99,normal
V003,2026-08-22T14:30:42,Truck,6,6.7,15094.5,Diesel,19.092205,72.868325,11.2,0.1,2338.0,1,22.4,0.0,50.6,0.82,Urban,Gridlock,29.4,0.147,0,110.23,5.48,49.01,normal
V003,2026-08-22T14:30:43,Truck,6,6.7,15094.5,Diesel,19.092235,72.868349,12.0,0.23,1545.0,2,25.9,0.0,56.1,2.14,Urban,Gridlock,28.6,0.151,0,110.22,6.05,50.29,normal
V003,2026-08-22T14:30:44,Truck,6,6.7,15094.5,Diesel,19.092265,72.868372,11.7,-0.1,2410.0,1,17.5,0.0,49.7,1.6,Urban,Gridlock,29.9,0.154,0,110.22,6.08,52.12,normal
V003,2026-08-22T14:30:45,Truck,6,6.7,15094.5,Diesel,19.092294,72.868396,11.7,0.02,2460.0,1,20.6,0.0,51.7,1.68,Urban,Gridlock,27.0,0.157,0,110.22,5.94,50.63,normal
V003,2026-08-22T14:30:46,Truck,6,6.7,15094.5,Diesel,19.092322,72.868419,11.4,-0.1,2386.0,1,17.5,0.0,48.4,1.1,Urban,Gridlock,27.6,0.16,0,110.22,5.49,48.21,normal
V003,2026-08-22T14:30:47,Truck,6,6.7,15094.5,Diesel,19.092354,72.868444,12.6,0.35,1645.0,2,28.7,0.0,48.5,-2.61,Urban,Gridlock,27.3,0.164,0,110.22,4.95,39.19,normal
V003,2026-08-22T14:30:48,Truck,6,6.7,15094.5,Diesel,19.092387,72.868471,13.3,0.2,1614.0,2,25.0,0.0,52.9,1.1,Urban,Gridlock,30.2,0.168,0,110.22,6.32,47.38,normal
V003,2026-08-22T14:30:49,Truck,6,6.7,15094.5,Diesel,19.09242,72.868497,13.2,-0.04,1666.0,2,18.9,0.0,50.1,1.44,Urban,Gridlock,31.2,0.171,0,110.22,6.6,50.01,normal
V003,2026-08-22T14:30:50,Truck,6,6.7,15094.5,Diesel,19.092454,72.868524,13.3,0.02,1680.0,2,20.6,0.0,45.5,-1.32,Urban,Gridlock,24.6,0.175,0,110.21,5.5,41.41,normal
V003,2026-08-22T14:30:51,Truck,6,6.7,15094.5,Diesel,19.092484,72.868548,12.2,-0.3,1571.0,2,12.5,9.0,45.3,1.08,Urban,Gridlock,25.0,0.178,0,110.21,5.84,47.91,normal
V003,2026-08-22T14:30:52,Truck,6,6.7,15094.5,Diesel,19.092513,72.868572,11.8,-0.12,2481.0,1,17.1,0.0,46.8,0.6,Urban,Gridlock,32.4,0.182,0,110.21,5.59,47.5,normal
V003,2026-08-22T14:30:53,Truck,6,6.7,15094.5,Diesel,19.092546,72.868598,13.2,0.4,1595.0,2,30.0,0.0,56.0,1.14,Urban,Gridlock,27.8,0.185,0,110.21,6.49,49.15,normal
V003,2026-08-22T14:30:54,Truck,6,6.7,15094.5,Diesel,19.092577,72.868622,12.2,-0.28,1617.0,2,13.0,0.0,42.1,-0.48,Urban,Gridlock,29.2,0.189,0,110.21,5.26,43.14,normal
V003,2026-08-22T14:30:55,Truck,6,6.7,15094.5,Diesel,19.092607,72.868646,11.8,-0.1,2377.0,1,17.5,0.0,48.8,1.23,Urban,Gridlock,29.1,0.192,0,110.21,5.94,50.12,normal
V003,2026-08-22T14:30:56,Truck,6,6.7,15094.5,Diesel,19.092641,72.868673,13.6,0.48,1711.0,2,32.1,0.0,56.4,0.8,Urban,Gridlock,30.0,0.196,0,110.2,6.27,46.09,normal
V003,2026-08-22T14:30:57,Truck,6,6.7,15094.5,Diesel,19.092671,72.868698,12.3,-0.37,1610.0,2,10.7,11.2,41.7,0.11,Urban,Gridlock,27.7,0.199,0,110.2,5.38,43.91,normal
V003,2026-08-22T14:30:58,Truck,6,6.7,15094.5,Diesel,19.092701,72.868722,12.0,-0.07,2475.0,1,18.2,0.0,44.5,-0.98,Urban,Gridlock,27.7,0.202,0,110.2,5.21,43.47,normal
V003,2026-08-22T14:30:59,Truck,6,6.7,15094.5,Diesel,19.092732,72.868746,12.2,0.05,1542.0,2,21.2,0.0,48.7,0.38,Urban,Gridlock,28.7,0.206,0,110.2,5.61,46.13,normal
V003,2026-08-22T14:31:00,Truck,6,6.7,15094.5,Diesel,19.09276,72.868769,11.3,-0.25,2388.0,1,13.8,0.0,43.8,0.2,Urban,Gridlock,24.7,0.209,0,110.2,5.13,45.54,normal
V003,2026-08-22T14:31:01,Truck,6,6.7,15094.5,Diesel,19.092788,72.868791,11.2,-0.01,2358.0,1,19.7,0.0,47.0,0.07,Urban,Gridlock,25.2,0.212,0,110.2,5.16,45.93,normal
V003,2026-08-22T14:31:02,Truck,6,6.7,15094.5,Diesel,19.092815,72.868813,11.0,-0.06,2316.0,1,18.5,0.0,49.0,1.11,Urban,Gridlock,27.2,0.215,0,110.19,5.53,50.14,normal
V003,2026-08-22T14:31:03,Truck,6,6.7,15094.5,Diesel,19.092847,72.868838,12.6,0.44,1618.0,2,31.1,0.0,53.7,0.01,Urban,Gridlock,27.1,0.219,0,110.19,5.62,44.52,normal
V003,2026-08-22T14:31:04,Truck,6,6.7,15094.5,Diesel,19.092876,72.868862,11.7,-0.26,2454.0,1,13.4,0.0,43.1,0.03,Urban,Gridlock,28.9,0.222,0,110.19,5.1,43.7,normal
V003,2026-08-22T14:31:05,Truck,6,6.7,15094.5,Diesel,19.092909,72.868888,13.0,0.36,1695.0,2,29.0,0.0,51.0,-0.98,Urban,Gridlock,29.7,0.225,0,110.19,5.43,41.85,normal
V003,2026-08-22T14:31:06,Truck,6,6.7,15094.5,Diesel,19.092941,72.868914,13.0,0.0,1604.0,2,20.1,0.0,45.6,-1.01,Urban,Gridlock,29.1,0.229,0,110.19,5.54,42.72,normal
V003,2026-08-22T14:31:07,Truck,6,6.7,15094.5,Diesel,19.092973,72.868939,12.6,-0.11,1601.0,2,17.4,0.0,49.0,1.38,Urban,Gridlock,32.5,0.233,0,110.19,6.26,49.73,normal
V003,2026-08-22T14:31:08,Truck,6,6.7,15094.5,Diesel,19.093002,72.868963,11.9,-0.19,2441.0,1,15.2,0.0,44.6,0.2,Urban,Gridlock,29.5,0.236,0,110.19,5.49,46.13,normal
V003,2026-08-22T14:31:09,Truck,6,6.7,15094.5,Diesel,19.093036,72.868989,13.4,0.41,1665.0,2,30.2,0.0,53.0,-0.04,Urban,Gridlock,29.3,0.24,0,110.18,5.8,43.42,normal
V003,2026-08-22T14:31:10,Truck,6,6.7,15094.5,Diesel,19.093067,72.869014,12.6,-0.22,1621.0,2,14.5,0.0,42.1,-1.16,Urban,Gridlock,27.7,0.243,0,110.18,5.22,41.5,normal
V003,2026-08-22T14:31:11,Truck,6,6.7,15094.5,Diesel,19.093098,72.869039,12.2,-0.1,1628.0,2,17.6,0.0,48.1,0.96,Urban,Gridlock,28.9,0.246,0,110.18,5.9,48.24,normal
V003,2026-08-22T14:31:12,Truck,6,6.7,15094.5,Diesel,19.093129,72.869064,12.7,0.12,1633.0,2,22.9,0.0,49.9,0.43,Urban,Gridlock,28.0,0.25,0,110.18,5.73,45.32,normal
V003,2026-08-22T14:31:13,Truck,6,6.7,15094.5,Diesel,19.093162,72.869091,13.2,0.14,1605.0,2,23.5,0.0,49.1,0.02,Urban,Gridlock,27.0,0.254,0,110.18,5.9,44.86,normal
V003,2026-08-22T14:31:14,Truck,6,6.7,15094.5,Diesel,19.093193,72.869115,12.5,-0.19,1565.0,2,15.2,0.0,49.0,1.88,Urban,Gridlock,27.3,0.257,0,110.18,6.38,51.18,normal
V003,2026-08-22T14:31:15,Truck,6,6.7,15094.5,Diesel,19.093224,72.86914,12.4,-0.02,1638.0,2,19.5,0.0,48.3,0.62,Urban,Gridlock,27.0,0.261,0,110.17,5.8,46.82,normal
V003,2026-08-22T14:31:16,Truck,6,6.7,15094.5,Diesel,19.093256,72.869166,12.7,0.1,1639.0,2,22.4,0.0,49.2,0.3,Urban,Gridlock,29.8,0.264,0,110.17,5.86,46.0,normal
V003,2026-08-22T14:31:17,Truck,6,6.7,15094.5,Diesel,19.093288,72.869191,12.9,0.04,1609.0,2,20.9,0.0,46.8,-0.5,Urban,Gridlock,26.3,0.268,0,110.17,5.46,42.47,normal
V003,2026-08-22T14:31:18,Truck,6,6.7,15094.5,Diesel,19.093318,72.869215,11.8,-0.29,2402.0,1,12.7,0.0,44.0,0.52,Urban,Gridlock,28.8,0.271,0,110.17,5.6,47.4,normal
V003,2026-08-22T14:31:19,Truck,6,6.7,15094.5,Diesel,19.093349,72.86924,12.5,0.2,1630.0,2,25.0,0.0,52.0,0.74,Urban,Gridlock,27.5,0.274,0,110.17,5.97,47.59,normal
V003,2026-08-22T14:31:20,Truck,6,6.7,15094.5,Diesel,19.093379,72.869264,11.8,-0.22,2396.0,1,14.6,0.0,44.4,0.26,Urban,Gridlock,26.4,0.278,0,110.17,5.2,44.23,normal
V003,2026-08-22T14:31:21,Truck,6,6.7,15094.5,Diesel,19.093408,72.869287,11.6,-0.05,2373.0,1,18.7,0.0,51.7,2.11,Urban,Gridlock,25.5,0.281,0,110.16,6.09,52.6,normal
V003,2026-08-22T14:31:22,Truck,6,6.7,15094.5,Diesel,19.093441,72.869313,13.2,0.45,1649.0,2,31.3,0.0,55.3,0.58,Urban,Gridlock,25.9,0.285,0,110.16,6.06,45.89,normal
V003,2026-08-22T14:31:23,Truck,6,6.7,15094.5,Diesel,19.093472,72.869339,12.7,-0.14,1654.0,2,16.4,0.0,48.6,1.42,Urban,Gridlock,28.1,0.288,0,110.16,6.26,49.31,normal
V003,2026-08-22T14:31:24,Truck,6,6.7,15094.5,Diesel,19.093503,72.869363,12.1,-0.17,1606.0,2,15.8,0.0,46.4,0.71,Urban,Gridlock,27.2,0.291,0,110.16,5.81,48.09,normal
V003,2026-08-22T14:31:25,Truck,6,6.7,15094.5,Diesel,19.093532,72.869386,11.7,-0.1,2452.0,1,17.5,0.0,51.3,2.21,Urban,Gridlock,29.2,0.295,0,110.16,6.24,53.16,normal
V003,2026-08-22T14:31:26,Truck,6,6.7,15094.5,Diesel,19.093562,72.86941,12.1,0.1,1606.0,2,22.4,0.0,48.1,-0.21,Urban,Gridlock,28.2,0.298,0,110.16,5.58,46.17,normal
V003,2026-08-22T14:31:27,Truck,6,6.7,15094.5,Diesel,19.093596,72.869438,13.6,0.43,1685.0,2,30.7,0.0,56.4,1.11,Urban,Gridlock,26.4,0.302,0,110.15,6.61,48.53,normal
V003,2026-08-22T14:31:28,Truck,6,6.7,15094.5,Diesel,19.093629,72.869464,13.0,-0.18,1655.0,2,15.5,0.0,42.8,-1.04,Urban,Gridlock,31.0,0.305,0,110.15,5.48,42.29,normal
V003,2026-08-22T14:31:29,Truck,6,6.7,15094.5,Diesel,19.093662,72.86949,13.3,0.1,1740.0,2,22.5,0.0,50.3,0.7,Urban,Gridlock,26.2,0.309,0,110.15,6.12,45.93,normal
V003,2026-08-22T14:31:30,Truck,6,6.7,15094.5,Diesel,19.093694,72.869516,13.0,-0.09,1569.0,2,17.8,0.0,48.9,1.21,Urban,Gridlock,28.9,0.313,0,110.15,6.5,49.93,normal
V003,2026-08-22T14:31:31,Truck,6,6.7,15094.5,Diesel,19.093726,72.869541,12.6,-0.13,1647.0,2,16.9,0.0,42.6,-1.8,Urban,Gridlock,27.2,0.316,0,110.15,5.03,40.07,normal
V003,2026-08-22T14:31:32,Truck,6,6.7,15094.5,Diesel,19.093756,72.869565,12.0,-0.15,1621.0,2,16.4,0.0,43.5,-0.95,Urban,Gridlock,28.8,0.32,0,110.15,5.25,43.59,normal
V003,2026-08-22T14:31:33,Truck,6,6.7,15094.5,Diesel,19.093786,72.869589,11.9,-0.04,2490.0,1,18.9,0.0,48.8,0.91,Urban,Gridlock,25.9,0.323,0,110.15,5.6,47.11,normal
V003,2026-08-22T14:31:34,Truck,6,6.7,15094.5,Diesel,19.093814,72.869612,11.3,-0.16,2344.0,1,16.0,0.0,49.4,1.81,Urban,Gridlock,26.9,0.326,0,110.14,5.8,51.28,normal
V003,2026-08-22T14:31:35,Truck,6,6.7,15094.5,Diesel,19.093846,72.869637,12.7,0.39,1605.0,2,29.6,0.0,52.2,-0.44,Urban,Gridlock,30.0,0.33,0,110.14,5.57,43.88,normal
V003,2026-08-22T14:31:36,Truck,6,6.7,15094.5,Diesel,19.093874,72.86966,11.2,-0.4,2340.0,1,9.9,12.1,42.9,0.75,Urban,Gridlock,26.8,0.333,0,110.14,5.62,50.03,normal
V003,2026-08-22T14:31:37,Truck,6,6.7,15094.5,Diesel,19.093901,72.869681,10.9,-0.09,2305.0,1,17.8,0.0,49.6,1.47,Urban,Gridlock,31.7,0.336,0,110.14,5.64,51.61,normal
V003,2026-08-22T14:31:38,Truck,6,6.7,15094.5,Diesel,19.093929,72.869704,11.3,0.11,2363.0,1,22.8,0.0,47.9,-0.56,Urban,Gridlock,26.3,0.339,0,110.14,4.97,43.85,normal
V003,2026-08-22T14:31:39,Truck,6,6.7,15094.5,Diesel,19.093958,72.869727,11.3,-0.01,2302.0,1,19.8,0.0,46.4,-0.35,Urban,Gridlock,28.9,0.342,0,110.14,5.24,46.34,normal
V003,2026-08-22T14:31:40,Truck,6,6.7,15094.5,Diesel,19.093988,72.869751,12.0,0.2,1574.0,2,24.9,0.0,54.4,1.7,Urban,Gridlock,27.8,0.345,0,110.13,5.92,49.25,normal
V003,2026-08-22T14:31:41,Truck,6,6.7,15094.5,Diesel,19.09402,72.869777,13.1,0.29,1624.0,2,27.2,0.0,52.2,0.34,Urban,Gridlock,30.9,0.349,0,110.13,6.02,46.12,normal
V003,2026-08-22T14:31:42,Truck,6,6.7,15094.5,Diesel,19.094054,72.869804,13.5,0.13,1654.0,2,23.2,0.0,49.0,0.02,Urban,Gridlock,27.3,0.353,0,110.13,5.94,43.99,normal
V003,2026-08-22T14:31:43,Truck,6,6.7,15094.5,Diesel,19.094084,72.869828,12.1,-0.4,1607.0,2,10.0,12.0,38.2,-2.01,Urban,Gridlock,30.3,0.356,0,110.13,4.79,39.7,normal
V003,2026-08-22T14:31:44,Truck,6,6.7,15094.5,Diesel,19.094114,72.869852,12.0,-0.02,1549.0,2,19.6,0.0,50.5,1.43,Urban,Gridlock,26.9,0.359,0,110.13,5.96,49.69,normal
V003,2026-08-22T14:31:45,Truck,6,6.7,15094.5,Diesel,19.094143,72.869875,11.6,-0.11,2459.0,1,17.3,0.0,44.8,-0.44,Urban,Gridlock,30.4,0.363,0,110.13,5.13,44.16,normal
V003,2026-08-22T14:31:46,Truck,6,6.7,15094.5,Diesel,19.094173,72.869899,11.9,0.09,2465.0,1,22.2,0.0,47.3,-0.76,Urban,Gridlock,27.1,0.366,0,110.13,5.16,43.2,normal
V003,2026-08-22T14:31:47,Truck,6,6.7,15094.5,Diesel,19.094201,72.869922,11.3,-0.18,2326.0,1,15.4,0.0,45.7,0.57,Urban,Gridlock,27.2,0.369,0,110.12,5.25,46.61,normal
V003,2026-08-22T14:31:48,Truck,6,6.7,15094.5,Diesel,19.094234,72.869948,13.0,0.48,1702.0,2,31.9,0.0,53.3,-0.6,Urban,Gridlock,24.1,0.373,0,110.12,5.69,43.78,normal
V003,2026-08-22T14:31:49,Truck,6,6.7,15094.5,Diesel,19.094267,72.869974,13.2,0.06,1615.0,2,21.4,0.0,47.7,-0.1,Urban,Gridlock,29.1,0.376,0,110.12,5.76,43.6,normal
V003,2026-08-22T14:31:50,Truck,6,6.7,15094.5,Diesel,19.094297,72.869999,12.3,-0.26,1556.0,2,13.5,0.0,45.8,1.03,Urban,Gridlock,27.9,0.38,0,110.12,6.03,49.16,normal
V003,2026-08-22T14:31:51,Truck,6,6.7,15094.5,Diesel,19.094326,72.870021,11.4,-0.23,2417.0,1,14.2,0.0,42.6,-0.65,Urban,Gridlock,25.7,0.383,0,110.12,4.91,43.0,normal
V003,2026-08-22T14:31:52,Truck,6,6.7,15094.5,Diesel,19.094353,72.870043,10.7,-0.19,2307.0,1,15.2,0.0,44.1,0.01,Urban,Gridlock,28.1,0.386,0,110.12,4.82,44.9,normal
V003,2026-08-22T14:31:53,Truck,6,6.7,15094.5,Diesel,19.094382,72.870067,11.8,0.3,2390.0,1,27.4,0.0,55.2,1.42,Urban,Gridlock,29.6,0.389,0,110.11,6.12,51.92,normal
V003,2026-08-22T14:31:54,Truck,6,6.7,15094.5,Diesel,19.094409,72.870088,10.8,-0.28,2278.0,1,13.1,0.0,40.8,-1.48,Urban,Gridlock,28.8,0.392,0,110.11,4.65,43.05,normal
V003,2026-08-22T14:31:55,Truck,6,6.7,15094.5,Diesel,19.094439,72.870112,11.9,0.3,2434.0,1,27.5,0.0,50.8,-0.53,Urban,Gridlock,27.7,0.395,0,110.11,5.33,44.89,normal
V003,2026-08-22T14:31:56,Truck,6,6.7,15094.5,Diesel,19.094469,72.870136,12.0,0.04,1592.0,2,21.0,0.0,45.7,-1.38,Urban,Gridlock,30.7,0.399,0,110.11,4.89,40.68,normal
V003,2026-08-22T14:31:57,Truck,6,6.7,15094.5,Diesel,19.094499,72.87016,11.9,-0.02,2471.0,1,19.5,0.0,50.7,1.54,Urban,Gridlock,28.2,0.402,0,110.11,6.08,50.91,normal
V003,2026-08-22T14:31:58,Truck,6,6.7,15094.5,Diesel,19.094529,72.870184,12.2,0.07,1612.0,2,21.6,0.0,51.0,1.15,Urban,Gridlock,29.4,0.406,0,110.11,5.92,48.58,normal
V003,2026-08-22T14:31:59,Truck,6,6.7,15094.5,Diesel,19.09456,72.870209,12.2,0.02,1582.0,2,20.5,0.0,51.0,1.44,Urban,Gridlock,26.0,0.409,0,110.11,6.01,49.07,normal
V004,2026-08-22T08:40:00,Semi-Trailer,4,12.8,20994.1,Diesel,19.069008,72.907081,42.9,0.44,1453.0,2,59.0,0.0,76.6,2.4,Urban,Low,29.9,0.012,0,235.12,20.97,48.93,inefficient_gear
V004,2026-08-22T08:40:01,Semi-Trailer,4,12.8,20994.1,Diesel,19.06912,72.907171,44.8,0.54,1457.0,2,64.3,0.0,75.2,0.13,Urban,Low,29.6,0.024,0,235.12,21.91,48.93,inefficient_gear
V004,2026-08-22T08:40:02,Semi-Trailer,4,12.8,20994.1,Diesel,19.069235,72.907263,46.1,0.35,1466.0,2,78.3,0.0,91.1,0.7,Urban,Low,29.3,0.037,0,235.11,22.53,48.93,inefficient_gear
V004,2026-08-22T08:40:03,Semi-Trailer,4,12.8,20994.1,Diesel,19.069353,72.907357,47.0,0.27,2603.0,2,78.1,0.0,89.0,-2.52,Urban,Low,26.9,0.05,0,235.11,23.01,48.93,inefficient_gear
V004,2026-08-22T08:40:04,Semi-Trailer,4,12.8,20994.1,Diesel,19.06947,72.907451,47.0,-0.0,2562.0,2,56.7,0.0,75.9,0.75,Urban,Low,30.0,0.063,0,235.1,23.01,48.93,inefficient_gear
V004,2026-08-22T08:40:05,Semi-Trailer,4,12.8,20994.1,Diesel,19.069588,72.907545,47.0,-0.02,2623.0,2,62.3,0.0,83.1,-0.33,Urban,Low,30.6,0.076,0,235.09,22.98,48.93,inefficient_gear
V004,2026-08-22T08:40:06,Semi-Trailer,4,12.8,20994.1,Diesel,19.069708,72.907641,48.0,0.28,2632.0,2,75.6,0.0,78.4,0.68,Urban,Low,26.5,0.09,0,235.09,23.47,48.93,inefficient_gear
V004,2026-08-22T08:40:07,Semi-Trailer,4,12.8,20994.1,Diesel,19.069827,72.907737,47.9,-0.01,1488.0,2,69.1,0.0,84.3,0.86,Urban,Low,27.1,0.103,0,235.08,23.46,48.93,inefficient_gear
V004,2026-08-22T08:40:08,Semi-Trailer,4,12.8,20994.1,Diesel,19.069946,72.907832,47.5,-0.12,2553.0,2,64.0,0.0,88.1,0.27,Urban,Low,25.6,0.116,0,235.07,23.24,48.93,inefficient_gear
V004,2026-08-22T08:40:09,Semi-Trailer,4,12.8,20994.1,Diesel,19.070067,72.907929,48.4,0.26,1558.0,2,78.4,0.0,86.5,0.65,Urban,Low,28.6,0.13,0,235.07,23.7,48.93,inefficient_gear
V004,2026-08-22T08:40:10,Semi-Trailer,4,12.8,20994.1,Diesel,19.07019,72.908027,49.1,0.17,1547.0,2,61.9,0.0,77.7,-1.85,Urban,Low,28.9,0.143,0,235.06,24.01,48.93,inefficient_gear
V004,2026-08-22T08:40:11,Semi-Trailer,4,12.8,20994.1,Diesel,19.070314,72.908126,49.7,0.17,2572.0,2,56.9,0.0,84.5,1.2,Urban,Low,28.1,0.157,0,235.05,24.3,48.93,inefficient_gear
V004,2026-08-22T08:40:12,Semi-Trailer,4,12.8,20994.1,Diesel,19.070436,72.908223,48.6,-0.29,2590.0,2,76.4,0.0,88.5,-0.39,Urban,Low,26.9,0.171,0,235.05,23.78,48.93,inefficient_gear
V004,2026-08-22T08:40:13,Semi-Trailer,4,12.8,20994.1,Diesel,19.070559,72.908322,49.4,0.23,1541.0,2,62.3,0.0,79.6,-1.82,Urban,Low,28.6,0.184,0,235.04,24.19,48.93,inefficient_gear
V004,2026-08-22T08:40:14,Semi-Trailer,4,12.8,20994.1,Diesel,19.070684,72.908422,49.7,0.08,2605.0,2,66.4,0.0,90.4,0.8,Urban,Low,28.7,0.198,0,235.03,24.33,48.93,inefficient_gear
V004,2026-08-22T08:40:15,Semi-Trailer,4,12.8,20994.1,Diesel,19.070809,72.908522,50.3,0.15,1563.0,2,77.7,0.0,79.3,0.07,Urban,Low,27.5,0.212,0,235.03,24.6,48.93,inefficient_gear
V004,2026-08-22T08:40:16,Semi-Trailer,4,12.8,20994.1,Diesel,19.070933,72.908621,49.5,-0.22,1542.0,2,64.0,0.0,76.2,0.06,Urban,Low,29.9,0.226,0,235.02,24.21,48.93,inefficient_gear
V004,2026-08-22T08:40:17,Semi-Trailer,4,12.8,20994.1,Diesel,19.071056,72.90872,49.4,-0.02,2597.0,2,68.2,0.0,80.9,-0.15,Urban,Low,27.2,0.24,0,235.01,24.16,48.93,inefficient_gear
V004,2026-08-22T08:40:18,Semi-Trailer,4,12.8,20994.1,Diesel,19.071181,72.908819,49.7,0.09,2597.0,2,58.9,0.0,88.9,-0.27,Urban,Low,25.4,0.253,0,235.01,24.32,48.93,inefficient_gear
V004,2026-08-22T08:40:19,Semi-Trailer,4,12.8,20994.1,Diesel,19.071308,72.908921,51.0,0.35,2614.0,2,62.5,0.0,75.2,0.01,Urban,Low,27.1,0.267,0,235.0,24.95,48.93,inefficient_gear
V004,2026-08-22T08:40:20,Semi-Trailer,4,12.8,20994.1,Diesel,19.071434,72.909022,50.4,-0.16,2641.0,2,66.4,0.0,80.2,1.27,Urban,Low,27.3,0.281,0,234.99,24.67,48.93,inefficient_gear
V004,2026-08-22T08:40:21,Semi-Trailer,4,12.8,20994.1,Diesel,19.07156,72.909123,50.3,-0.04,1521.0,2,64.0,0.0,75.0,-1.7,Urban,Low,28.1,0.295,0,234.99,24.6,48.93,inefficient_gear
V004,2026-08-22T08:40:22,Semi-Trailer,4,12.8,20994.1,Diesel,19.071685,72.909223,49.9,-0.12,2600.0,2,67.6,0.0,82.1,1.03,Urban,Low,28.7,0.309,0,234.98,24.4,48.93,inefficient_gear
V004,2026-08-22T08:40:23,Semi-Trailer,4,12.8,20994.1,Diesel,19.071811,72.909324,50.5,0.18,2654.0,2,75.4,0.0,80.7,0.53,Urban,Low,27.7,0.323,0,234.97,24.71,48.93,inefficient_gear
V004,2026-08-22T08:40:24,Semi-Trailer,4,12.8,20994.1,Diesel,19.071938,72.909425,51.0,0.13,2614.0,2,63.1,0.0,86.7,0.77,Urban,Low,24.6,0.337,0,234.97,24.94,48.93,inefficient_gear
V004,2026-08-22T08:40:25,Semi-Trailer,4,12.8,20994.1,Diesel,19.072068,72.909529,51.8,0.22,1578.0,2,70.7,0.0,86.5,-1.65,Urban,Low,25.1,0.352,0,234.96,25.33,48.93,inefficient_gear
V004,2026-08-22T08:40:26,Semi-Trailer,4,12.8,20994.1,Diesel,19.072199,72.909634,52.5,0.19,1678.0,2,56.3,0.0,82.4,0.41,Urban,Low,27.0,0.366,0,234.95,25.67,48.93,inefficient_gear
V004,2026-08-22T08:40:27,Semi-Trailer,4,12.8,20994.1,Diesel,19.072331,72.90974,53.0,0.15,1604.0,2,63.7,0.0,76.2,-1.02,Urban,Low,28.9,0.381,0,234.94,25.93,48.93,inefficient_gear
V004,2026-08-22T08:40:28,Semi-Trailer,4,12.8,20994.1,Diesel,19.072461,72.909843,51.7,-0.35,2596.0,2,67.9,0.0,83.8,-0.56,Urban,Low,27.4,0.396,0,234.94,25.31,48.93,inefficient_gear
V004,2026-08-22T08:40:29,Semi-Trailer,4,12.8,20994.1,Diesel,19.07259,72.909947,51.6,-0.03,2629.0,2,58.3,0.0,79.7,1.91,Urban,Low,26.8,0.41,0,234.93,25.25,48.93,inefficient_gear
V004,2026-08-22T08:40:30,Semi-Trailer,4,12.8,20994.1,Diesel,19.072719,72.91005,51.9,0.09,2596.0,2,68.9,0.0,76.8,0.75,Urban,Low,27.2,0.424,0,234.92,25.41,48.93,inefficient_gear
V004,2026-08-22T08:40:31,Semi-Trailer,4,12.8,20994.1,Diesel,19.072851,72.910155,52.5,0.15,1583.0,2,69.8,0.0,79.0,1.25,Urban,Low,29.2,0.439,0,234.92,25.67,48.93,inefficient_gear
V004,2026-08-22T08:40:32,Semi-Trailer,4,12.8,20994.1,Diesel,19.072983,72.910261,52.9,0.11,1654.0,2,76.6,0.0,88.7,0.54,Urban,Low,26.2,0.454,0,234.91,25.86,48.93,inefficient_gear
V004,2026-08-22T08:40:33,Semi-Trailer,4,12.8,20994.1,Diesel,19.073116,72.910368,53.3,0.13,2585.0,2,78.8,0.0,84.4,1.53,Urban,Low,27.8,0.468,0,234.9,26.09,48.93,inefficient_gear
V004,2026-08-22T08:40:34,Semi-Trailer,4,12.8,20994.1,Diesel,19.073249,72.910474,53.3,-0.01,1600.0,2,56.2,0.0,75.7,0.28,Urban,Low,27.2,0.483,0,234.89,26.07,48.93,inefficient_gear
V004,2026-08-22T08:40:35,Semi-Trailer,4,12.8,20994.1,Diesel,19.073385,72.910583,54.2,0.25,1669.0,2,79.7,0.0,81.1,-0.5,Urban,Low,28.9,0.498,0,234.89,26.51,48.93,inefficient_gear
V004,2026-08-22T08:40:36,Semi-Trailer,4,12.8,20994.1,Diesel,19.073523,72.910694,55.4,0.35,1682.0,2,59.2,0.0,76.4,0.26,Urban,Low,27.3,0.514,0,234.88,27.13,48.93,inefficient_gear
V004,2026-08-22T08:40:37,Semi-Trailer,4,12.8,20994.1,Diesel,19.073663,72.910805,55.8,0.1,2572.0,2,72.3,0.0,89.8,-0.34,Urban,Low,27.8,0.529,0,234.87,27.31,48.93,inefficient_gear
V004,2026-08-22T08:40:38,Semi-Trailer,4,12.8,20994.1,Diesel,19.073803,72.910917,56.1,0.08,2641.0,2,63.0,0.0,85.3,1.49,Urban,Low,28.5,0.545,0,234.86,27.44,48.93,inefficient_gear
V004,2026-08-22T08:40:39,Semi-Trailer,4,12.8,20994.1,Diesel,19.073944,72.91103,56.5,0.13,1691.0,2,58.3,0.0,90.1,-0.76,Urban,Low,27.5,0.56,0,234.86,27.66,48.93,inefficient_gear
V004,2026-08-22T08:40:40,Semi-Trailer,4,12.8,20994.1,Diesel,19.074093,72.911149,59.5,0.81,2604.0,2,62.6,0.0,80.8,1.9,Urban,Low,29.6,0.577,0,234.85,29.1,48.93,inefficient_gear
V004,2026-08-22T08:40:41,Semi-Trailer,4,12.8,20994.1,Diesel,19.074244,72.91127,60.2,0.2,2582.0,2,65.0,0.0,81.1,-0.35,Urban,Low,28.2,0.594,0,234.84,29.45,48.93,inefficient_gear
V004,2026-08-22T08:40:42,Semi-Trailer,4,12.8,20994.1,Diesel,19.074396,72.911391,60.8,0.17,2611.0,2,73.7,0.0,84.4,2.89,Urban,Low,27.8,0.611,0,234.83,29.75,48.93,inefficient_gear
V004,2026-08-22T08:40:43,Semi-Trailer,4,12.8,20994.1,Diesel,19.074548,72.911513,61.1,0.07,1786.0,2,79.0,0.0,89.0,0.54,Urban,Low,28.3,0.627,0,234.82,29.87,48.93,inefficient_gear
V004,2026-08-22T08:40:44,Semi-Trailer,4,12.8,20994.1,Diesel,19.074701,72.911635,60.9,-0.03,1811.0,2,77.6,0.0,91.5,0.45,Urban,Low,29.8,0.644,0,234.82,29.81,48.93,inefficient_gear
V004,2026-08-22T08:40:45,Semi-Trailer,4,12.8,20994.1,Diesel,19.074852,72.911756,60.5,-0.12,1774.0,2,59.5,0.0,84.5,0.58,Urban,Low,28.5,0.661,0,234.81,29.61,48.93,inefficient_gear
V004,2026-08-22T08:40:46,Semi-Trailer,4,12.8,20994.1,Diesel,19.075005,72.911878,61.1,0.16,2607.0,2,70.2,0.0,80.3,1.33,Urban,Low,27.5,0.678,0,234.8,29.88,48.93,inefficient_gear
V004,2026-08-22T08:40:47,Semi-Trailer,4,12.8,20994.1,Diesel,19.075158,72.912001,61.4,0.1,1831.0,2,73.8,0.0,88.4,1.82,Urban,Low,26.1,0.695,0,234.79,30.05,48.93,inefficient_gear
V004,2026-08-22T08:40:48,Semi-Trailer,4,12.8,20994.1,Diesel,19.075312,72.912124,61.6,0.05,2619.0,2,66.0,0.0,83.5,-1.51,Urban,Low,29.1,0.712,0,234.78,30.14,48.93,inefficient_gear
V004,2026-08-22T08:40:49,Semi-Trailer,4,12.8,20994.1,Diesel,19.075465,72.912247,61.2,-0.12,2613.0,2,59.5,0.0,83.4,1.64,Urban,Low,28.7,0.729,0,234.77,29.93,48.93,inefficient_gear
V004,2026-08-22T08:40:50,Semi-Trailer,4,12.8,20994.1,Diesel,19.075622,72.912372,62.8,0.46,1826.0,2,64.7,0.0,75.3,-0.57,Urban,Low,30.4,0.747,0,234.77,30.74,48.93,inefficient_gear
V004,2026-08-22T08:40:51,Semi-Trailer,4,12.8,20994.1,Diesel,19.07578,72.912499,63.3,0.14,1907.0,2,77.0,0.0,85.8,1.31,Urban,Low,28.6,0.764,0,234.76,30.97,48.93,inefficient_gear
V004,2026-08-22T08:40:52,Semi-Trailer,4,12.8,20994.1,Diesel,19.075941,72.912627,64.2,0.25,2606.0,2,61.9,0.0,79.6,1.22,Urban,Low,27.5,0.782,0,234.75,31.42,48.93,inefficient_gear
V004,2026-08-22T08:40:53,Semi-Trailer,4,12.8,20994.1,Diesel,19.0761,72.912755,63.7,-0.13,1885.0,2,79.9,0.0,84.7,-0.17,Urban,Low,29.1,0.8,0,234.74,31.19,48.93,inefficient_gear
V004,2026-08-22T08:40:54,Semi-Trailer,4,12.8,20994.1,Diesel,19.076261,72.912884,64.3,0.17,1914.0,2,75.0,0.0,85.5,0.58,Urban,Low,30.6,0.818,0,234.73,31.48,48.93,inefficient_gear
V004,2026-08-22T08:40:55,Semi-Trailer,4,12.8,20994.1,Diesel,19.076421,72.913012,64.1,-0.07,2563.0,2,72.0,0.0,77.0,0.23,Urban,Low,29.4,0.836,0,234.72,31.35,48.93,inefficient_gear
V004,2026-08-22T08:40:56,Semi-Trailer,4,12.8,20994.1,Diesel,19.076581,72.91314,64.1,-0.0,2590.0,2,57.3,0.0,84.8,-1.38,Urban,Low,27.0,0.853,0,234.71,31.35,48.93,inefficient_gear
V004,2026-08-22T08:40:57,Semi-Trailer,4,12.8,20994.1,Diesel,19.076743,72.913269,64.7,0.19,2589.0,2,68.1,0.0,82.2,0.87,Urban,Low,32.6,0.871,0,234.7,31.68,48.93,inefficient_gear
V004,2026-08-22T08:40:58,Semi-Trailer,4,12.8,20994.1,Diesel,19.076904,72.913398,64.4,-0.08,2607.0,2,58.8,0.0,82.0,0.51,Urban,Low,28.6,0.889,0,234.7,31.53,48.93,inefficient_gear
V004,2026-08-22T08:40:59,Semi-Trailer,4,12.8,20994.1,Diesel,19.077065,72.913527,64.2,-0.07,1893.0,2,55.6,0.0,83.6,0.4,Urban,Low,26.7,0.907,0,234.69,31.4,48.93,inefficient_gear
V004,2026-08-22T08:41:00,Semi-Trailer,4,12.8,20994.1,Diesel,19.077225,72.913655,64.0,-0.05,1872.0,2,60.8,0.0,91.9,-0.37,Urban,Low,31.5,0.925,0,234.68,31.31,48.93,inefficient_gear
V004,2026-08-22T08:41:01,Semi-Trailer,4,12.8,20994.1,Diesel,19.077387,72.913785,65.0,0.27,1977.0,2,62.1,0.0,84.4,-1.5,Urban,Low,29.7,0.943,0,234.67,31.78,48.93,inefficient_gear
V004,2026-08-22T08:41:02,Semi-Trailer,4,12.8,20994.1,Diesel,19.077548,72.913913,64.2,-0.22,2546.0,2,58.0,0.0,86.7,0.22,Urban,Low,27.8,0.961,0,234.66,31.39,48.93,inefficient_gear
V004,2026-08-22T08:41:03,Semi-Trailer,4,12.8,20994.1,Diesel,19.077709,72.914042,64.7,0.14,2598.0,2,66.8,0.0,84.5,-0.09,Urban,Low,26.8,0.979,0,234.65,31.65,48.93,inefficient_gear
V004,2026-08-22T08:41:04,Semi-Trailer,4,12.8,20994.1,Diesel,19.077871,72.914171,64.6,-0.03,1950.0,2,70.6,0.0,81.8,-0.72,Urban,Low,28.1,0.997,0,234.64,31.59,48.93,inefficient_gear
V004,2026-08-22T08:41:05,Semi-Trailer,4,12.8,20994.1,Diesel,19.078033,72.914301,64.9,0.1,1934.0,2,66.4,0.0,87.6,-0.4,Urban,Low,25.6,1.015,0,234.63,31.77,48.93,inefficient_gear
V004,2026-08-22T08:41:06,Semi-Trailer,4,12.8,20994.1,Diesel,19.078196,72.914432,65.2,0.07,1887.0,2,63.5,0.0,86.8,0.38,Urban,Low,27.7,1.033,0,234.63,31.89,48.93,inefficient_gear
V004,2026-08-22T08:41:07,Semi-Trailer,4,12.8,20994.1,Diesel,19.078361,72.914564,66.1,0.25,2596.0,2,67.6,0.0,77.4,0.35,Urban,Low,28.9,1.051,0,234.62,32.34,48.93,inefficient_gear
V004,2026-08-22T08:41:08,Semi-Trailer,4,12.8,20994.1,Diesel,19.078527,72.914696,66.2,0.03,1938.0,2,66.9,0.0,80.0,0.25,Urban,Low,27.1,1.07,0,234.61,32.38,48.93,inefficient_gear
V004,2026-08-22T08:41:09,Semi-Trailer,4,12.8,20994.1,Diesel,19.078691,72.914828,65.7,-0.13,1954.0,2,71.7,0.0,87.4,1.89,Urban,Low,27.6,1.088,0,234.6,32.15,48.93,inefficient_gear
V004,2026-08-22T08:41:10,Semi-Trailer,4,12.8,20994.1,Diesel,19.078854,72.914958,65.3,-0.1,1862.0,2,64.2,0.0,90.5,0.11,Urban,Low,30.3,1.106,0,234.59,31.97,48.93,inefficient_gear
V004,2026-08-22T08:41:11,Semi-Trailer,4,12.8,20994.1,Diesel,19.079019,72.91509,65.9,0.14,2620.0,2,61.9,0.0,78.1,-2.32,Urban,Low,27.7,1.124,0,234.58,32.22,48.93,inefficient_gear
V004,2026-08-22T08:41:12,Semi-Trailer,4,12.8,20994.1,Diesel,19.079188,72.915225,67.6,0.5,1968.0,2,57.8,0.0,86.0,0.55,Urban,Low,28.0,1.143,0,234.57,33.1,48.93,inefficient_gear
V004,2026-08-22T08:41:13,Semi-Trailer,4,12.8,20994.1,Diesel,19.079359,72.915362,68.2,0.16,1972.0,2,62.3,0.0,77.1,2.09,Urban,Low,28.8,1.162,0,234.56,33.38,48.93,inefficient_gear
V004,2026-08-22T08:41:14,Semi-Trailer,4,12.8,20994.1,Diesel,19.079529,72.915498,68.2,-0.02,2018.0,2,72.4,0.0,79.9,1.65,Urban,Low,29.3,1.181,0,234.55,33.35,48.93,inefficient_gear
V004,2026-08-22T08:41:15,Semi-Trailer,4,12.8,20994.1,Diesel,19.079703,72.915637,69.6,0.39,2551.0,2,71.3,0.0,75.2,1.54,Urban,Low,27.5,1.2,0,234.54,34.04,48.93,inefficient_gear
V004,2026-08-22T08:41:16,Semi-Trailer,4,12.8,20994.1,Diesel,19.07988,72.915779,70.7,0.31,2045.0,2,68.5,0.0,75.8,0.46,Urban,Low,26.8,1.22,0,234.53,34.59,48.93,inefficient_gear
V004,2026-08-22T08:41:17,Semi-Trailer,4,12.8,20994.1,Diesel,19.080055,72.915919,70.1,-0.17,1996.0,2,66.1,0.0,84.0,-2.09,Urban,Low,25.7,1.239,0,234.52,34.29,48.93,inefficient_gear
V004,2026-08-22T08:41:18,Semi-Trailer,4,12.8,20994.1,Diesel,19.080232,72.91606,70.8,0.2,2595.0,2,74.0,0.0,85.3,-1.41,Urban,Low,28.8,1.259,0,234.51,34.64,48.93,inefficient_gear
V004,2026-08-22T08:41:19,Semi-Trailer,4,12.8,20994.1,Diesel,19.080406,72.9162,69.7,-0.3,2016.0,2,74.9,0.0,89.2,0.55,Urban,Low,25.6,1.278,0,234.51,34.11,48.93,inefficient_gear
V004,2026-08-22T08:41:20,Semi-Trailer,4,12.8,20994.1,Diesel,19.080581,72.91634,69.9,0.04,2032.0,2,57.4,0.0,82.7,-0.08,Urban,Low,27.0,1.298,0,234.5,34.19,48.93,inefficient_gear
V004,2026-08-22T08:41:21,Semi-Trailer,4,12.8,20994.1,Diesel,19.080756,72.916479,69.8,-0.01,2587.0,2,69.4,0.0,77.0,0.58,Urban,Low,31.0,1.317,0,234.49,34.17,48.93,inefficient_gear
V004,2026-08-22T08:41:22,Semi-Trailer,4,12.8,20994.1,Diesel,19.08093,72.916619,69.9,0.02,2566.0,2,64.3,0.0,85.5,0.52,Urban,Low,28.1,1.337,0,234.48,34.21,48.93,inefficient_gear
V004,2026-08-22T08:41:23,Semi-Trailer,4,12.8,20994.1,Diesel,19.081106,72.916759,70.1,0.05,1949.0,2,56.9,0.0,78.6,0.68,Urban,Low,26.5,1.356,0,234.47,34.29,48.93,inefficient_gear
V004,2026-08-22T08:41:24,Semi-Trailer,4,12.8,20994.1,Diesel,19.081281,72.9169,70.3,0.06,2007.0,2,60.6,0.0,88.1,0.91,Urban,Low,29.3,1.376,0,234.46,34.4,48.93,inefficient_gear
V004,2026-08-22T08:41:25,Semi-Trailer,4,12.8,20994.1,Diesel,19.081456,72.91704,70.0,-0.09,2000.0,2,69.9,0.0,84.9,-0.59,Urban,Low,30.9,1.395,0,234.45,34.24,48.93,inefficient_gear
V004,2026-08-22T08:41:26,Semi-Trailer,4,12.8,20994.1,Diesel,19.081633,72.917181,70.7,0.18,2576.0,2,68.0,0.0,82.2,-2.38,Urban,Low,29.0,1.415,0,234.44,34.57,48.93,inefficient_gear
V004,2026-08-22T08:41:27,Semi-Trailer,4,12.8,20994.1,Diesel,19.08181,72.917323,70.7,0.01,2617.0,2,73.4,0.0,91.8,-0.6,Urban,Low,27.0,1.434,0,234.43,34.59,48.93,inefficient_gear
V004,2026-08-22T08:41:28,Semi-Trailer,4,12.8,20994.1,Diesel,19.081987,72.917465,71.0,0.08,2586.0,2,64.9,0.0,77.5,0.93,Urban,Low,28.8,1.454,0,234.42,34.73,48.93,inefficient_gear
V004,2026-08-22T08:41:29,Semi-Trailer,4,12.8,20994.1,Diesel,19.082166,72.917607,71.5,0.13,2652.0,2,56.9,0.0,81.3,0.63,Urban,Low,27.0,1.474,0,234.41,34.96,48.93,inefficient_gear
V004,2026-08-22T08:41:30,Semi-Trailer,4,12.8,20994.1,Diesel,19.082347,72.917753,72.5,0.3,2571.0,2,69.8,0.0,88.2,-2.25,Urban,Low,26.5,1.494,0,234.4,35.49,48.93,inefficient_gear
V004,2026-08-22T08:41:31,Semi-Trailer,4,12.8,20994.1,Diesel,19.082527,72.917897,72.1,-0.13,2056.0,2,75.5,0.0,82.6,1.17,Urban,Low,25.6,1.514,0,234.39,35.25,48.93,inefficient_gear
V004,2026-08-22T08:41:32,Semi-Trailer,4,12.8,20994.1,Diesel,19.082708,72.918041,72.3,0.08,2061.0,2,55.2,0.0,78.8,-0.52,Urban,Low,27.6,1.534,0,234.38,35.39,48.93,inefficient_gear
V004,2026-08-22T08:41:33,Semi-Trailer,4,12.8,20994.1,Diesel,19.082891,72.918188,73.3,0.26,2588.0,2,71.9,0.0,82.6,-0.3,Urban,Low,26.9,1.554,0,234.37,35.85,48.93,inefficient_gear
V004,2026-08-22T08:41:34,Semi-Trailer,4,12.8,20994.1,Diesel,19.083077,72.918337,74.4,0.3,2088.0,2,70.0,0.0,78.9,1.41,Urban,Low,27.0,1.575,0,234.36,36.38,48.93,inefficient_gear
V004,2026-08-22T08:41:35,Semi-Trailer,4,12.8,20994.1,Diesel,19.083264,72.918486,74.7,0.08,2589.0,2,58.2,0.0,82.1,1.14,Urban,Low,25.0,1.596,0,234.35,36.53,48.93,inefficient_gear
V004,2026-08-22T08:41:36,Semi-Trailer,4,12.8,20994.1,Diesel,19.083451,72.918636,75.0,0.24,2644.0,2,78.5,0.0,85.8,-1.08,Urban,Low,29.8,1.617,0,234.34,36.7,48.93,inefficient_gear
V004,2026-08-22T08:41:37,Semi-Trailer,4,12.8,20994.1,Diesel,19.083639,72.918786,75.0,0.23,2145.0,2,57.8,0.0,89.9,-1.65,Urban,Low,28.4,1.638,0,234.33,36.7,48.93,inefficient_gear
V004,2026-08-22T08:41:38,Semi-Trailer,4,12.8,20994.1,Diesel,19.083826,72.918936,75.0,0.28,2643.0,2,62.1,0.0,88.0,2.2,Urban,Low,29.3,1.658,0,234.32,36.7,48.93,inefficient_gear
V004,2026-08-22T08:41:39,Semi-Trailer,4,12.8,20994.1,Diesel,19.084013,72.919085,74.5,-0.14,2108.0,2,56.9,0.0,88.8,0.08,Urban,Low,26.5,1.679,0,234.31,36.44,48.93,inefficient_gear
V004,2026-08-22T08:41:40,Semi-Trailer,4,12.8,20994.1,Diesel,19.084199,72.919234,74.7,0.05,2106.0,2,66.0,0.0,89.6,-0.46,Urban,Low,26.9,1.7,0,234.3,36.53,48.93,inefficient_gear
V004,2026-08-22T08:41:41,Semi-Trailer,4,12.8,20994.1,Diesel,19.084387,72.919384,75.0,0.26,2641.0,2,57.8,0.0,79.8,1.66,Urban,Low,25.6,1.721,0,234.29,36.7,48.93,inefficient_gear
V004,2026-08-22T08:41:42,Semi-Trailer,4,12.8,20994.1,Diesel,19.084574,72.919534,75.0,0.38,2682.0,2,77.1,0.0,91.8,-1.49,Urban,Low,28.9,1.741,0,234.28,36.7,48.93,inefficient_gear
V004,2026-08-22T08:41:43,Semi-Trailer,4,12.8,20994.1,Diesel,19.084758,72.919681,73.6,-0.38,2087.0,2,58.6,0.0,90.1,-3.09,Urban,Low,27.2,1.762,0,234.27,36.03,48.93,inefficient_gear
V004,2026-08-22T08:41:44,Semi-Trailer,4,12.8,20994.1,Diesel,19.084941,72.919828,73.0,-0.17,2555.0,2,69.0,0.0,80.3,0.88,Urban,Low,28.6,1.782,0,234.26,35.73,48.93,inefficient_gear
V004,2026-08-22T08:41:45,Semi-Trailer,4,12.8,20994.1,Diesel,19.085124,72.919974,73.3,0.06,2142.0,2,56.7,0.0,82.3,-2.95,Urban,Low,27.8,1.803,0,234.25,35.84,48.93,inefficient_gear
V004,2026-08-22T08:41:46,Semi-Trailer,4,12.8,20994.1,Diesel,19.085307,72.920121,73.4,0.03,2556.0,2,76.2,0.0,89.0,0.5,Urban,Low,29.0,1.823,0,234.24,35.9,48.93,inefficient_gear
V004,2026-08-22T08:41:47,Semi-Trailer,4,12.8,20994.1,Diesel,19.08549,72.920267,73.0,-0.12,2594.0,2,70.9,0.0,79.3,0.13,Urban,Low,26.9,1.843,0,234.23,35.7,48.93,inefficient_gear
V004,2026-08-22T08:41:48,Semi-Trailer,4,12.8,20994.1,Diesel,19.085674,72.920414,73.5,0.15,2604.0,2,74.3,0.0,80.6,-0.05,Urban,Low,29.0,1.864,0,234.22,35.97,48.93,inefficient_gear
V004,2026-08-22T08:41:49,Semi-Trailer,4,12.8,20994.1,Diesel,19.085856,72.92056,72.9,-0.17,2050.0,2,63.3,0.0,76.7,0.4,Urban,Low,28.5,1.884,0,234.21,35.68,48.93,inefficient_gear
V004,2026-08-22T08:41:50,Semi-Trailer,4,12.8,20994.1,Diesel,19.086039,72.920706,73.3,0.12,2562.0,2,79.9,0.0,78.7,1.83,Urban,Low,28.0,1.904,0,234.2,35.88,48.93,inefficient_gear
V004,2026-08-22T08:41:51,Semi-Trailer,4,12.8,20994.1,Diesel,19.086226,72.920855,74.6,0.35,2550.0,2,64.6,0.0,84.6,0.52,Urban,Low,28.5,1.925,0,234.19,36.5,48.93,inefficient_gear
V004,2026-08-22T08:41:52,Semi-Trailer,4,12.8,20994.1,Diesel,19.086413,72.921005,75.0,0.23,2071.0,2,59.8,0.0,84.8,2.0,Urban,Low,28.2,1.946,0,234.18,36.7,48.93,inefficient_gear
V004,2026-08-22T08:41:53,Semi-Trailer,4,12.8,20994.1,Diesel,19.086601,72.921155,75.0,0.05,2092.0,2,77.3,0.0,91.1,0.45,Urban,Low,27.2,1.967,0,234.17,36.7,48.93,inefficient_gear
V004,2026-08-22T08:41:54,Semi-Trailer,4,12.8,20994.1,Diesel,19.086788,72.921305,75.0,0.21,2594.0,2,56.3,0.0,90.5,1.15,Urban,Low,26.9,1.987,0,234.16,36.7,48.93,inefficient_gear
V004,2026-08-22T08:41:55,Semi-Trailer,4,12.8,20994.1,Diesel,19.086976,72.921455,75.0,0.51,2168.0,2,60.3,0.0,83.0,-0.79,Urban,Low,28.5,2.008,0,234.15,36.7,48.93,inefficient_gear
V004,2026-08-22T08:41:56,Semi-Trailer,4,12.8,20994.1,Diesel,19.087163,72.921605,75.0,0.18,2590.0,2,72.3,0.0,80.1,2.02,Urban,Low,26.5,2.029,0,234.14,36.7,48.93,inefficient_gear
V004,2026-08-22T08:41:57,Semi-Trailer,4,12.8,20994.1,Diesel,19.087351,72.921755,75.0,0.31,2119.0,2,59.0,0.0,76.2,-1.74,Urban,Low,29.2,2.05,0,234.13,36.7,48.93,inefficient_gear
V004,2026-08-22T08:41:58,Semi-Trailer,4,12.8,20994.1,Diesel,19.087537,72.921905,74.6,-0.11,2578.0,2,56.6,0.0,81.1,-2.03,Urban,Low,28.3,2.071,0,234.12,36.49,48.93,inefficient_gear
V004,2026-08-22T08:41:59,Semi-Trailer,4,12.8,20994.1,Diesel,19.087725,72.922055,75.0,0.18,2613.0,2,68.9,0.0,83.7,2.08,Urban,Low,31.3,2.092,0,234.11,36.7,48.93,inefficient_gear
V004,2026-08-22T10:40:00,Semi-Trailer,4,12.8,31688.7,Diesel,19.032533,72.871863,0.0,0.0,1967.0,0,0.0,54.1,12.4,0.37,Highway,High,29.1,0.0,1,377.3,3.9,99.9,excessive_idling
V004,2026-08-22T10:40:01,Semi-Trailer,4,12.8,31688.7,Diesel,19.032533,72.871863,0.0,0.0,1982.0,0,0.0,50.4,15.7,-0.8,Highway,High,28.3,0.0,2,377.29,4.05,99.9,excessive_idling
V004,2026-08-22T10:40:02,Semi-Trailer,4,12.8,31688.7,Diesel,19.032533,72.871863,0.0,0.0,1980.0,0,0.0,59.2,17.9,-0.69,Highway,High,28.7,0.0,3,377.29,4.0,99.9,excessive_idling
V004,2026-08-22T10:40:03,Semi-Trailer,4,12.8,31688.7,Diesel,19.032533,72.871863,0.0,0.0,1980.0,0,0.0,36.6,15.6,0.65,Highway,High,25.5,0.0,4,377.29,4.06,99.9,excessive_idling
V004,2026-08-22T10:40:04,Semi-Trailer,4,12.8,31688.7,Diesel,19.032533,72.871863,0.0,0.0,1995.0,0,0.0,54.5,17.8,-1.58,Highway,High,29.5,0.0,5,377.29,4.07,99.9,excessive_idling
V004,2026-08-22T10:40:05,Semi-Trailer,4,12.8,31688.7,Diesel,19.032533,72.871863,0.0,0.0,1961.0,0,0.0,31.3,12.7,-0.19,Highway,High,26.3,0.0,6,377.29,3.95,99.9,excessive_idling
V004,2026-08-22T10:40:06,Semi-Trailer,4,12.8,31688.7,Diesel,19.032533,72.871863,0.0,0.0,1985.0,0,0.0,34.1,15.6,0.97,Highway,High,28.1,0.0,7,377.29,4.0,99.9,excessive_idling
V004,2026-08-22T10:40:07,Semi-Trailer,4,12.8,31688.7,Diesel,19.032533,72.871863,0.0,0.0,1978.0,0,0.0,41.3,13.8,-0.2,Highway,High,25.9,0.0,8,377.29,4.02,99.9,excessive_idling
V004,2026-08-22T10:40:08,Semi-Trailer,4,12.8,31688.7,Diesel,19.032533,72.871863,0.0,0.0,1956.0,0,0.0,37.5,12.4,-0.63,Highway,High,31.1,0.0,9,377.29,4.17,99.9,excessive_idling
V004,2026-08-22T10:40:09,Semi-Trailer,4,12.8,31688.7,Diesel,19.032533,72.871863,0.0,0.0,2012.0,0,0.0,55.5,16.0,-0.2,Highway,High,31.3,0.0,10,377.29,3.91,99.9,excessive_idling
V004,2026-08-22T10:40:10,Semi-Trailer,4,12.8,31688.7,Diesel,19.032533,72.871863,0.0,0.0,1981.0,0,0.0,54.3,14.4,1.0,Highway,High,27.7,0.0,11,377.28,4.02,99.9,excessive_idling
V004,2026-08-22T10:40:11,Semi-Trailer,4,12.8,31688.7,Diesel,19.032533,72.871863,0.0,0.0,1979.0,0,0.0,57.9,15.8,0.06,Highway,High,26.0,0.0,12,377.28,3.9,99.9,excessive_idling
V004,2026-08-22T10:40:12,Semi-Trailer,4,12.8,31688.7,Diesel,19.032533,72.871863,0.0,0.0,1965.0,0,0.0,48.5,16.2,-0.63,Highway,High,28.3,0.0,13,377.28,3.93,99.9,excessive_idling
V004,2026-08-22T10:40:13,Semi-Trailer,4,12.8,31688.7,Diesel,19.032533,72.871863,0.0,0.0,1963.0,0,0.0,40.7,13.0,0.08,Highway,High,28.6,0.0,14,377.28,3.88,99.9,excessive_idling
V004,2026-08-22T10:40:14,Semi-Trailer,4,12.8,31688.7,Diesel,19.032533,72.871863,0.0,0.0,1988.0,0,0.0,48.3,16.2,-0.75,Highway,High,27.1,0.0,15,377.28,3.97,99.9,excessive_idling
V004,2026-08-22T10:40:15,Semi-Trailer,4,12.8,31688.7,Diesel,19.032533,72.871863,0.0,0.0,1971.0,0,0.0,52.9,14.6,-1.38,Highway,High,29.9,0.0,16,377.28,3.83,99.9,excessive_idling
V004,2026-08-22T10:40:16,Semi-Trailer,4,12.8,31688.7,Diesel,19.032533,72.871863,0.0,0.0,1984.0,0,0.0,42.5,16.4,1.14,Highway,High,26.4,0.0,17,377.28,4.09,99.9,excessive_idling
V004,2026-08-22T10:40:17,Semi-Trailer,4,12.8,31688.7,Diesel,19.032533,72.871863,0.0,0.0,1988.0,0,0.0,35.6,14.0,0.96,Highway,High,28.5,0.0,18,377.28,3.74,99.9,excessive_idling
V004,2026-08-22T10:40:18,Semi-Trailer,4,12.8,31688.7,Diesel,19.032533,72.871863,0.0,0.0,1961.0,0,0.0,56.6,16.0,0.18,Highway,High,25.5,0.0,19,377.28,4.06,99.9,excessive_idling
V004,2026-08-22T10:40:19,Semi-Trailer,4,12.8,31688.7,Diesel,19.032533,72.871863,0.0,0.0,1981.0,0,0.0,48.3,15.7,-0.85,Highway,High,28.9,0.0,20,377.27,3.85,99.9,excessive_idling
V004,2026-08-22T10:40:20,Semi-Trailer,4,12.8,31688.7,Diesel,19.032533,72.871863,0.0,0.0,1962.0,0,0.0,52.5,16.4,-0.59,Highway,High,29.2,0.0,21,377.27,3.9,99.9,excessive_idling
V004,2026-08-22T10:40:21,Semi-Trailer,4,12.8,31688.7,Diesel,19.032533,72.871863,0.0,0.0,1973.0,0,0.0,44.2,13.4,0.83,Highway,High,27.0,0.0,22,377.27,4.15,99.9,excessive_idling
V004,2026-08-22T10:40:22,Semi-Trailer,4,12.8,31688.7,Diesel,19.032533,72.871863,0.0,0.0,1965.0,0,0.0,31.6,16.9,0.14,Highway,High,28.4,0.0,23,377.27,4.0,99.9,excessive_idling
V004,2026-08-22T10:40:23,Semi-Trailer,4,12.8,31688.7,Diesel,19.032533,72.871863,0.0,0.0,1987.0,0,0.0,56.4,15.9,-1.05,Highway,High,26.2,0.0,24,377.27,4.03,99.9,excessive_idling
V004,2026-08-22T10:40:24,Semi-Trailer,4,12.8,31688.7,Diesel,19.032533,72.871863,0.0,0.0,1966.0,0,0.0,53.8,14.8,-0.56,Highway,High,28.4,0.0,25,377.27,4.1,99.9,excessive_idling
V004,2026-08-22T10:40:25,Semi-Trailer,4,12.8,31688.7,Diesel,19.032533,72.871863,0.0,0.0,1992.0,0,0.0,36.4,17.2,-0.47,Highway,High,27.3,0.0,26,377.27,3.99,99.9,excessive_idling
V004,2026-08-22T10:40:26,Semi-Trailer,4,12.8,31688.7,Diesel,19.032533,72.871863,0.0,0.0,1979.0,0,0.0,39.5,12.5,-0.49,Highway,High,29.6,0.0,27,377.27,3.86,99.9,excessive_idling
V004,2026-08-22T10:40:27,Semi-Trailer,4,12.8,31688.7,Diesel,19.032533,72.871863,0.0,0.0,1996.0,0,0.0,49.2,12.6,-1.29,Highway,High,29.0,0.0,28,377.27,3.91,99.9,excessive_idling
V004,2026-08-22T10:40:28,Semi-Trailer,4,12.8,31688.7,Diesel,19.032533,72.871863,0.0,0.0,1979.0,0,0.0,41.8,16.6,-0.1,Highway,High,28.2,0.0,29,377.26,4.05,99.9,excessive_idling
V004,2026-08-22T10:40:29,Semi-Trailer,4,12.8,31688.7,Diesel,19.032533,72.871863,0.0,0.0,1978.0,0,0.0,56.2,14.2,1.56,Highway,High,27.4,0.0,30,377.26,3.84,99.9,excessive_idling
V004,2026-08-22T10:40:30,Semi-Trailer,4,12.8,31688.7,Diesel,19.032533,72.871863,0.0,0.0,1991.0,0,0.0,31.9,12.1,-1.04,Highway,High,25.9,0.0,31,377.26,3.99,99.9,excessive_idling
V004,2026-08-22T10:40:31,Semi-Trailer,4,12.8,31688.7,Diesel,19.032533,72.871863,0.0,0.0,1968.0,0,0.0,55.4,18.0,1.01,Highway,High,26.2,0.0,32,377.26,3.97,99.9,excessive_idling
V004,2026-08-22T10:40:32,Semi-Trailer,4,12.8,31688.7,Diesel,19.032533,72.871863,0.0,0.0,1989.0,0,0.0,41.5,12.1,-0.74,Highway,High,25.8,0.0,33,377.26,3.9,99.9,excessive_idling
V004,2026-08-22T10:40:33,Semi-Trailer,4,12.8,31688.7,Diesel,19.032533,72.871863,0.0,0.0,1982.0,0,0.0,37.4,15.5,-0.16,Highway,High,27.4,0.0,34,377.26,3.98,99.9,excessive_idling
V004,2026-08-22T10:40:34,Semi-Trailer,4,12.8,31688.7,Diesel,19.032533,72.871863,0.0,0.0,1952.0,0,0.0,38.5,15.4,1.12,Highway,High,28.4,0.0,35,377.26,3.91,99.9,excessive_idling
V004,2026-08-22T10:40:35,Semi-Trailer,4,12.8,31688.7,Diesel,19.032533,72.871863,0.0,0.0,1999.0,0,0.0,38.2,14.7,1.6,Highway,High,30.5,0.0,36,377.26,4.18,99.9,excessive_idling
V004,2026-08-22T10:40:36,Semi-Trailer,4,12.8,31688.7,Diesel,19.032533,72.871863,0.0,0.0,1968.0,0,0.0,50.8,12.7,-0.57,Highway,High,28.4,0.0,37,377.26,3.83,99.9,excessive_idling
V004,2026-08-22T10:40:37,Semi-Trailer,4,12.8,31688.7,Diesel,19.032533,72.871863,0.0,0.0,1998.0,0,0.0,47.8,15.1,-0.73,Highway,High,27.2,0.0,38,377.25,3.75,99.9,excessive_idling
V004,2026-08-22T10:40:38,Semi-Trailer,4,12.8,31688.7,Diesel,19.032533,72.871863,0.0,0.0,1961.0,0,0.0,34.5,12.6,0.33,Highway,High,30.3,0.0,39,377.25,4.03,99.9,excessive_idling
V004,2026-08-22T10:40:39,Semi-Trailer,4,12.8,31688.7,Diesel,19.032533,72.871863,0.0,0.0,1964.0,0,0.0,46.8,16.6,-0.12,Highway,High,27.2,0.0,40,377.25,4.05,99.9,excessive_idling
V004,2026-08-22T10:40:40,Semi-Trailer,4,12.8,31688.7,Diesel,19.032533,72.871863,0.0,0.0,1992.0,0,0.0,54.5,13.8,0.33,Highway,High,30.0,0.0,41,377.25,3.93,99.9,excessive_idling
V004,2026-08-22T10:40:41,Semi-Trailer,4,12.8,31688.7,Diesel,19.032533,72.871863,0.0,0.0,1996.0,0,0.0,52.2,13.9,-0.08,Highway,High,27.1,0.0,42,377.25,3.97,99.9,excessive_idling
V004,2026-08-22T10:40:42,Semi-Trailer,4,12.8,31688.7,Diesel,19.032533,72.871863,0.0,0.0,1981.0,0,0.0,30.3,15.6,0.74,Highway,High,26.9,0.0,43,377.25,3.83,99.9,excessive_idling
V004,2026-08-22T10:40:43,Semi-Trailer,4,12.8,31688.7,Diesel,19.032533,72.871863,0.0,0.0,2006.0,0,0.0,51.7,17.5,-0.31,Highway,High,30.9,0.0,44,377.25,3.93,99.9,excessive_idling
V004,2026-08-22T10:40:44,Semi-Trailer,4,12.8,31688.7,Diesel,19.032533,72.871863,0.0,0.0,1967.0,0,0.0,42.8,14.3,-0.3,Highway,High,27.3,0.0,45,377.25,4.03,99.9,excessive_idling
V004,2026-08-22T10:40:45,Semi-Trailer,4,12.8,31688.7,Diesel,19.032533,72.871863,0.0,0.0,1988.0,0,0.0,35.1,14.7,-0.07,Highway,High,25.8,0.0,46,377.25,3.87,99.9,excessive_idling
V004,2026-08-22T10:40:46,Semi-Trailer,4,12.8,31688.7,Diesel,19.032533,72.871863,0.0,0.0,1969.0,0,0.0,45.5,14.0,0.99,Highway,High,28.5,0.0,47,377.24,3.88,99.9,excessive_idling
V004,2026-08-22T10:40:47,Semi-Trailer,4,12.8,31688.7,Diesel,19.032533,72.871863,0.0,0.0,1968.0,0,0.0,31.1,14.9,0.46,Highway,High,25.7,0.0,48,377.24,4.12,99.9,excessive_idling
V004,2026-08-22T10:40:48,Semi-Trailer,4,12.8,31688.7,Diesel,19.032533,72.871863,0.0,0.0,1985.0,0,0.0,33.5,16.9,0.16,Highway,High,27.2,0.0,49,377.24,4.21,99.9,excessive_idling
V004,2026-08-22T10:40:49,Semi-Trailer,4,12.8,31688.7,Diesel,19.032533,72.871863,0.0,0.0,1993.0,0,0.0,52.2,12.5,0.16,Highway,High,24.7,0.0,50,377.24,4.0,99.9,excessive_idling
V004,2026-08-22T10:40:50,Semi-Trailer,4,12.8,31688.7,Diesel,19.032533,72.871863,0.0,0.0,2000.0,0,0.0,32.9,15.7,0.85,Highway,High,27.8,0.0,51,377.24,3.96,99.9,excessive_idling
V004,2026-08-22T10:40:51,Semi-Trailer,4,12.8,31688.7,Diesel,19.032533,72.871863,0.0,0.0,1985.0,0,0.0,42.4,17.0,-0.34,Highway,High,28.7,0.0,52,377.24,3.97,99.9,excessive_idling
V004,2026-08-22T10:40:52,Semi-Trailer,4,12.8,31688.7,Diesel,19.032533,72.871863,0.0,0.0,1965.0,0,0.0,56.8,17.8,0.11,Highway,High,27.2,0.0,53,377.24,3.82,99.9,excessive_idling
V004,2026-08-22T10:40:53,Semi-Trailer,4,12.8,31688.7,Diesel,19.032533,72.871863,0.0,0.0,1977.0,0,0.0,38.6,16.6,-0.88,Highway,High,27.4,0.0,54,377.24,3.91,99.9,excessive_idling
V004,2026-08-22T10:40:54,Semi-Trailer,4,12.8,31688.7,Diesel,19.032533,72.871863,0.0,0.0,1954.0,0,0.0,59.1,12.2,0.8,Highway,High,28.2,0.0,55,377.24,4.13,99.9,excessive_idling
V004,2026-08-22T10:40:55,Semi-Trailer,4,12.8,31688.7,Diesel,19.032533,72.871863,0.0,0.0,1978.0,0,0.0,56.8,16.3,1.39,Highway,High,27.0,0.0,56,377.23,4.02,99.9,excessive_idling
V004,2026-08-22T10:40:56,Semi-Trailer,4,12.8,31688.7,Diesel,19.032533,72.871863,0.0,0.0,1984.0,0,0.0,48.8,14.7,-0.54,Highway,High,24.8,0.0,57,377.23,4.04,99.9,excessive_idling
V004,2026-08-22T10:40:57,Semi-Trailer,4,12.8,31688.7,Diesel,19.032533,72.871863,0.0,0.0,1993.0,0,0.0,34.7,14.3,-0.09,Highway,High,29.8,0.0,58,377.23,4.16,99.9,excessive_idling
V004,2026-08-22T10:40:58,Semi-Trailer,4,12.8,31688.7,Diesel,19.032533,72.871863,0.0,0.0,1964.0,0,0.0,43.5,13.0,0.12,Highway,High,27.7,0.0,59,377.23,3.96,99.9,excessive_idling
V004,2026-08-22T10:40:59,Semi-Trailer,4,12.8,31688.7,Diesel,19.032533,72.871863,0.0,0.0,1980.0,0,0.0,31.8,16.7,1.66,Highway,High,27.3,0.0,60,377.23,4.19,99.9,excessive_idling
V004,2026-08-22T10:41:00,Semi-Trailer,4,12.8,31688.7,Diesel,19.032533,72.871863,0.0,0.0,1967.0,0,0.0,51.4,14.7,-0.75,Highway,High,26.4,0.0,61,377.23,4.16,99.9,excessive_idling
V004,2026-08-22T10:41:01,Semi-Trailer,4,12.8,31688.7,Diesel,19.032533,72.871863,0.0,0.0,1955.0,0,0.0,42.1,14.9,0.42,Highway,High,30.4,0.0,62,377.23,3.81,99.9,excessive_idling
V004,2026-08-22T10:41:02,Semi-Trailer,4,12.8,31688.7,Diesel,19.032533,72.871863,0.0,0.0,1976.0,0,0.0,36.9,17.7,0.43,Highway,High,30.4,0.0,63,377.23,3.82,99.9,excessive_idling
V004,2026-08-22T10:41:03,Semi-Trailer,4,12.8,31688.7,Diesel,19.032533,72.871863,0.0,0.0,1979.0,0,0.0,59.7,13.1,1.33,Highway,High,29.7,0.0,64,377.23,4.06,99.9,excessive_idling
V004,2026-08-22T10:41:04,Semi-Trailer,4,12.8,31688.7,Diesel,19.032533,72.871863,0.0,0.0,1927.0,0,0.0,41.8,13.1,0.26,Highway,High,27.6,0.0,65,377.22,3.99,99.9,excessive_idling
V004,2026-08-22T10:41:05,Semi-Trailer,4,12.8,31688.7,Diesel,19.032533,72.871863,0.0,0.0,1958.0,0,0.0,48.1,16.7,-0.91,Highway,High,25.1,0.0,66,377.22,3.98,99.9,excessive_idling
V004,2026-08-22T10:41:06,Semi-Trailer,4,12.8,31688.7,Diesel,19.032533,72.871863,0.0,0.0,1981.0,0,0.0,41.1,14.5,-0.03,Highway,High,27.4,0.0,67,377.22,4.09,99.9,excessive_idling
V004,2026-08-22T10:41:07,Semi-Trailer,4,12.8,31688.7,Diesel,19.032533,72.871863,0.0,0.0,1970.0,0,0.0,46.3,14.5,-0.14,Highway,High,25.8,0.0,68,377.22,3.9,99.9,excessive_idling
V004,2026-08-22T10:41:08,Semi-Trailer,4,12.8,31688.7,Diesel,19.032533,72.871863,0.0,0.0,1975.0,0,0.0,58.5,12.9,-0.39,Highway,High,29.7,0.0,69,377.22,3.92,99.9,excessive_idling
V004,2026-08-22T10:41:09,Semi-Trailer,4,12.8,31688.7,Diesel,19.032533,72.871863,0.0,0.0,1996.0,0,0.0,33.4,12.3,-1.0,Highway,High,27.8,0.0,70,377.22,3.81,99.9,excessive_idling
V004,2026-08-22T10:41:10,Semi-Trailer,4,12.8,31688.7,Diesel,19.032533,72.871863,0.0,0.0,1991.0,0,0.0,30.8,16.2,-0.54,Highway,High,28.8,0.0,71,377.22,3.89,99.9,excessive_idling
V004,2026-08-22T10:41:11,Semi-Trailer,4,12.8,31688.7,Diesel,19.032533,72.871863,0.0,0.0,1961.0,0,0.0,46.2,17.7,0.26,Highway,High,27.6,0.0,72,377.22,4.17,99.9,excessive_idling
V004,2026-08-22T10:41:12,Semi-Trailer,4,12.8,31688.7,Diesel,19.032533,72.871863,0.0,0.0,1950.0,0,0.0,38.5,12.6,0.3,Highway,High,28.2,0.0,73,377.22,3.86,99.9,excessive_idling
V004,2026-08-22T10:41:13,Semi-Trailer,4,12.8,31688.7,Diesel,19.032533,72.871863,0.0,0.0,2004.0,0,0.0,55.2,16.8,-0.45,Highway,High,27.7,0.0,74,377.21,4.01,99.9,excessive_idling
V004,2026-08-22T10:41:14,Semi-Trailer,4,12.8,31688.7,Diesel,19.032533,72.871863,0.0,0.0,1986.0,0,0.0,55.8,14.6,0.31,Highway,High,28.3,0.0,75,377.21,3.87,99.9,excessive_idling
V004,2026-08-22T10:41:15,Semi-Trailer,4,12.8,31688.7,Diesel,19.032533,72.871863,0.0,0.0,1971.0,0,0.0,49.3,16.8,-0.23,Highway,High,28.7,0.0,76,377.21,4.02,99.9,excessive_idling
V004,2026-08-22T10:41:16,Semi-Trailer,4,12.8,31688.7,Diesel,19.032533,72.871863,0.0,0.0,2003.0,0,0.0,53.5,13.1,-1.44,Highway,High,27.7,0.0,77,377.21,4.1,99.9,excessive_idling
V004,2026-08-22T10:41:17,Semi-Trailer,4,12.8,31688.7,Diesel,19.032533,72.871863,0.0,0.0,1983.0,0,0.0,53.5,16.9,0.52,Highway,High,29.0,0.0,78,377.21,3.77,99.9,excessive_idling
V004,2026-08-22T10:41:18,Semi-Trailer,4,12.8,31688.7,Diesel,19.032533,72.871863,0.0,0.0,1961.0,0,0.0,40.6,14.7,0.34,Highway,High,29.8,0.0,79,377.21,3.95,99.9,excessive_idling
V004,2026-08-22T10:41:19,Semi-Trailer,4,12.8,31688.7,Diesel,19.032533,72.871863,0.0,0.0,1972.0,0,0.0,50.6,16.9,1.34,Highway,High,28.9,0.0,80,377.21,3.98,99.9,excessive_idling
V004,2026-08-22T10:41:20,Semi-Trailer,4,12.8,31688.7,Diesel,19.032533,72.871863,0.0,0.0,1979.0,0,0.0,42.1,16.7,-1.37,Highway,High,24.4,0.0,81,377.21,4.08,99.9,excessive_idling
V004,2026-08-22T10:41:21,Semi-Trailer,4,12.8,31688.7,Diesel,19.032533,72.871863,0.0,0.0,1984.0,0,0.0,43.0,14.2,0.69,Highway,High,29.8,0.0,82,377.21,4.18,99.9,excessive_idling
V004,2026-08-22T10:41:22,Semi-Trailer,4,12.8,31688.7,Diesel,19.032533,72.871863,0.0,0.0,1997.0,0,0.0,44.1,13.4,-0.53,Highway,High,28.4,0.0,83,377.2,3.68,99.9,excessive_idling
V004,2026-08-22T10:41:23,Semi-Trailer,4,12.8,31688.7,Diesel,19.032533,72.871863,0.0,0.0,1966.0,0,0.0,58.1,16.5,1.16,Highway,High,27.7,0.0,84,377.2,4.17,99.9,excessive_idling
V004,2026-08-22T10:41:24,Semi-Trailer,4,12.8,31688.7,Diesel,19.032533,72.871863,0.0,0.0,1995.0,0,0.0,58.3,12.1,0.15,Highway,High,29.4,0.0,85,377.2,3.77,99.9,excessive_idling
V004,2026-08-22T10:41:25,Semi-Trailer,4,12.8,31688.7,Diesel,19.032533,72.871863,0.0,0.0,1979.0,0,0.0,53.3,17.2,-0.0,Highway,High,27.7,0.0,86,377.2,3.95,99.9,excessive_idling
V004,2026-08-22T10:41:26,Semi-Trailer,4,12.8,31688.7,Diesel,19.032533,72.871863,0.0,0.0,1981.0,0,0.0,47.9,15.3,-0.66,Highway,High,27.4,0.0,87,377.2,4.07,99.9,excessive_idling
V004,2026-08-22T10:41:27,Semi-Trailer,4,12.8,31688.7,Diesel,19.032533,72.871863,0.0,0.0,1979.0,0,0.0,47.9,14.7,0.36,Highway,High,27.2,0.0,88,377.2,4.05,99.9,excessive_idling
V004,2026-08-22T10:41:28,Semi-Trailer,4,12.8,31688.7,Diesel,19.032533,72.871863,0.0,0.0,1991.0,0,0.0,30.1,17.0,1.55,Highway,High,27.1,0.0,89,377.2,3.9,99.9,excessive_idling
V004,2026-08-22T10:41:29,Semi-Trailer,4,12.8,31688.7,Diesel,19.032533,72.871863,0.0,0.0,1976.0,0,0.0,49.0,15.4,0.46,Highway,High,26.1,0.0,90,377.2,3.88,99.9,excessive_idling
V004,2026-08-22T10:41:30,Semi-Trailer,4,12.8,31688.7,Diesel,19.032533,72.871863,0.0,0.0,1979.0,0,0.0,47.9,16.0,1.27,Highway,High,26.1,0.0,91,377.2,3.91,99.9,excessive_idling
V004,2026-08-22T10:41:31,Semi-Trailer,4,12.8,31688.7,Diesel,19.032533,72.871863,0.0,0.0,1980.0,0,0.0,49.6,15.9,-0.13,Highway,High,28.0,0.0,92,377.19,3.85,99.9,excessive_idling
V004,2026-08-22T10:41:32,Semi-Trailer,4,12.8,31688.7,Diesel,19.032533,72.871863,0.0,0.0,1973.0,0,0.0,30.9,13.3,0.09,Highway,High,27.4,0.0,93,377.19,4.18,99.9,excessive_idling
V004,2026-08-22T10:41:33,Semi-Trailer,4,12.8,31688.7,Diesel,19.032533,72.871863,0.0,0.0,2003.0,0,0.0,39.9,17.8,-0.55,Highway,High,27.6,0.0,94,377.19,3.97,99.9,excessive_idling
V004,2026-08-22T10:41:34,Semi-Trailer,4,12.8,31688.7,Diesel,19.032533,72.871863,0.0,0.0,1976.0,0,0.0,50.3,15.2,1.34,Highway,High,27.7,0.0,95,377.19,3.88,99.9,excessive_idling
V004,2026-08-22T10:41:35,Semi-Trailer,4,12.8,31688.7,Diesel,19.032533,72.871863,0.0,0.0,1980.0,0,0.0,43.0,14.1,0.57,Highway,High,29.9,0.0,96,377.19,4.04,99.9,excessive_idling
V004,2026-08-22T10:41:36,Semi-Trailer,4,12.8,31688.7,Diesel,19.032533,72.871863,0.0,0.0,1980.0,0,0.0,38.9,16.5,0.15,Highway,High,27.4,0.0,97,377.19,3.9,99.9,excessive_idling
V004,2026-08-22T10:41:37,Semi-Trailer,4,12.8,31688.7,Diesel,19.032533,72.871863,0.0,0.0,1991.0,0,0.0,57.4,17.7,-1.74,Highway,High,27.2,0.0,98,377.19,4.01,99.9,excessive_idling
V004,2026-08-22T10:41:38,Semi-Trailer,4,12.8,31688.7,Diesel,19.032533,72.871863,0.0,0.0,1989.0,0,0.0,46.1,15.8,0.09,Highway,High,25.0,0.0,99,377.19,3.92,99.9,excessive_idling
V004,2026-08-22T10:41:39,Semi-Trailer,4,12.8,31688.7,Diesel,19.032533,72.871863,0.0,0.0,1973.0,0,0.0,50.8,12.2,0.81,Highway,High,26.0,0.0,100,377.19,4.11,99.9,excessive_idling
V004,2026-08-22T10:41:40,Semi-Trailer,4,12.8,31688.7,Diesel,19.032533,72.871863,0.0,0.0,1976.0,0,0.0,31.7,14.6,0.05,Highway,High,28.5,0.0,101,377.18,3.99,99.9,excessive_idling
V004,2026-08-22T10:41:41,Semi-Trailer,4,12.8,31688.7,Diesel,19.032533,72.871863,0.0,0.0,1986.0,0,0.0,33.1,12.2,-0.08,Highway,High,26.9,0.0,102,377.18,3.85,99.9,excessive_idling
V004,2026-08-22T10:41:42,Semi-Trailer,4,12.8,31688.7,Diesel,19.032533,72.871863,0.0,0.0,1986.0,0,0.0,45.6,13.3,0.28,Highway,High,28.5,0.0,103,377.18,3.99,99.9,excessive_idling
V004,2026-08-22T10:41:43,Semi-Trailer,4,12.8,31688.7,Diesel,19.032533,72.871863,0.0,0.0,1984.0,0,0.0,31.7,16.4,0.38,Highway,High,29.8,0.0,104,377.18,4.07,99.9,excessive_idling
V004,2026-08-22T10:41:44,Semi-Trailer,4,12.8,31688.7,Diesel,19.032533,72.871863,0.0,0.0,1982.0,0,0.0,33.0,16.7,0.81,Highway,High,29.5,0.0,105,377.18,3.87,99.9,excessive_idling
V004,2026-08-22T10:41:45,Semi-Trailer,4,12.8,31688.7,Diesel,19.032533,72.871863,0.0,0.0,1969.0,0,0.0,59.9,17.3,0.29,Highway,High,30.8,0.0,106,377.18,4.18,99.9,excessive_idling
V004,2026-08-22T10:41:46,Semi-Trailer,4,12.8,31688.7,Diesel,19.032533,72.871863,0.0,0.0,1993.0,0,0.0,51.4,12.2,0.6,Highway,High,30.8,0.0,107,377.18,3.93,99.9,excessive_idling
V004,2026-08-22T10:41:47,Semi-Trailer,4,12.8,31688.7,Diesel,19.032533,72.871863,0.0,0.0,1956.0,0,0.0,34.5,14.7,0.79,Highway,High,30.2,0.0,108,377.18,4.14,99.9,excessive_idling
V004,2026-08-22T10:41:48,Semi-Trailer,4,12.8,31688.7,Diesel,19.032533,72.871863,0.0,0.0,1973.0,0,0.0,58.1,17.7,-0.16,Highway,High,29.3,0.0,109,377.18,4.09,99.9,excessive_idling
V004,2026-08-22T10:41:49,Semi-Trailer,4,12.8,31688.7,Diesel,19.032533,72.871863,0.0,0.0,1991.0,0,0.0,32.8,16.8,0.02,Highway,High,27.4,0.0,110,377.17,4.16,99.9,excessive_idling
V004,2026-08-22T10:41:50,Semi-Trailer,4,12.8,31688.7,Diesel,19.032533,72.871863,0.0,0.0,2007.0,0,0.0,38.7,14.7,0.04,Highway,High,26.6,0.0,111,377.17,3.97,99.9,excessive_idling
V004,2026-08-22T10:41:51,Semi-Trailer,4,12.8,31688.7,Diesel,19.032533,72.871863,0.0,0.0,1971.0,0,0.0,32.1,17.2,-1.55,Highway,High,30.0,0.0,112,377.17,4.0,99.9,excessive_idling
V004,2026-08-22T10:41:52,Semi-Trailer,4,12.8,31688.7,Diesel,19.032533,72.871863,0.0,0.0,1983.0,0,0.0,50.7,15.1,0.33,Highway,High,30.7,0.0,113,377.17,3.9,99.9,excessive_idling
V004,2026-08-22T10:41:53,Semi-Trailer,4,12.8,31688.7,Diesel,19.032533,72.871863,0.0,0.0,1976.0,0,0.0,48.9,13.5,-0.23,Highway,High,28.1,0.0,114,377.17,3.88,99.9,excessive_idling
V004,2026-08-22T10:41:54,Semi-Trailer,4,12.8,31688.7,Diesel,19.032533,72.871863,0.0,0.0,1985.0,0,0.0,54.4,17.0,-0.33,Highway,High,29.5,0.0,115,377.17,3.88,99.9,excessive_idling
V004,2026-08-22T10:41:55,Semi-Trailer,4,12.8,31688.7,Diesel,19.032533,72.871863,0.0,0.0,1966.0,0,0.0,43.6,16.3,0.48,Highway,High,25.9,0.0,116,377.17,4.02,99.9,excessive_idling
V004,2026-08-22T10:41:56,Semi-Trailer,4,12.8,31688.7,Diesel,19.032533,72.871863,0.0,0.0,1983.0,0,0.0,52.5,16.5,-0.13,Highway,High,27.6,0.0,117,377.17,4.15,99.9,excessive_idling
V004,2026-08-22T10:41:57,Semi-Trailer,4,12.8,31688.7,Diesel,19.032533,72.871863,0.0,0.0,1996.0,0,0.0,32.4,15.0,-0.39,Highway,High,26.2,0.0,118,377.17,3.85,99.9,excessive_idling
V004,2026-08-22T10:41:58,Semi-Trailer,4,12.8,31688.7,Diesel,19.032533,72.871863,0.0,0.0,1991.0,0,0.0,35.0,17.0,-0.36,Highway,High,28.9,0.0,119,377.16,3.96,99.9,excessive_idling
V004,2026-08-22T10:41:59,Semi-Trailer,4,12.8,31688.7,Diesel,19.032533,72.871863,0.0,0.0,1983.0,0,0.0,34.5,16.5,-0.13,Highway,High,24.8,0.0,120,377.16,4.03,99.9,excessive_idling
V004,2026-08-22T12:40:00,Semi-Trailer,4,12.8,32029.9,Diesel,19.108475,72.839123,19.8,1.2,1458.0,2,50.0,0.0,65.4,0.14,Urban,Medium,27.8,0.005,0,383.51,10.48,52.96,normal
V004,2026-08-22T12:40:01,Semi-Trailer,4,12.8,32029.9,Diesel,19.108525,72.839164,20.1,0.07,1472.0,2,21.9,0.0,49.6,0.56,Urban,Medium,27.8,0.011,0,383.51,10.91,54.38,normal
V004,2026-08-22T12:40:02,Semi-Trailer,4,12.8,32029.9,Diesel,19.108586,72.839212,24.4,1.2,1315.0,3,50.0,0.0,65.9,0.33,Urban,Medium,29.1,0.018,0,383.5,12.43,50.99,normal
V004,2026-08-22T12:40:03,Semi-Trailer,4,12.8,32029.9,Diesel,19.108658,72.83927,28.7,1.2,1439.0,3,50.0,0.0,69.3,1.65,Urban,Medium,26.7,0.026,0,383.5,16.28,56.73,normal
V004,2026-08-22T12:40:04,Semi-Trailer,4,12.8,32029.9,Diesel,19.108724,72.839323,26.4,-0.63,1417.0,3,4.1,19.0,35.8,-1.22,Urban,Medium,29.3,0.033,0,383.5,12.38,46.84,normal
V004,2026-08-22T12:40:05,Semi-Trailer,4,12.8,32029.9,Diesel,19.108801,72.839384,30.7,1.2,1475.0,3,50.0,0.0,63.9,-0.82,Urban,Medium,26.5,0.042,0,383.49,14.57,47.38,normal
V004,2026-08-22T12:40:06,Semi-Trailer,4,12.8,32029.9,Diesel,19.108867,72.839437,26.4,-1.2,1404.0,3,0.0,36.0,35.3,0.12,Urban,Medium,26.5,0.049,0,383.49,13.34,50.48,normal
V004,2026-08-22T12:40:07,Semi-Trailer,4,12.8,32029.9,Diesel,19.108934,72.839491,27.0,0.16,1392.0,3,23.9,0.0,48.7,-0.42,Urban,Medium,28.8,0.057,0,383.49,13.38,49.58,normal
V004,2026-08-22T12:40:08,Semi-Trailer,4,12.8,32029.9,Diesel,19.109012,72.839554,31.3,1.2,1534.0,3,50.0,0.0,71.1,2.31,Urban,Medium,26.7,0.065,0,383.48,17.84,57.0,normal
V004,2026-08-22T12:40:09,Semi-Trailer,4,12.8,32029.9,Diesel,19.109101,72.839625,35.6,1.2,1358.0,4,50.0,0.0,63.4,-1.18,Urban,Medium,27.4,0.075,0,383.48,15.69,44.06,normal
V004,2026-08-22T12:40:10,Semi-Trailer,4,12.8,32029.9,Diesel,19.109201,72.839705,39.9,1.2,1468.0,4,50.0,0.0,64.0,-0.7,Urban,Medium,26.7,0.086,0,383.47,17.35,43.45,normal
V004,2026-08-22T12:40:11,Semi-Trailer,4,12.8,32029.9,Diesel,19.109302,72.839785,40.3,0.09,1478.0,4,22.3,0.0,50.3,0.72,Urban,Medium,26.1,0.097,0,383.47,18.46,45.84,normal
V004,2026-08-22T12:40:12,Semi-Trailer,4,12.8,32029.9,Diesel,19.109401,72.839864,39.5,-0.2,1411.0,4,14.9,0.0,44.0,0.03,Urban,Medium,29.3,0.108,0,383.46,17.29,43.72,normal
V004,2026-08-22T12:40:13,Semi-Trailer,4,12.8,32029.9,Diesel,19.109489,72.839935,35.2,-1.2,1349.0,4,0.0,36.0,34.2,-0.54,Urban,Medium,27.9,0.118,0,383.46,15.6,44.29,normal
V004,2026-08-22T12:40:14,Semi-Trailer,4,12.8,32029.9,Diesel,19.109576,72.840004,34.8,-0.12,1321.0,4,16.9,0.0,44.7,-0.34,Urban,Medium,27.5,0.128,0,383.45,15.44,44.41,normal
V004,2026-08-22T12:40:15,Semi-Trailer,4,12.8,32029.9,Diesel,19.109663,72.840074,34.7,-0.03,1376.0,4,19.4,0.0,49.1,0.93,Urban,Medium,29.1,0.137,0,383.45,16.72,48.22,normal
V004,2026-08-22T12:40:16,Semi-Trailer,4,12.8,32029.9,Diesel,19.10976,72.840152,39.0,1.2,1429.0,4,50.0,0.0,64.4,-0.46,Urban,Medium,29.1,0.148,0,383.44,16.78,43.02,normal
V004,2026-08-22T12:40:17,Semi-Trailer,4,12.8,32029.9,Diesel,19.109868,72.840238,43.3,1.19,1516.0,4,49.7,0.0,63.6,-0.85,Urban,Medium,28.1,0.16,0,383.44,18.15,41.93,normal
V004,2026-08-22T12:40:18,Semi-Trailer,4,12.8,32029.9,Diesel,19.109966,72.840316,39.0,-1.2,1466.0,4,0.0,36.0,36.0,0.39,Urban,Medium,28.7,0.171,0,383.43,17.67,45.34,normal
V004,2026-08-22T12:40:19,Semi-Trailer,4,12.8,32029.9,Diesel,19.110052,72.840385,34.6,-1.2,1379.0,4,0.0,36.0,34.3,-0.48,Urban,Medium,26.6,0.181,0,383.43,15.64,45.15,normal
V004,2026-08-22T12:40:20,Semi-Trailer,4,12.8,32029.9,Diesel,19.110137,72.840453,34.0,-0.18,1363.0,4,15.5,0.0,45.7,0.52,Urban,Medium,27.8,0.19,0,383.42,16.55,48.66,normal
V004,2026-08-22T12:40:21,Semi-Trailer,4,12.8,32029.9,Diesel,19.110212,72.840513,29.7,-1.2,1487.0,3,0.0,36.0,36.6,0.61,Urban,Medium,26.6,0.198,0,383.42,14.78,49.78,normal
V004,2026-08-22T12:40:22,Semi-Trailer,4,12.8,32029.9,Diesel,19.110295,72.840579,33.3,1.0,1368.0,4,44.9,0.0,59.5,-1.73,Urban,Medium,25.5,0.208,0,383.42,14.63,43.99,normal
V004,2026-08-22T12:40:23,Semi-Trailer,4,12.8,32029.9,Diesel,19.110369,72.840639,29.8,-0.97,1503.0,3,0.0,29.1,35.1,0.04,Urban,Medium,27.1,0.216,0,383.41,14.49,48.65,normal
V004,2026-08-22T12:40:24,Semi-Trailer,4,12.8,32029.9,Diesel,19.110433,72.84069,25.5,-1.2,1331.0,3,0.0,36.0,31.9,-2.19,Urban,Medium,27.5,0.223,0,383.41,11.51,45.23,normal
V004,2026-08-22T12:40:25,Semi-Trailer,4,12.8,32029.9,Diesel,19.110486,72.840732,21.2,-1.18,1532.0,2,0.0,35.4,36.6,0.62,Urban,Medium,26.5,0.229,0,383.41,11.44,53.97,normal
V004,2026-08-22T12:40:26,Semi-Trailer,4,12.8,32029.9,Diesel,19.11055,72.840783,25.5,1.2,1335.0,3,50.0,0.0,64.1,-0.63,Urban,Medium,28.2,0.236,0,383.4,12.73,49.9,normal
V004,2026-08-22T12:40:27,Semi-Trailer,4,12.8,32029.9,Diesel,19.110624,72.840843,29.8,1.2,1463.0,3,50.0,0.0,64.8,-0.15,Urban,Medium,28.2,0.244,0,383.4,13.54,45.37,normal
V004,2026-08-22T12:40:28,Semi-Trailer,4,12.8,32029.9,Diesel,19.110708,72.84091,33.6,1.04,1349.0,4,45.9,0.0,63.1,0.2,Urban,Medium,28.4,0.254,0,383.39,15.51,46.19,normal
V004,2026-08-22T12:40:29,Semi-Trailer,4,12.8,32029.9,Diesel,19.110799,72.840983,36.5,0.82,1397.0,4,40.6,0.0,57.3,-1.45,Urban,Medium,26.7,0.264,0,383.39,15.92,43.56,normal
V004,2026-08-22T12:40:30,Semi-Trailer,4,12.8,32029.9,Diesel,19.110894,72.841059,37.9,0.38,1388.0,4,29.5,0.0,52.8,0.04,Urban,Medium,28.2,0.274,0,383.39,17.66,46.58,normal
V004,2026-08-22T12:40:31,Semi-Trailer,4,12.8,32029.9,Diesel,19.111,72.841143,42.2,1.2,1478.0,4,50.0,0.0,66.6,0.6,Urban,Medium,29.9,0.286,0,383.38,19.07,45.17,normal
V004,2026-08-22T12:40:32,Semi-Trailer,4,12.8,32029.9,Diesel,19.111113,72.841234,45.1,0.81,1433.0,5,40.2,0.0,60.5,0.5,Urban,Medium,27.1,0.299,0,383.37,20.35,45.09,normal
V004,2026-08-22T12:40:33,Semi-Trailer,4,12.8,32029.9,Diesel,19.111236,72.841333,49.5,1.2,1474.0,5,50.0,0.0,61.8,-2.27,Urban,Medium,28.8,0.312,0,383.37,19.19,38.8,normal
V004,2026-08-22T12:40:34,Semi-Trailer,4,12.8,32029.9,Diesel,19.111371,72.84144,53.8,1.2,1496.0,5,50.0,0.0,63.5,-1.07,Urban,Medium,28.9,0.327,0,383.36,21.5,39.98,normal
V004,2026-08-22T12:40:35,Semi-Trailer,4,12.8,32029.9,Diesel,19.111494,72.841539,49.5,-1.2,1454.0,5,0.0,36.0,35.9,0.33,Urban,Medium,27.2,0.341,0,383.36,21.88,44.23,normal
V004,2026-08-22T12:40:36,Semi-Trailer,4,12.8,32029.9,Diesel,19.111626,72.841644,52.7,0.89,1544.0,5,42.3,0.0,59.3,-0.79,Urban,Medium,30.0,0.356,0,383.35,20.76,39.42,normal
V004,2026-08-22T12:40:37,Semi-Trailer,4,12.8,32029.9,Diesel,19.111765,72.841755,55.5,0.79,1568.0,5,39.7,0.0,56.2,-1.88,Urban,Medium,29.6,0.371,0,383.34,21.5,38.74,normal
V004,2026-08-22T12:40:38,Semi-Trailer,4,12.8,32029.9,Diesel,19.111893,72.841858,51.2,-1.2,1530.0,5,0.0,36.0,34.6,-0.27,Urban,Medium,28.3,0.385,0,383.34,20.87,40.78,normal
V004,2026-08-22T12:40:39,Semi-Trailer,4,12.8,32029.9,Diesel,19.112027,72.841965,53.5,0.66,1478.0,5,36.4,0.0,56.4,-0.33,Urban,Medium,28.6,0.4,0,383.33,21.29,39.77,normal
V004,2026-08-22T12:40:40,Semi-Trailer,4,12.8,32029.9,Diesel,19.112169,72.842079,56.8,0.91,1450.0,6,42.6,0.0,59.7,-0.61,Urban,Medium,28.2,0.416,0,383.33,22.3,39.26,normal
V004,2026-08-22T12:40:41,Semi-Trailer,4,12.8,32029.9,Diesel,19.112311,72.842193,57.1,0.09,1437.0,6,22.2,0.0,45.2,-2.2,Urban,Medium,27.3,0.432,0,383.32,20.78,36.38,normal
V004,2026-08-22T12:40:42,Semi-Trailer,4,12.8,32029.9,Diesel,19.112443,72.842298,52.8,-1.2,1489.0,5,0.0,36.0,33.9,-0.76,Urban,Medium,26.7,0.446,0,383.32,21.08,39.92,normal
V004,2026-08-22T12:40:43,Semi-Trailer,4,12.8,32029.9,Diesel,19.112565,72.842395,48.5,-1.2,1437.0,5,0.0,36.0,42.9,3.02,Urban,Medium,26.1,0.46,0,383.31,24.98,51.53,normal
V004,2026-08-22T12:40:44,Semi-Trailer,4,12.8,32029.9,Diesel,19.112689,72.842494,49.6,0.31,1451.0,5,27.9,0.0,55.6,1.47,Urban,Medium,28.2,0.474,0,383.3,22.74,45.84,normal
V004,2026-08-22T12:40:45,Semi-Trailer,4,12.8,32029.9,Diesel,19.112823,72.842602,53.9,1.2,1498.0,5,50.0,0.0,64.4,-0.42,Urban,Medium,27.0,0.489,0,383.3,21.66,40.17,normal
V004,2026-08-22T12:40:46,Semi-Trailer,4,12.8,32029.9,Diesel,19.112947,72.842702,49.6,-1.2,1516.0,5,0.0,36.0,35.9,0.35,Urban,Medium,27.4,0.502,0,383.29,20.59,41.51,normal
V004,2026-08-22T12:40:47,Semi-Trailer,4,12.8,32029.9,Diesel,19.113061,72.842792,45.3,-1.2,1386.0,5,0.0,36.0,37.8,1.05,Urban,Medium,27.2,0.515,0,383.28,20.73,45.79,normal
V004,2026-08-22T12:40:48,Semi-Trailer,4,12.8,32029.9,Diesel,19.113185,72.842891,49.6,1.2,1451.0,5,50.0,0.0,65.0,-0.01,Urban,Medium,26.8,0.529,0,383.28,20.94,42.2,normal
V004,2026-08-22T12:40:49,Semi-Trailer,4,12.8,32029.9,Diesel,19.113299,72.842983,45.8,-1.06,1393.0,5,0.0,31.7,35.9,0.34,Urban,Medium,29.4,0.542,0,383.27,20.08,43.83,normal
V004,2026-08-22T12:40:50,Semi-Trailer,4,12.8,32029.9,Diesel,19.113403,72.843066,41.5,-1.2,1462.0,4,0.0,36.0,34.2,-0.54,Urban,Medium,26.5,0.553,0,383.27,17.79,42.88,normal
V004,2026-08-22T12:40:51,Semi-Trailer,4,12.8,32029.9,Diesel,19.113496,72.84314,37.2,-1.2,1443.0,4,0.0,36.0,35.8,0.3,Urban,Medium,26.9,0.563,0,383.26,17.16,46.18,normal
V004,2026-08-22T12:40:52,Semi-Trailer,4,12.8,32029.9,Diesel,19.113578,72.843206,32.8,-1.2,1314.0,4,0.0,36.0,37.3,0.87,Urban,Medium,28.1,0.573,0,383.26,15.95,48.57,normal
V004,2026-08-22T12:40:53,Semi-Trailer,4,12.8,32029.9,Diesel,19.113671,72.84328,37.2,1.2,1434.0,4,50.0,0.0,63.7,-0.91,Urban,Medium,26.9,0.583,0,383.25,16.35,44.0,normal
V004,2026-08-22T12:40:54,Semi-Trailer,4,12.8,32029.9,Diesel,19.113753,72.843346,32.8,-1.2,1324.0,4,0.0,36.0,39.3,1.64,Urban,Medium,27.3,0.592,0,383.25,17.21,52.4,normal
V004,2026-08-22T12:40:55,Semi-Trailer,4,12.8,32029.9,Diesel,19.113824,72.843403,28.5,-1.2,1405.0,3,0.0,36.0,32.4,-1.88,Urban,Medium,31.0,0.6,0,383.25,12.59,44.15,normal
V004,2026-08-22T12:40:56,Semi-Trailer,4,12.8,32029.9,Diesel,19.113906,72.843469,32.8,1.2,1314.0,4,50.0,0.0,66.4,0.55,Urban,Medium,28.9,0.609,0,383.24,15.74,47.93,normal
V004,2026-08-22T12:40:57,Semi-Trailer,4,12.8,32029.9,Diesel,19.113999,72.843543,37.2,1.2,1399.0,4,50.0,0.0,64.1,-0.65,Urban,Medium,29.4,0.619,0,383.24,16.41,44.16,normal
V004,2026-08-22T12:40:58,Semi-Trailer,4,12.8,32029.9,Diesel,19.114081,72.843609,32.8,-1.2,1328.0,4,0.0,36.0,34.3,-0.48,Urban,Medium,28.4,0.628,0,383.23,15.43,46.99,normal
V004,2026-08-22T12:40:59,Semi-Trailer,4,12.8,32029.9,Diesel,19.114153,72.843666,28.5,-1.2,1422.0,3,0.0,36.0,35.8,0.31,Urban,Medium,27.9,0.636,0,383.23,13.98,49.03,normal
V004,2026-08-22T12:41:00,Semi-Trailer,4,12.8,32029.9,Diesel,19.114215,72.843715,24.8,-1.04,1320.0,3,0.0,31.1,40.0,1.9,Urban,Medium,29.6,0.643,0,383.23,14.44,58.22,normal
V004,2026-08-22T12:41:01,Semi-Trailer,4,12.8,32029.9,Diesel,19.11427,72.843759,22.0,-0.78,1520.0,2,0.5,23.4,35.7,0.16,Urban,Medium,27.7,0.649,0,383.22,11.6,52.75,normal
V004,2026-08-22T12:41:02,Semi-Trailer,4,12.8,32029.9,Diesel,19.114335,72.843812,26.3,1.2,1380.0,3,50.0,0.0,69.7,1.79,Urban,Medium,28.7,0.657,0,383.22,15.6,59.31,normal
V004,2026-08-22T12:41:03,Semi-Trailer,4,12.8,32029.9,Diesel,19.114412,72.843873,30.6,1.2,1482.0,3,50.0,0.0,63.5,-1.08,Urban,Medium,27.9,0.665,0,383.21,14.09,46.01,normal
V004,2026-08-22T12:41:04,Semi-Trailer,4,12.8,32029.9,Diesel,19.114499,72.843943,34.9,1.2,1334.0,4,50.0,0.0,65.7,0.28,Urban,Medium,31.4,0.675,0,383.21,16.11,46.09,normal
V004,2026-08-22T12:41:05,Semi-Trailer,4,12.8,32029.9,Diesel,19.114598,72.844022,39.3,1.2,1444.0,4,50.0,0.0,64.0,-0.74,Urban,Medium,28.6,0.686,0,383.2,16.79,42.76,normal
V004,2026-08-22T12:41:06,Semi-Trailer,4,12.8,32029.9,Diesel,19.114707,72.844109,43.6,1.2,1518.0,4,50.0,0.0,64.0,-0.74,Urban,Medium,26.6,0.698,0,383.2,18.69,42.89,normal
V004,2026-08-22T12:41:07,Semi-Trailer,4,12.8,32029.9,Diesel,19.114805,72.844187,39.3,-1.2,1448.0,4,0.0,36.0,35.9,0.33,Urban,Medium,29.3,0.709,0,383.19,18.62,47.41,normal
V004,2026-08-22T12:41:08,Semi-Trailer,4,12.8,32029.9,Diesel,19.114892,72.844257,34.9,-1.2,1395.0,4,0.0,36.0,35.0,-0.0,Urban,Medium,28.2,0.719,0,383.19,15.73,45.01,normal
V004,2026-08-22T12:41:09,Semi-Trailer,4,12.8,32029.9,Diesel,19.114986,72.844332,37.5,0.71,1440.0,4,37.8,0.0,56.4,-0.92,Urban,Medium,29.6,0.729,0,383.19,16.7,44.5,normal
V004,2026-08-22T12:41:10,Semi-Trailer,4,12.8,32029.9,Diesel,19.115069,72.844399,33.2,-1.2,1351.0,4,0.0,36.0,35.7,0.25,Urban,Medium,28.8,0.738,0,383.18,15.78,47.54,normal
V004,2026-08-22T12:41:11,Semi-Trailer,4,12.8,32029.9,Diesel,19.115163,72.844474,37.5,1.2,1445.0,4,50.0,0.0,69.7,1.78,Urban,Medium,28.2,0.749,0,383.18,18.48,49.25,normal
V004,2026-08-22T12:41:12,Semi-Trailer,4,12.8,32029.9,Diesel,19.115267,72.844557,41.8,1.2,1581.0,4,50.0,0.0,67.4,0.9,Urban,Medium,29.0,0.76,0,383.17,19.7,47.09,normal
V004,2026-08-22T12:41:13,Semi-Trailer,4,12.8,32029.9,Diesel,19.115362,72.844633,37.8,-1.12,1444.0,4,0.0,33.7,40.0,1.92,Urban,Medium,25.6,0.771,0,383.17,18.53,49.03,normal
V004,2026-08-22T12:41:14,Semi-Trailer,4,12.8,32029.9,Diesel,19.115463,72.844714,40.3,0.71,1516.0,4,37.8,0.0,61.4,1.43,Urban,Medium,28.6,0.782,0,383.16,19.69,48.79,normal
V004,2026-08-22T12:41:15,Semi-Trailer,4,12.8,32029.9,Diesel,19.115565,72.844796,41.1,0.22,1492.0,4,25.6,0.0,53.8,1.33,Urban,Medium,28.6,0.793,0,383.15,19.84,48.22,normal
V004,2026-08-22T12:41:16,Semi-Trailer,4,12.8,32029.9,Diesel,19.115657,72.84487,36.8,-1.2,1383.0,4,0.0,36.0,39.1,1.55,Urban,Medium,26.3,0.804,0,383.15,18.8,51.06,normal
V004,2026-08-22T12:41:17,Semi-Trailer,4,12.8,32029.9,Diesel,19.115756,72.844948,39.3,0.69,1424.0,4,37.3,0.0,57.8,0.14,Urban,Medium,27.6,0.814,0,383.14,17.39,44.23,normal
V004,2026-08-22T12:41:18,Semi-Trailer,4,12.8,32029.9,Diesel,19.115865,72.845035,43.6,1.2,1512.0,4,50.0,0.0,67.8,1.05,Urban,Medium,28.1,0.827,0,383.14,20.05,45.94,normal
V004,2026-08-22T12:41:19,Semi-Trailer,4,12.8,32029.9,Diesel,19.115985,72.845131,48.0,1.2,1431.0,5,50.0,0.0,66.7,0.63,Urban,Medium,31.0,0.84,0,383.13,21.23,44.26,normal
V004,2026-08-22T12:41:20,Semi-Trailer,4,12.8,32029.9,Diesel,19.116115,72.845236,52.3,1.2,1531.0,5,50.0,0.0,63.4,-1.16,Urban,Medium,29.6,0.854,0,383.13,20.28,38.8,normal
V004,2026-08-22T12:41:21,Semi-Trailer,4,12.8,32029.9,Diesel,19.116235,72.845332,48.0,-1.2,1414.0,5,0.0,36.0,38.2,1.21,Urban,Medium,27.8,0.868,0,383.12,21.9,45.66,normal
V004,2026-08-22T12:41:22,Semi-Trailer,4,12.8,32029.9,Diesel,19.116363,72.845434,51.1,0.86,1454.0,5,41.6,0.0,60.8,0.32,Urban,Medium,27.2,0.882,0,383.11,22.41,43.88,normal
V004,2026-08-22T12:41:23,Semi-Trailer,4,12.8,32029.9,Diesel,19.11648,72.845527,46.7,-1.2,1358.0,5,0.0,36.0,34.7,-0.21,Urban,Medium,26.1,0.895,0,383.11,18.97,40.59,normal
V004,2026-08-22T12:41:24,Semi-Trailer,4,12.8,32029.9,Diesel,19.116608,72.84563,51.1,1.2,1492.0,5,50.0,0.0,73.6,3.29,Urban,Medium,28.2,0.909,0,383.1,26.37,51.65,normal
V004,2026-08-22T12:41:25,Semi-Trailer,4,12.8,32029.9,Diesel,19.116724,72.845723,46.7,-1.2,1474.0,5,0.0,36.0,34.6,-0.29,Urban,Medium,29.9,0.922,0,383.1,19.45,41.61,normal
V004,2026-08-22T12:41:26,Semi-Trailer,4,12.8,32029.9,Diesel,19.11683,72.845808,42.4,-1.2,1492.0,4,0.0,36.0,33.6,-0.99,Urban,Medium,29.5,0.934,0,383.09,17.34,40.87,normal
V004,2026-08-22T12:41:27,Semi-Trailer,4,12.8,32029.9,Diesel,19.116947,72.845901,46.7,1.2,1413.0,5,50.0,0.0,66.4,0.53,Urban,Medium,29.3,0.947,0,383.09,20.37,43.59,normal
V004,2026-08-22T12:41:28,Semi-Trailer,4,12.8,32029.9,Diesel,19.117053,72.845986,42.4,-1.2,1491.0,4,0.0,36.0,32.7,-1.62,Urban,Medium,28.6,0.959,0,383.08,17.58,41.44,normal
V004,2026-08-22T12:41:29,Semi-Trailer,4,12.8,32029.9,Diesel,19.117149,72.846062,38.1,-1.2,1451.0,4,0.0,36.0,38.8,1.44,Urban,Medium,29.2,0.969,0,383.08,18.72,49.13,normal
V004,2026-08-22T12:41:30,Semi-Trailer,4,12.8,32029.9,Diesel,19.117233,72.84613,33.8,-1.2,1355.0,4,0.0,36.0,34.1,-0.64,Urban,Medium,27.2,0.979,0,383.07,15.18,44.92,normal
V004,2026-08-22T12:41:31,Semi-Trailer,4,12.8,32029.9,Diesel,19.117328,72.846206,38.1,1.2,1422.0,4,50.0,0.0,63.2,-1.28,Urban,Medium,27.7,0.989,0,383.07,16.41,43.08,normal
V004,2026-08-22T12:41:32,Semi-Trailer,4,12.8,32029.9,Diesel,19.117413,72.846274,33.8,-1.2,1330.0,4,0.0,36.0,33.4,-1.11,Urban,Medium,27.3,0.999,0,383.06,15.18,44.92,normal
V004,2026-08-22T12:41:33,Semi-Trailer,4,12.8,32029.9,Diesel,19.117487,72.846333,29.7,-1.12,1476.0,3,0.0,33.7,32.2,-1.98,Urban,Medium,28.3,1.007,0,383.06,13.04,43.84,normal
V004,2026-08-22T12:41:34,Semi-Trailer,4,12.8,32029.9,Diesel,19.117554,72.846386,26.5,-0.89,1384.0,3,0.0,26.6,32.7,-1.66,Urban,Medium,31.2,1.014,0,383.06,12.36,46.59,normal
V004,2026-08-22T12:41:35,Semi-Trailer,4,12.8,32029.9,Diesel,19.117631,72.846448,30.9,1.2,1477.0,3,50.0,0.0,69.3,1.64,Urban,Medium,27.7,1.023,0,383.05,16.7,54.13,normal
V004,2026-08-22T12:41:36,Semi-Trailer,4,12.8,32029.9,Diesel,19.117697,72.846501,26.5,-1.2,1385.0,3,0.0,36.0,41.1,2.31,Urban,Medium,27.7,1.03,0,383.05,15.44,58.16,normal
V004,2026-08-22T12:41:37,Semi-Trailer,4,12.8,32029.9,Diesel,19.117774,72.846563,30.9,1.2,1454.0,3,50.0,0.0,69.3,1.65,Urban,Medium,29.2,1.039,0,383.04,16.87,54.67,normal
V004,2026-08-22T12:41:38,Semi-Trailer,4,12.8,32029.9,Diesel,19.11784,72.846616,26.5,-1.2,1353.0,3,0.0,36.0,31.9,-2.23,Urban,Medium,28.7,1.046,0,383.04,11.65,43.91,normal
V004,2026-08-22T12:41:39,Semi-Trailer,4,12.8,32029.9,Diesel,19.117918,72.846678,30.9,1.2,1477.0,3,50.0,0.0,68.9,1.49,Urban,Medium,26.7,1.055,0,383.03,15.94,51.66,normal
V004,2026-08-22T12:41:40,Semi-Trailer,4,12.8,32029.9,Diesel,19.118006,72.846748,35.2,1.2,1358.0,4,50.0,0.0,63.7,-0.91,Urban,Medium,28.2,1.064,0,383.03,15.35,43.63,normal
V004,2026-08-22T12:41:41,Semi-Trailer,4,12.8,32029.9,Diesel,19.118083,72.84681,30.9,-1.2,1474.0,3,0.0,36.0,38.2,1.22,Urban,Medium,29.2,1.073,0,383.03,16.0,51.84,normal
V004,2026-08-22T12:41:42,Semi-Trailer,4,12.8,32029.9,Diesel,19.118171,72.84688,35.2,1.2,1409.0,4,50.0,0.0,64.6,-0.26,Urban,Medium,29.7,1.083,0,383.02,15.48,44.01,normal
V004,2026-08-22T12:41:43,Semi-Trailer,4,12.8,32029.9,Diesel,19.118268,72.846958,39.0,1.07,1525.0,4,46.8,0.0,61.6,-1.01,Urban,Medium,28.4,1.094,0,383.02,16.72,42.83,normal
V004,2026-08-22T12:41:44,Semi-Trailer,4,12.8,32029.9,Diesel,19.118355,72.847028,34.7,-1.2,1355.0,4,0.0,36.0,32.6,-1.7,Urban,Medium,29.2,1.103,0,383.01,14.68,42.28,normal
V004,2026-08-22T12:41:45,Semi-Trailer,4,12.8,32029.9,Diesel,19.118431,72.847088,30.4,-1.2,1508.0,3,0.0,36.0,36.1,0.4,Urban,Medium,30.4,1.112,0,383.01,14.74,48.5,normal
V004,2026-08-22T12:41:46,Semi-Trailer,4,12.8,32029.9,Diesel,19.118518,72.847158,34.7,1.2,1400.0,4,50.0,0.0,64.5,-0.36,Urban,Medium,30.3,1.121,0,383.0,16.45,47.38,normal
V004,2026-08-22T12:41:47,Semi-Trailer,4,12.8,32029.9,Diesel,19.118594,72.847219,30.4,-1.2,1490.0,3,0.0,36.0,35.8,0.29,Urban,Medium,29.1,1.13,0,383.0,14.48,47.66,normal
V004,2026-08-22T12:41:48,Semi-Trailer,4,12.8,32029.9,Diesel,19.118681,72.847288,34.7,1.2,1355.0,4,50.0,0.0,65.2,0.09,Urban,Medium,30.1,1.139,0,383.0,15.32,44.13,normal
V004,2026-08-22T12:41:49,Semi-Trailer,4,12.8,32029.9,Diesel,19.118757,72.847349,30.4,-1.2,1461.0,3,0.0,36.0,34.1,-0.65,Urban,Medium,27.9,1.148,0,382.99,13.76,45.26,normal
V004,2026-08-22T12:41:50,Semi-Trailer,4,12.8,32029.9,Diesel,19.118824,72.847403,27.0,-0.93,1385.0,3,0.0,28.0,40.3,2.03,Urban,Medium,27.1,1.155,0,382.99,15.56,57.57,normal
V004,2026-08-22T12:41:51,Semi-Trailer,4,12.8,32029.9,Diesel,19.118903,72.847466,31.3,1.2,1511.0,3,50.0,0.0,64.7,-0.2,Urban,Medium,27.3,1.164,0,382.98,14.97,47.76,normal
V004,2026-08-22T12:41:52,Semi-Trailer,4,12.8,32029.9,Diesel,19.118977,72.847525,29.6,-0.47,1455.0,3,8.2,14.2,39.2,-0.51,Urban,Medium,27.2,1.172,0,382.98,13.93,46.98,normal
V004,2026-08-22T12:41:53,Semi-Trailer,4,12.8,32029.9,Diesel,19.119062,72.847593,34.0,1.2,1337.0,4,50.0,0.0,66.9,0.73,Urban,Medium,28.6,1.182,0,382.98,16.33,48.07,normal
V004,2026-08-22T12:41:54,Semi-Trailer,4,12.8,32029.9,Diesel,19.119157,72.847669,38.3,1.2,1476.0,4,50.0,0.0,63.3,-1.19,Urban,Medium,28.1,1.192,0,382.97,16.55,43.22,normal
V004,2026-08-22T12:41:55,Semi-Trailer,4,12.8,32029.9,Diesel,19.119242,72.847737,34.0,-1.2,1404.0,4,0.0,36.0,34.7,-0.19,Urban,Medium,27.4,1.202,0,382.97,15.39,45.32,normal
V004,2026-08-22T12:41:56,Semi-Trailer,4,12.8,32029.9,Diesel,19.119338,72.847814,38.3,1.2,1450.0,4,50.0,0.0,71.2,2.35,Urban,Medium,28.0,1.212,0,382.96,19.43,50.75,normal
V004,2026-08-22T12:41:57,Semi-Trailer,4,12.8,32029.9,Diesel,19.119444,72.847899,42.6,1.2,1516.0,4,50.0,0.0,67.6,1.0,Urban,Medium,26.1,1.224,0,382.96,20.27,47.59,normal
V004,2026-08-22T12:41:58,Semi-Trailer,4,12.8,32029.9,Diesel,19.11954,72.847976,38.3,-1.2,1424.0,4,0.0,36.0,31.5,-2.53,Urban,Medium,28.8,1.235,0,382.95,15.35,40.08,normal
V004,2026-08-22T12:41:59,Semi-Trailer,4,12.8,32029.9,Diesel,19.119625,72.848044,34.0,-1.2,1325.0,4,0.0,36.0,33.9,-0.75,Urban,Medium,28.9,1.244,0,382.95,15.05,44.32,normal
V004,2026-08-22T14:40:00,Semi-Trailer,4,12.8,32323.6,Diesel,19.078647,72.830083,43.5,-0.02,2800.0,2,68.5,0.0,72.4,-1.34,Urban,Medium,29.8,0.012,0,286.05,42.17,96.98,excessive_revving
V004,2026-08-22T14:40:01,Semi-Trailer,4,12.8,32323.6,Diesel,19.078756,72.83017,43.3,-0.04,2752.0,2,80.9,0.0,70.4,0.55,Urban,Medium,30.4,0.024,0,286.04,41.24,95.17,excessive_revving
V004,2026-08-22T14:40:02,Semi-Trailer,4,12.8,32323.6,Diesel,19.078867,72.830259,44.4,0.3,2688.0,2,73.1,0.0,73.8,1.29,Urban,Medium,29.6,0.036,0,286.03,41.21,92.74,excessive_revving
V004,2026-08-22T14:40:03,Semi-Trailer,4,12.8,32323.6,Diesel,19.07898,72.830349,45.3,0.24,2800.0,2,72.9,0.0,78.3,1.37,Urban,Medium,27.5,0.049,0,286.01,43.93,96.98,excessive_revving
V004,2026-08-22T14:40:04,Semi-Trailer,4,12.8,32323.6,Diesel,19.079092,72.830439,44.7,-0.16,2800.0,2,87.4,0.0,81.7,1.16,Urban,Medium,27.7,0.061,0,286.0,43.37,96.98,excessive_revving
V004,2026-08-22T14:40:05,Semi-Trailer,4,12.8,32323.6,Diesel,19.079202,72.830527,44.0,-0.21,2800.0,2,70.6,0.0,74.6,-2.26,Urban,Medium,29.8,0.074,0,285.99,42.63,96.98,excessive_revving
V004,2026-08-22T14:40:06,Semi-Trailer,4,12.8,32323.6,Diesel,19.07931,72.830614,43.4,-0.15,2800.0,2,71.4,0.0,81.7,1.44,Urban,Medium,26.6,0.086,0,285.98,42.09,96.98,excessive_revving
V004,2026-08-22T14:40:07,Semi-Trailer,4,12.8,32323.6,Diesel,19.079419,72.830701,43.6,0.05,2800.0,2,86.4,0.0,83.0,-0.89,Urban,Medium,29.5,0.098,0,285.97,42.26,96.98,excessive_revving
V004,2026-08-22T14:40:08,Semi-Trailer,4,12.8,32323.6,Diesel,19.079527,72.830787,43.2,-0.11,2800.0,2,71.0,0.0,87.1,2.01,Urban,Medium,28.6,0.11,0,285.96,41.88,96.98,excessive_revving
V004,2026-08-22T14:40:09,Semi-Trailer,4,12.8,32323.6,Diesel,19.079632,72.830871,41.8,-0.37,2800.0,2,77.9,0.0,70.4,-0.32,Urban,Medium,29.6,0.121,0,285.94,40.57,96.98,excessive_revving
V004,2026-08-22T14:40:10,Semi-Trailer,4,12.8,32323.6,Diesel,19.079733,72.830952,40.4,-0.39,2800.0,2,79.0,0.0,86.3,0.79,Urban,Medium,29.2,0.133,0,285.93,39.21,96.98,excessive_revving
V004,2026-08-22T14:40:11,Semi-Trailer,4,12.8,32323.6,Diesel,19.079837,72.831035,41.8,0.37,2800.0,2,78.3,0.0,86.4,0.17,Urban,Medium,27.2,0.144,0,285.92,40.5,96.98,excessive_revving
V004,2026-08-22T14:40:12,Semi-Trailer,4,12.8,32323.6,Diesel,19.079942,72.831119,41.7,-0.01,2710.0,2,76.1,0.0,70.4,-1.75,Urban,Medium,27.8,0.156,0,285.91,39.06,93.59,excessive_revving
V004,2026-08-22T14:40:13,Semi-Trailer,4,12.8,32323.6,Diesel,19.080044,72.831201,41.0,-0.21,2800.0,2,78.4,0.0,78.1,1.01,Urban,Medium,26.4,0.167,0,285.9,39.74,96.98,excessive_revving
V004,2026-08-22T14:40:14,Semi-Trailer,4,12.8,32323.6,Diesel,19.080144,72.831281,40.0,-0.28,2800.0,2,79.0,0.0,70.1,1.05,Urban,Medium,28.6,0.178,0,285.89,38.78,96.98,excessive_revving
V004,2026-08-22T14:40:15,Semi-Trailer,4,12.8,32323.6,Diesel,19.080243,72.83136,39.7,-0.07,2800.0,2,78.2,0.0,83.1,-0.39,Urban,Medium,28.1,0.189,0,285.88,38.54,96.98,excessive_revving
V004,2026-08-22T14:40:16,Semi-Trailer,4,12.8,32323.6,Diesel,19.080346,72.831442,40.9,0.32,2800.0,2,89.4,0.0,71.8,-0.4,Urban,Medium,27.8,0.201,0,285.87,39.67,96.98,excessive_revving
V004,2026-08-22T14:40:17,Semi-Trailer,4,12.8,32323.6,Diesel,19.08045,72.831525,41.7,0.23,2800.0,2,85.7,0.0,75.4,1.65,Urban,Medium,28.2,0.212,0,285.86,40.48,96.98,excessive_revving
V004,2026-08-22T14:40:18,Semi-Trailer,4,12.8,32323.6,Diesel,19.080553,72.831608,41.2,-0.16,2800.0,2,77.2,0.0,86.5,1.09,Urban,Medium,29.4,0.224,0,285.84,39.91,96.98,excessive_revving
V004,2026-08-22T14:40:19,Semi-Trailer,4,12.8,32323.6,Diesel,19.080652,72.831687,39.5,-0.45,2800.0,2,83.1,0.0,72.9,-0.49,Urban,Medium,27.1,0.235,0,285.83,38.34,96.98,excessive_revving
V004,2026-08-22T14:40:20,Semi-Trailer,4,12.8,32323.6,Diesel,19.080752,72.831767,40.1,0.14,2800.0,2,65.6,0.0,70.6,0.34,Urban,Medium,30.8,0.246,0,285.82,38.84,96.98,excessive_revving
V004,2026-08-22T14:40:21,Semi-Trailer,4,12.8,32323.6,Diesel,19.080851,72.831846,39.8,-0.06,2800.0,2,79.3,0.0,79.3,0.09,Urban,Medium,26.0,0.257,0,285.81,38.62,96.98,excessive_revving
V004,2026-08-22T14:40:22,Semi-Trailer,4,12.8,32323.6,Diesel,19.080949,72.831924,38.9,-0.25,2800.0,2,79.4,0.0,85.4,-1.41,Urban,Medium,30.6,0.268,0,285.8,37.74,96.98,excessive_revving
V004,2026-08-22T14:40:23,Semi-Trailer,4,12.8,32323.6,Diesel,19.08105,72.832005,40.4,0.41,2800.0,2,86.6,0.0,79.9,2.31,Urban,Medium,30.0,0.279,0,285.79,39.16,96.98,excessive_revving
V004,2026-08-22T14:40:24,Semi-Trailer,4,12.8,32323.6,Diesel,19.08115,72.832085,40.1,-0.09,2800.0,2,75.9,0.0,75.2,-0.2,Urban,Medium,26.6,0.29,0,285.78,38.84,96.98,excessive_revving
V004,2026-08-22T14:40:25,Semi-Trailer,4,12.8,32323.6,Diesel,19.081251,72.832166,40.7,0.17,2800.0,2,69.0,0.0,79.8,-2.92,Urban,Medium,27.6,0.301,0,285.77,39.43,96.98,excessive_revving
V004,2026-08-22T14:40:26,Semi-Trailer,4,12.8,32323.6,Diesel,19.081353,72.832247,40.5,-0.04,2800.0,2,85.5,0.0,87.2,0.42,Urban,Medium,29.5,0.313,0,285.76,39.28,96.98,excessive_revving
V004,2026-08-22T14:40:27,Semi-Trailer,4,12.8,32323.6,Diesel,19.081454,72.832328,40.5,-0.01,2800.0,2,83.4,0.0,78.1,-0.09,Urban,Medium,27.9,0.324,0,285.75,39.26,96.98,excessive_revving
V004,2026-08-22T14:40:28,Semi-Trailer,4,12.8,32323.6,Diesel,19.081554,72.832409,40.2,-0.08,2800.0,2,78.4,0.0,80.0,0.06,Urban,Medium,28.2,0.335,0,285.74,38.97,96.98,excessive_revving
V004,2026-08-22T14:40:29,Semi-Trailer,4,12.8,32323.6,Diesel,19.081654,72.832489,39.9,-0.07,2786.0,2,77.3,0.0,70.7,-2.3,Urban,Medium,28.5,0.346,0,285.73,38.51,96.45,excessive_revving
V004,2026-08-22T14:40:30,Semi-Trailer,4,12.8,32323.6,Diesel,19.081752,72.832567,38.9,-0.28,2800.0,2,68.7,0.0,87.8,-0.26,Urban,Medium,29.3,0.357,0,285.72,37.76,96.98,excessive_revving
V004,2026-08-22T14:40:31,Semi-Trailer,4,12.8,32323.6,Diesel,19.081849,72.832644,38.8,-0.03,2800.0,2,65.6,0.0,71.2,0.12,Urban,Medium,29.6,0.368,0,285.71,37.66,96.98,excessive_revving
V004,2026-08-22T14:40:32,Semi-Trailer,4,12.8,32323.6,Diesel,19.081948,72.832724,39.7,0.23,2800.0,2,82.9,0.0,82.6,0.61,Urban,Medium,28.3,0.379,0,285.69,38.46,96.98,excessive_revving
V004,2026-08-22T14:40:33,Semi-Trailer,4,12.8,32323.6,Diesel,19.082048,72.832804,40.1,0.11,2800.0,2,81.3,0.0,74.6,-0.06,Urban,Medium,27.7,0.39,0,285.68,38.86,96.98,excessive_revving
V004,2026-08-22T14:40:34,Semi-Trailer,4,12.8,32323.6,Diesel,19.082148,72.832884,40.1,-0.0,2800.0,2,78.3,0.0,74.1,-0.18,Urban,Medium,26.3,0.401,0,285.67,38.85,96.98,excessive_revving
V004,2026-08-22T14:40:35,Semi-Trailer,4,12.8,32323.6,Diesel,19.082248,72.832964,39.9,-0.05,2800.0,2,73.4,0.0,89.9,1.55,Urban,Medium,32.2,0.412,0,285.66,38.68,96.98,excessive_revving
V004,2026-08-22T14:40:36,Semi-Trailer,4,12.8,32323.6,Diesel,19.082343,72.833039,37.9,-0.55,2800.0,2,75.9,0.0,79.3,0.73,Urban,Medium,28.8,0.423,0,285.65,36.76,96.98,excessive_revving
V004,2026-08-22T14:40:37,Semi-Trailer,4,12.8,32323.6,Diesel,19.08244,72.833117,38.9,0.28,2800.0,2,79.2,0.0,80.3,0.27,Urban,Medium,28.3,0.433,0,285.64,37.74,96.98,excessive_revving
V004,2026-08-22T14:40:38,Semi-Trailer,4,12.8,32323.6,Diesel,19.082533,72.833192,37.4,-0.42,2800.0,2,88.5,0.0,84.8,1.15,Urban,Medium,28.6,0.444,0,285.63,36.26,96.98,excessive_revving
V004,2026-08-22T14:40:39,Semi-Trailer,4,12.8,32323.6,Diesel,19.082629,72.833268,38.1,0.2,2800.0,2,72.5,0.0,71.4,1.95,Urban,Medium,28.2,0.454,0,285.62,36.96,96.98,excessive_revving
V004,2026-08-22T14:40:40,Semi-Trailer,4,12.8,32323.6,Diesel,19.082724,72.833344,38.0,-0.03,2800.0,2,69.8,0.0,70.7,-1.67,Urban,Medium,27.9,0.465,0,285.61,36.87,96.98,excessive_revving
V004,2026-08-22T14:40:41,Semi-Trailer,4,12.8,32323.6,Diesel,19.082821,72.833422,38.8,0.22,2800.0,2,81.2,0.0,74.8,-2.11,Urban,Medium,27.8,0.476,0,285.6,37.65,96.98,excessive_revving
V004,2026-08-22T14:40:42,Semi-Trailer,4,12.8,32323.6,Diesel,19.082917,72.833499,38.6,-0.06,2765.0,2,83.4,0.0,85.3,1.27,Urban,Medium,29.8,0.487,0,285.59,36.94,95.66,excessive_revving
V004,2026-08-22T14:40:43,Semi-Trailer,4,12.8,32323.6,Diesel,19.083016,72.833578,39.3,0.19,2800.0,2,68.1,0.0,70.7,1.13,Urban,Medium,27.4,0.497,0,285.58,38.11,96.98,excessive_revving
V004,2026-08-22T14:40:44,Semi-Trailer,4,12.8,32323.6,Diesel,19.083111,72.833655,38.4,-0.26,2800.0,2,74.6,0.0,76.1,0.12,Urban,Medium,28.9,0.508,0,285.57,37.21,96.98,excessive_revving
V004,2026-08-22T14:40:45,Semi-Trailer,4,12.8,32323.6,Diesel,19.08321,72.833733,39.2,0.23,2800.0,2,73.9,0.0,82.6,-2.89,Urban,Medium,29.1,0.519,0,285.56,38.03,96.98,excessive_revving
V004,2026-08-22T14:40:46,Semi-Trailer,4,12.8,32323.6,Diesel,19.083311,72.833814,40.6,0.37,2800.0,2,89.1,0.0,77.4,-0.33,Urban,Medium,31.1,0.53,0,285.55,39.33,96.98,excessive_revving
V004,2026-08-22T14:40:47,Semi-Trailer,4,12.8,32323.6,Diesel,19.083411,72.833894,40.0,-0.14,2800.0,2,68.6,0.0,83.2,0.44,Urban,Medium,28.4,0.541,0,285.54,38.84,96.98,excessive_revving
V004,2026-08-22T14:40:48,Semi-Trailer,4,12.8,32323.6,Diesel,19.083514,72.833976,41.0,0.27,2748.0,2,82.2,0.0,86.4,-0.26,Urban,Medium,27.1,0.553,0,285.53,38.96,95.01,excessive_revving
V004,2026-08-22T14:40:49,Semi-Trailer,4,12.8,32323.6,Diesel,19.083616,72.834058,41.1,0.01,2800.0,2,89.2,0.0,83.4,1.36,Urban,Medium,27.9,0.564,0,285.52,39.81,96.98,excessive_revving
V004,2026-08-22T14:40:50,Semi-Trailer,4,12.8,32323.6,Diesel,19.083721,72.834142,41.8,0.19,2800.0,2,77.2,0.0,73.7,-0.55,Urban,Medium,29.0,0.576,0,285.5,40.49,96.98,excessive_revving
V004,2026-08-22T14:40:51,Semi-Trailer,4,12.8,32323.6,Diesel,19.083821,72.834222,40.0,-0.48,2800.0,2,71.0,0.0,89.8,1.91,Urban,Medium,26.5,0.587,0,285.49,38.81,96.98,excessive_revving
V004,2026-08-22T14:40:52,Semi-Trailer,4,12.8,32323.6,Diesel,19.083915,72.834298,37.8,-0.6,2800.0,2,87.8,0.0,72.7,0.3,Urban,Medium,26.9,0.597,0,285.48,36.7,96.98,excessive_revving
V004,2026-08-22T14:40:53,Semi-Trailer,4,12.8,32323.6,Diesel,19.084011,72.834374,38.3,0.12,2800.0,2,66.9,0.0,89.0,0.06,Urban,Medium,30.4,0.608,0,285.47,37.11,96.98,excessive_revving
V004,2026-08-22T14:40:54,Semi-Trailer,4,12.8,32323.6,Diesel,19.084105,72.834449,37.7,-0.17,2800.0,2,69.4,0.0,86.5,-0.81,Urban,Medium,26.5,0.618,0,285.46,36.53,96.98,excessive_revving
V004,2026-08-22T14:40:55,Semi-Trailer,4,12.8,32323.6,Diesel,19.084201,72.834526,38.3,0.18,2800.0,2,68.6,0.0,80.8,-1.83,Urban,Medium,30.1,0.629,0,285.45,37.18,96.98,excessive_revving
V004,2026-08-22T14:40:56,Semi-Trailer,4,12.8,32323.6,Diesel,19.084295,72.834601,37.6,-0.21,2800.0,2,88.6,0.0,87.7,1.53,Urban,Medium,25.5,0.64,0,285.44,36.45,96.98,excessive_revving
V004,2026-08-22T14:40:57,Semi-Trailer,4,12.8,32323.6,Diesel,19.084389,72.834677,37.8,0.06,2800.0,2,74.9,0.0,80.1,0.05,Urban,Medium,26.3,0.65,0,285.43,36.65,96.98,excessive_revving
V004,2026-08-22T14:40:58,Semi-Trailer,4,12.8,32323.6,Diesel,19.084486,72.834754,38.8,0.27,2800.0,2,67.8,0.0,70.6,1.54,Urban,Medium,27.7,0.661,0,285.42,37.59,96.98,excessive_revving
V004,2026-08-22T14:40:59,Semi-Trailer,4,12.8,32323.6,Diesel,19.084585,72.834833,39.4,0.18,2800.0,2,79.1,0.0,73.4,2.5,Urban,Medium,29.4,0.672,0,285.41,38.22,96.98,excessive_revving
V004,2026-08-22T14:41:00,Semi-Trailer,4,12.8,32323.6,Diesel,19.084686,72.834914,40.6,0.32,2800.0,2,79.0,0.0,74.3,0.72,Urban,Medium,27.7,0.683,0,285.4,39.35,96.98,excessive_revving
V004,2026-08-22T14:41:01,Semi-Trailer,4,12.8,32323.6,Diesel,19.084791,72.834998,41.9,0.37,2800.0,2,87.3,0.0,73.2,0.29,Urban,Medium,28.0,0.695,0,285.39,40.63,96.98,excessive_revving
V004,2026-08-22T14:41:02,Semi-Trailer,4,12.8,32323.6,Diesel,19.084894,72.83508,41.1,-0.21,2800.0,2,86.0,0.0,76.6,0.66,Urban,Medium,25.4,0.706,0,285.38,39.89,96.98,excessive_revving
V004,2026-08-22T14:41:03,Semi-Trailer,4,12.8,32323.6,Diesel,19.084993,72.83516,39.8,-0.38,2800.0,2,82.4,0.0,77.8,0.01,Urban,Medium,27.6,0.717,0,285.37,38.58,96.98,excessive_revving
V004,2026-08-22T14:41:04,Semi-Trailer,4,12.8,32323.6,Diesel,19.085091,72.835238,39.3,-0.14,2800.0,2,77.4,0.0,72.9,0.54,Urban,Medium,32.7,0.728,0,285.36,38.09,96.98,excessive_revving
V004,2026-08-22T14:41:05,Semi-Trailer,4,12.8,32323.6,Diesel,19.08519,72.835318,39.5,0.07,2800.0,2,85.7,0.0,76.5,-0.52,Urban,Medium,27.8,0.739,0,285.35,38.32,96.98,excessive_revving
V004,2026-08-22T14:41:06,Semi-Trailer,4,12.8,32323.6,Diesel,19.085292,72.835399,40.7,0.32,2800.0,2,68.3,0.0,79.6,0.75,Urban,Medium,27.5,0.75,0,285.33,39.44,96.98,excessive_revving
V004,2026-08-22T14:41:07,Semi-Trailer,4,12.8,32323.6,Diesel,19.085394,72.835481,40.9,0.05,2800.0,2,78.0,0.0,81.1,0.59,Urban,Medium,28.3,0.762,0,285.32,39.63,96.98,excessive_revving
V004,2026-08-22T14:41:08,Semi-Trailer,4,12.8,32323.6,Diesel,19.085497,72.835563,41.2,0.09,2800.0,2,82.5,0.0,79.3,-0.56,Urban,Medium,26.7,0.773,0,285.31,39.93,96.98,excessive_revving
V004,2026-08-22T14:41:09,Semi-Trailer,4,12.8,32323.6,Diesel,19.085601,72.835646,41.7,0.15,2800.0,2,76.9,0.0,73.5,-0.2,Urban,Medium,27.5,0.785,0,285.3,40.44,96.98,excessive_revving
V004,2026-08-22T14:41:10,Semi-Trailer,4,12.8,32323.6,Diesel,19.085709,72.835732,43.1,0.37,2684.0,2,65.9,0.0,73.6,1.03,Urban,Medium,25.6,0.797,0,285.29,39.86,92.58,excessive_revving
V004,2026-08-22T14:41:11,Semi-Trailer,4,12.8,32323.6,Diesel,19.085822,72.835823,45.2,0.6,2800.0,2,81.4,0.0,89.4,-0.43,Urban,Medium,27.6,0.809,0,285.28,43.85,96.98,excessive_revving
V004,2026-08-22T14:41:12,Semi-Trailer,4,12.8,32323.6,Diesel,19.085932,72.835911,43.9,-0.38,2800.0,2,86.6,0.0,78.1,1.48,Urban,Medium,31.7,0.821,0,285.27,42.54,96.98,excessive_revving
V004,2026-08-22T14:41:13,Semi-Trailer,4,12.8,32323.6,Diesel,19.08604,72.835997,43.2,-0.18,2800.0,2,84.7,0.0,79.2,-0.58,Urban,Medium,27.2,0.833,0,285.25,41.91,96.98,excessive_revving
V004,2026-08-22T14:41:14,Semi-Trailer,4,12.8,32323.6,Diesel,19.086151,72.836086,44.7,0.41,2800.0,2,76.7,0.0,88.7,-2.55,Urban,Medium,30.0,0.846,0,285.24,43.34,96.98,excessive_revving
V004,2026-08-22T14:41:15,Semi-Trailer,4,12.8,32323.6,Diesel,19.086264,72.836177,45.0,0.09,2748.0,2,75.5,0.0,88.0,1.09,Urban,Medium,29.3,0.858,0,285.23,42.79,95.02,excessive_revving
V004,2026-08-22T14:41:16,Semi-Trailer,4,12.8,32323.6,Diesel,19.086378,72.836268,45.6,0.17,2800.0,2,76.6,0.0,75.1,1.02,Urban,Medium,27.5,0.871,0,285.22,44.27,96.98,excessive_revving
V004,2026-08-22T14:41:17,Semi-Trailer,4,12.8,32323.6,Diesel,19.086493,72.836359,45.8,0.03,2800.0,2,76.1,0.0,80.9,-1.06,Urban,Medium,29.5,0.884,0,285.21,44.37,96.98,excessive_revving
V004,2026-08-22T14:41:18,Semi-Trailer,4,12.8,32323.6,Diesel,19.086609,72.836453,46.8,0.28,2800.0,2,87.9,0.0,84.3,1.88,Urban,Medium,27.4,0.897,0,285.19,45.34,96.98,excessive_revving
V004,2026-08-22T14:41:19,Semi-Trailer,4,12.8,32323.6,Diesel,19.086727,72.836547,46.8,0.03,2695.0,2,79.3,0.0,84.6,-1.16,Urban,Medium,27.8,0.91,0,285.18,43.56,93.0,excessive_revving
V004,2026-08-22T14:41:20,Semi-Trailer,4,12.8,32323.6,Diesel,19.086843,72.83664,46.7,-0.04,2716.0,2,70.8,0.0,72.7,-1.79,Urban,Medium,27.8,0.923,0,285.17,43.82,93.8,excessive_revving
V004,2026-08-22T14:41:21,Semi-Trailer,4,12.8,32323.6,Diesel,19.086957,72.836731,45.4,-0.36,2800.0,2,75.9,0.0,83.0,0.47,Urban,Medium,27.4,0.935,0,285.16,44.04,96.98,excessive_revving
V004,2026-08-22T14:41:22,Semi-Trailer,4,12.8,32323.6,Diesel,19.08707,72.836821,45.3,-0.04,2800.0,2,78.8,0.0,70.7,2.3,Urban,Medium,28.5,0.948,0,285.14,43.89,96.98,excessive_revving
V004,2026-08-22T14:41:23,Semi-Trailer,4,12.8,32323.6,Diesel,19.087187,72.836915,46.7,0.4,2800.0,2,78.5,0.0,82.3,-1.86,Urban,Medium,28.0,0.961,0,285.13,45.27,96.98,excessive_revving
V004,2026-08-22T14:41:24,Semi-Trailer,4,12.8,32323.6,Diesel,19.087304,72.837009,46.9,0.07,2800.0,2,72.1,0.0,73.6,1.18,Urban,Medium,25.6,0.974,0,285.12,45.51,96.98,excessive_revving
V004,2026-08-22T14:41:25,Semi-Trailer,4,12.8,32323.6,Diesel,19.087423,72.837104,47.6,0.18,2800.0,2,80.1,0.0,89.3,-1.35,Urban,Medium,26.5,0.987,0,285.11,46.13,96.98,excessive_revving
V004,2026-08-22T14:41:26,Semi-Trailer,4,12.8,32323.6,Diesel,19.087541,72.837198,47.3,-0.09,2800.0,2,76.4,0.0,71.0,0.36,Urban,Medium,30.5,1.0,0,285.09,45.82,96.98,excessive_revving
V004,2026-08-22T14:41:27,Semi-Trailer,4,12.8,32323.6,Diesel,19.087658,72.837292,46.8,-0.14,2800.0,2,67.1,0.0,79.6,-0.3,Urban,Medium,27.5,1.013,0,285.08,45.34,96.98,excessive_revving
V004,2026-08-22T14:41:28,Semi-Trailer,4,12.8,32323.6,Diesel,19.087776,72.837386,47.4,0.17,2800.0,2,85.2,0.0,78.1,1.48,Urban,Medium,30.1,1.026,0,285.07,45.93,96.98,excessive_revving
V004,2026-08-22T14:41:29,Semi-Trailer,4,12.8,32323.6,Diesel,19.087894,72.83748,47.0,-0.1,2800.0,2,72.5,0.0,79.3,-0.04,Urban,Medium,29.1,1.039,0,285.06,45.57,96.98,excessive_revving
V004,2026-08-22T14:41:30,Semi-Trailer,4,12.8,32323.6,Diesel,19.088014,72.837577,48.2,0.33,2732.0,2,65.9,0.0,73.4,0.88,Urban,Medium,28.1,1.053,0,285.04,45.47,94.39,excessive_revving
V004,2026-08-22T14:41:31,Semi-Trailer,4,12.8,32323.6,Diesel,19.088135,72.837673,48.2,0.02,2800.0,2,88.3,0.0,86.5,-1.77,Urban,Medium,30.1,1.066,0,285.03,46.78,96.98,excessive_revving
V004,2026-08-22T14:41:32,Semi-Trailer,4,12.8,32323.6,Diesel,19.088257,72.837771,48.7,0.12,2800.0,2,75.6,0.0,87.6,-0.54,Urban,Medium,26.5,1.08,0,285.02,47.2,96.98,excessive_revving
V004,2026-08-22T14:41:33,Semi-Trailer,4,12.8,32323.6,Diesel,19.088378,72.837867,48.4,-0.08,2800.0,2,88.6,0.0,84.5,-0.02,Urban,Medium,26.8,1.093,0,285.0,46.93,96.98,excessive_revving
V004,2026-08-22T14:41:34,Semi-Trailer,4,12.8,32323.6,Diesel,19.088498,72.837964,48.1,-0.07,2687.0,2,84.0,0.0,72.8,-0.38,Urban,Medium,29.2,1.107,0,284.99,44.63,92.7,excessive_revving
V004,2026-08-22T14:41:35,Semi-Trailer,4,12.8,32323.6,Diesel,19.088619,72.83806,48.3,0.03,2800.0,2,70.5,0.0,88.3,-0.71,Urban,Medium,27.3,1.12,0,284.98,46.8,96.98,excessive_revving
V004,2026-08-22T14:41:36,Semi-Trailer,4,12.8,32323.6,Diesel,19.088735,72.838153,46.5,-0.49,2800.0,2,86.4,0.0,76.4,0.05,Urban,Medium,27.2,1.133,0,284.97,45.09,96.98,excessive_revving
V004,2026-08-22T14:41:37,Semi-Trailer,4,12.8,32323.6,Diesel,19.088851,72.838246,46.7,0.05,2800.0,2,73.8,0.0,78.3,1.98,Urban,Medium,27.3,1.146,0,284.95,45.25,96.98,excessive_revving
V004,2026-08-22T14:41:38,Semi-Trailer,4,12.8,32323.6,Diesel,19.088963,72.838336,44.6,-0.56,2800.0,2,67.2,0.0,89.0,-1.07,Urban,Medium,28.3,1.158,0,284.94,43.28,96.98,excessive_revving
V004,2026-08-22T14:41:39,Semi-Trailer,4,12.8,32323.6,Diesel,19.089079,72.838429,46.6,0.55,2800.0,2,75.3,0.0,74.5,0.32,Urban,Medium,28.2,1.171,0,284.93,45.2,96.98,excessive_revving
V004,2026-08-22T14:41:40,Semi-Trailer,4,12.8,32323.6,Diesel,19.089203,72.838528,49.6,0.83,2800.0,2,65.2,0.0,87.6,0.94,Urban,Medium,28.1,1.185,0,284.92,48.09,96.98,excessive_revving
V004,2026-08-22T14:41:41,Semi-Trailer,4,12.8,32323.6,Diesel,19.089322,72.838623,47.4,-0.6,2800.0,2,75.3,0.0,73.1,-0.34,Urban,Medium,26.9,1.198,0,284.9,45.98,96.98,excessive_revving
V004,2026-08-22T14:41:42,Semi-Trailer,4,12.8,32323.6,Diesel,19.089437,72.838715,46.2,-0.35,2703.0,2,80.4,0.0,73.7,-1.17,Urban,Medium,30.1,1.211,0,284.89,43.06,93.29,excessive_revving
V004,2026-08-22T14:41:43,Semi-Trailer,4,12.8,32323.6,Diesel,19.089556,72.83881,47.4,0.33,2800.0,2,79.2,0.0,90.0,-0.56,Urban,Medium,30.4,1.224,0,284.88,45.92,96.98,excessive_revving
V004,2026-08-22T14:41:44,Semi-Trailer,4,12.8,32323.6,Diesel,19.089671,72.838902,46.0,-0.37,2788.0,2,79.8,0.0,81.7,0.57,Urban,Medium,26.5,1.237,0,284.87,44.4,96.51,excessive_revving
V004,2026-08-22T14:41:45,Semi-Trailer,4,12.8,32323.6,Diesel,19.089789,72.838997,47.3,0.36,2800.0,2,71.3,0.0,74.7,0.78,Urban,Medium,30.4,1.25,0,284.85,45.88,96.98,excessive_revving
V004,2026-08-22T14:41:46,Semi-Trailer,4,12.8,32323.6,Diesel,19.089905,72.839089,46.2,-0.31,2800.0,2,69.8,0.0,82.9,-0.79,Urban,Medium,27.9,1.263,0,284.84,44.81,96.98,excessive_revving
V004,2026-08-22T14:41:47,Semi-Trailer,4,12.8,32323.6,Diesel,19.090021,72.839182,46.5,0.07,2800.0,2,73.7,0.0,84.0,0.45,Urban,Medium,28.3,1.276,0,284.83,45.06,96.98,excessive_revving
V004,2026-08-22T14:41:48,Semi-Trailer,4,12.8,32323.6,Diesel,19.090134,72.839273,45.5,-0.28,2800.0,2,81.2,0.0,82.9,-1.71,Urban,Medium,27.9,1.288,0,284.82,44.1,96.98,excessive_revving
V004,2026-08-22T14:41:49,Semi-Trailer,4,12.8,32323.6,Diesel,19.090253,72.839367,47.3,0.5,2679.0,2,82.5,0.0,72.8,2.41,Urban,Medium,29.4,1.302,0,284.8,43.68,92.42,excessive_revving
V004,2026-08-22T14:41:50,Semi-Trailer,4,12.8,32323.6,Diesel,19.090369,72.839461,46.7,-0.16,2800.0,2,78.9,0.0,86.0,-0.22,Urban,Medium,27.0,1.315,0,284.79,45.28,96.98,excessive_revving
V004,2026-08-22T14:41:51,Semi-Trailer,4,12.8,32323.6,Diesel,19.090482,72.839551,44.9,-0.5,2800.0,2,77.5,0.0,85.9,0.85,Urban,Medium,27.2,1.327,0,284.78,43.54,96.98,excessive_revving
V004,2026-08-22T14:41:52,Semi-Trailer,4,12.8,32323.6,Diesel,19.090591,72.839638,43.9,-0.27,2800.0,2,87.0,0.0,81.6,-0.42,Urban,Medium,27.3,1.339,0,284.77,42.6,96.98,excessive_revving
V004,2026-08-22T14:41:53,Semi-Trailer,4,12.8,32323.6,Diesel,19.090701,72.839726,43.9,-0.0,2800.0,2,75.8,0.0,74.5,0.3,Urban,Medium,26.9,1.351,0,284.76,42.59,96.98,excessive_revving
V004,2026-08-22T14:41:54,Semi-Trailer,4,12.8,32323.6,Diesel,19.090812,72.839815,44.1,0.06,2800.0,2,77.6,0.0,83.8,-1.1,Urban,Medium,29.1,1.364,0,284.74,42.81,96.98,excessive_revving
V004,2026-08-22T14:41:55,Semi-Trailer,4,12.8,32323.6,Diesel,19.090919,72.8399,42.9,-0.36,2800.0,2,73.3,0.0,82.9,-0.16,Urban,Medium,28.8,1.376,0,284.73,41.57,96.98,excessive_revving
V004,2026-08-22T14:41:56,Semi-Trailer,4,12.8,32323.6,Diesel,19.091027,72.839987,43.1,0.07,2800.0,2,69.3,0.0,71.0,-0.31,Urban,Medium,26.9,1.388,0,284.72,41.82,96.98,excessive_revving
V004,2026-08-22T14:41:57,Semi-Trailer,4,12.8,32323.6,Diesel,19.091138,72.840076,44.7,0.44,2800.0,2,73.9,0.0,78.4,1.81,Urban,Medium,26.5,1.4,0,284.71,43.37,96.98,excessive_revving
V004,2026-08-22T14:41:58,Semi-Trailer,4,12.8,32323.6,Diesel,19.091249,72.840165,44.4,-0.08,2800.0,2,86.4,0.0,88.3,0.7,Urban,Medium,27.2,1.412,0,284.7,43.08,96.98,excessive_revving
V004,2026-08-22T14:41:59,Semi-Trailer,4,12.8,32323.6,Diesel,19.091359,72.840253,44.0,-0.13,2800.0,2,89.6,0.0,76.4,-0.95,Urban,Medium,28.5,1.425,0,284.68,42.62,96.98,excessive_revving
V005,2026-08-22T08:50:00,Bus,4,7.2,10783.9,Diesel,19.123973,72.917276,0.0,0.0,1411.0,0,0.0,54.3,16.2,1.67,Urban,Medium,30.2,0.0,1,103.05,2.91,99.9,excessive_idling
V005,2026-08-22T08:50:01,Bus,4,7.2,10783.9,Diesel,19.123973,72.917276,0.0,0.0,1413.0,0,0.0,42.2,16.1,1.32,Urban,Medium,28.7,0.0,2,103.05,3.01,99.9,excessive_idling
V005,2026-08-22T08:50:02,Bus,4,7.2,10783.9,Diesel,19.123973,72.917276,0.0,0.0,1423.0,0,0.0,39.8,14.3,1.2,Urban,Medium,30.5,0.0,3,103.05,2.91,99.9,excessive_idling
V005,2026-08-22T08:50:03,Bus,4,7.2,10783.9,Diesel,19.123973,72.917276,0.0,0.0,1405.0,0,0.0,33.5,12.9,-2.45,Urban,Medium,29.9,0.0,4,103.05,2.89,99.9,excessive_idling
V005,2026-08-22T08:50:04,Bus,4,7.2,10783.9,Diesel,19.123973,72.917276,0.0,0.0,1418.0,0,0.0,57.4,16.7,0.33,Urban,Medium,28.8,0.0,5,103.04,2.79,99.9,excessive_idling
V005,2026-08-22T08:50:05,Bus,4,7.2,10783.9,Diesel,19.123973,72.917276,0.0,0.0,1459.0,0,0.0,51.9,16.6,1.32,Urban,Medium,28.6,0.0,6,103.04,2.93,99.9,excessive_idling
V005,2026-08-22T08:50:06,Bus,4,7.2,10783.9,Diesel,19.123973,72.917276,0.0,0.0,1436.0,0,0.0,34.7,17.1,0.84,Urban,Medium,28.4,0.0,7,103.04,3.03,99.9,excessive_idling
V005,2026-08-22T08:50:07,Bus,4,7.2,10783.9,Diesel,19.123973,72.917276,0.0,0.0,1422.0,0,0.0,43.8,15.5,-0.48,Urban,Medium,27.8,0.0,8,103.04,2.99,99.9,excessive_idling
V005,2026-08-22T08:50:08,Bus,4,7.2,10783.9,Diesel,19.123973,72.917276,0.0,0.0,1433.0,0,0.0,57.4,13.9,-0.82,Urban,Medium,30.2,0.0,9,103.04,2.95,99.9,excessive_idling
V005,2026-08-22T08:50:09,Bus,4,7.2,10783.9,Diesel,19.123973,72.917276,0.0,0.0,1367.0,0,0.0,50.7,15.5,-0.34,Urban,Medium,28.6,0.0,10,103.04,3.01,99.9,excessive_idling
V005,2026-08-22T08:50:10,Bus,4,7.2,10783.9,Diesel,19.123973,72.917276,0.0,0.0,1388.0,0,0.0,37.4,13.6,-1.87,Urban,Medium,27.9,0.0,11,103.04,3.06,99.9,excessive_idling
V005,2026-08-22T08:50:11,Bus,4,7.2,10783.9,Diesel,19.123973,72.917276,0.0,0.0,1412.0,0,0.0,33.9,17.9,-1.42,Urban,Medium,27.9,0.0,12,103.04,3.0,99.9,excessive_idling
V005,2026-08-22T08:50:12,Bus,4,7.2,10783.9,Diesel,19.123973,72.917276,0.0,0.0,1426.0,0,0.0,38.7,13.8,-0.33,Urban,Medium,32.9,0.0,13,103.04,2.98,99.9,excessive_idling
V005,2026-08-22T08:50:13,Bus,4,7.2,10783.9,Diesel,19.123973,72.917276,0.0,0.0,1427.0,0,0.0,36.5,13.1,-0.83,Urban,Medium,25.8,0.0,14,103.04,2.9,99.9,excessive_idling
V005,2026-08-22T08:50:14,Bus,4,7.2,10783.9,Diesel,19.123973,72.917276,0.0,0.0,1408.0,0,0.0,30.3,15.5,-1.04,Urban,Medium,28.9,0.0,15,103.04,2.87,99.9,excessive_idling
V005,2026-08-22T08:50:15,Bus,4,7.2,10783.9,Diesel,19.123973,72.917276,0.0,0.0,1431.0,0,0.0,45.3,13.6,-1.09,Urban,Medium,28.9,0.0,16,103.04,2.99,99.9,excessive_idling
V005,2026-08-22T08:50:16,Bus,4,7.2,10783.9,Diesel,19.123973,72.917276,0.0,0.0,1418.0,0,0.0,54.0,14.9,-0.79,Urban,Medium,26.6,0.0,17,103.03,2.97,99.9,excessive_idling
V005,2026-08-22T08:50:17,Bus,4,7.2,10783.9,Diesel,19.123973,72.917276,0.0,0.0,1404.0,0,0.0,40.4,17.1,0.76,Urban,Medium,28.0,0.0,18,103.03,2.95,99.9,excessive_idling
V005,2026-08-22T08:50:18,Bus,4,7.2,10783.9,Diesel,19.123973,72.917276,0.0,0.0,1413.0,0,0.0,37.6,14.0,-0.69,Urban,Medium,28.8,0.0,19,103.03,2.87,99.9,excessive_idling
V005,2026-08-22T08:50:19,Bus,4,7.2,10783.9,Diesel,19.123973,72.917276,0.0,0.0,1409.0,0,0.0,47.2,14.4,1.26,Urban,Medium,30.0,0.0,20,103.03,2.79,99.9,excessive_idling
V005,2026-08-22T08:50:20,Bus,4,7.2,10783.9,Diesel,19.123973,72.917276,0.0,0.0,1409.0,0,0.0,44.4,13.7,-0.53,Urban,Medium,27.1,0.0,21,103.03,2.95,99.9,excessive_idling
V005,2026-08-22T08:50:21,Bus,4,7.2,10783.9,Diesel,19.123973,72.917276,0.0,0.0,1410.0,0,0.0,55.2,17.9,-1.35,Urban,Medium,28.8,0.0,22,103.03,2.89,99.9,excessive_idling
V005,2026-08-22T08:50:22,Bus,4,7.2,10783.9,Diesel,19.123973,72.917276,0.0,0.0,1449.0,0,0.0,36.1,12.1,1.12,Urban,Medium,28.1,0.0,23,103.03,2.74,99.9,excessive_idling
V005,2026-08-22T08:50:23,Bus,4,7.2,10783.9,Diesel,19.123973,72.917276,0.0,0.0,1439.0,0,0.0,59.8,17.7,0.97,Urban,Medium,28.2,0.0,24,103.03,2.83,99.9,excessive_idling
V005,2026-08-22T08:50:24,Bus,4,7.2,10783.9,Diesel,19.123973,72.917276,0.0,0.0,1416.0,0,0.0,46.0,14.2,-1.0,Urban,Medium,27.9,0.0,25,103.03,2.93,99.9,excessive_idling
V005,2026-08-22T08:50:25,Bus,4,7.2,10783.9,Diesel,19.123973,72.917276,0.0,0.0,1437.0,0,0.0,42.8,17.0,0.21,Urban,Medium,28.3,0.0,26,103.03,3.01,99.9,excessive_idling
V005,2026-08-22T08:50:26,Bus,4,7.2,10783.9,Diesel,19.123973,72.917276,0.0,0.0,1427.0,0,0.0,47.4,13.0,0.68,Urban,Medium,27.2,0.0,27,103.03,2.95,99.9,excessive_idling
V005,2026-08-22T08:50:27,Bus,4,7.2,10783.9,Diesel,19.123973,72.917276,0.0,0.0,1421.0,0,0.0,45.8,18.0,-0.9,Urban,Medium,26.1,0.0,28,103.03,2.91,99.9,excessive_idling
V005,2026-08-22T08:50:28,Bus,4,7.2,10783.9,Diesel,19.123973,72.917276,0.0,0.0,1414.0,0,0.0,59.9,15.5,-1.31,Urban,Medium,29.8,0.0,29,103.03,2.92,99.9,excessive_idling
V005,2026-08-22T08:50:29,Bus,4,7.2,10783.9,Diesel,19.123973,72.917276,0.0,0.0,1399.0,0,0.0,53.4,17.8,-0.23,Urban,Medium,27.2,0.0,30,103.02,2.98,99.9,excessive_idling
V005,2026-08-22T08:50:30,Bus,4,7.2,10783.9,Diesel,19.123973,72.917276,0.0,0.0,1425.0,0,0.0,36.6,13.9,-1.13,Urban,Medium,26.8,0.0,31,103.02,3.01,99.9,excessive_idling
V005,2026-08-22T08:50:31,Bus,4,7.2,10783.9,Diesel,19.123973,72.917276,0.0,0.0,1435.0,0,0.0,30.7,12.3,-0.44,Urban,Medium,27.6,0.0,32,103.02,2.96,99.9,excessive_idling
V005,2026-08-22T08:50:32,Bus,4,7.2,10783.9,Diesel,19.123973,72.917276,0.0,0.0,1394.0,0,0.0,39.6,14.4,-0.86,Urban,Medium,30.7,0.0,33,103.02,2.95,99.9,excessive_idling
V005,2026-08-22T08:50:33,Bus,4,7.2,10783.9,Diesel,19.123973,72.917276,0.0,0.0,1406.0,0,0.0,38.8,15.3,-1.46,Urban,Medium,24.5,0.0,34,103.02,2.89,99.9,excessive_idling
V005,2026-08-22T08:50:34,Bus,4,7.2,10783.9,Diesel,19.123973,72.917276,0.0,0.0,1391.0,0,0.0,45.3,17.5,-0.9,Urban,Medium,28.2,0.0,35,103.02,2.86,99.9,excessive_idling
V005,2026-08-22T08:50:35,Bus,4,7.2,10783.9,Diesel,19.123973,72.917276,0.0,0.0,1409.0,0,0.0,59.1,16.4,-1.23,Urban,Medium,28.3,0.0,36,103.02,2.88,99.9,excessive_idling
V005,2026-08-22T08:50:36,Bus,4,7.2,10783.9,Diesel,19.123973,72.917276,0.0,0.0,1432.0,0,0.0,39.6,14.8,-1.09,Urban,Medium,26.3,0.0,37,103.02,2.92,99.9,excessive_idling
V005,2026-08-22T08:50:37,Bus,4,7.2,10783.9,Diesel,19.123973,72.917276,0.0,0.0,1448.0,0,0.0,40.3,15.9,0.15,Urban,Medium,28.3,0.0,38,103.02,2.96,99.9,excessive_idling
V005,2026-08-22T08:50:38,Bus,4,7.2,10783.9,Diesel,19.123973,72.917276,0.0,0.0,1423.0,0,0.0,37.8,16.1,0.47,Urban,Medium,26.7,0.0,39,103.02,3.06,99.9,excessive_idling
V005,2026-08-22T08:50:39,Bus,4,7.2,10783.9,Diesel,19.123973,72.917276,0.0,0.0,1428.0,0,0.0,33.3,13.3,0.21,Urban,Medium,27.2,0.0,40,103.02,2.9,99.9,excessive_idling
V005,2026-08-22T08:50:40,Bus,4,7.2,10783.9,Diesel,19.123973,72.917276,0.0,0.0,1431.0,0,0.0,50.5,14.0,0.32,Urban,Medium,28.7,0.0,41,103.02,2.8,99.9,excessive_idling
V005,2026-08-22T08:50:41,Bus,4,7.2,10783.9,Diesel,19.123973,72.917276,0.0,0.0,1416.0,0,0.0,56.6,12.4,-1.44,Urban,Medium,29.8,0.0,42,103.01,2.72,99.9,excessive_idling
V005,2026-08-22T08:50:42,Bus,4,7.2,10783.9,Diesel,19.123973,72.917276,0.0,0.0,1437.0,0,0.0,57.2,17.5,1.12,Urban,Medium,27.9,0.0,43,103.01,2.9,99.9,excessive_idling
V005,2026-08-22T08:50:43,Bus,4,7.2,10783.9,Diesel,19.123973,72.917276,0.0,0.0,1425.0,0,0.0,48.8,17.6,-0.95,Urban,Medium,28.0,0.0,44,103.01,2.78,99.9,excessive_idling
V005,2026-08-22T08:50:44,Bus,4,7.2,10783.9,Diesel,19.123973,72.917276,0.0,0.0,1412.0,0,0.0,54.2,12.5,-0.17,Urban,Medium,29.8,0.0,45,103.01,2.88,99.9,excessive_idling
V005,2026-08-22T08:50:45,Bus,4,7.2,10783.9,Diesel,19.123973,72.917276,0.0,0.0,1417.0,0,0.0,45.1,13.7,-0.43,Urban,Medium,28.6,0.0,46,103.01,2.78,99.9,excessive_idling
V005,2026-08-22T08:50:46,Bus,4,7.2,10783.9,Diesel,19.123973,72.917276,0.0,0.0,1455.0,0,0.0,31.7,14.6,0.36,Urban,Medium,29.1,0.0,47,103.01,2.9,99.9,excessive_idling
V005,2026-08-22T08:50:47,Bus,4,7.2,10783.9,Diesel,19.123973,72.917276,0.0,0.0,1425.0,0,0.0,41.7,15.1,-0.47,Urban,Medium,30.2,0.0,48,103.01,2.93,99.9,excessive_idling
V005,2026-08-22T08:50:48,Bus,4,7.2,10783.9,Diesel,19.123973,72.917276,0.0,0.0,1418.0,0,0.0,37.3,13.5,-0.68,Urban,Medium,30.6,0.0,49,103.01,2.79,99.9,excessive_idling
V005,2026-08-22T08:50:49,Bus,4,7.2,10783.9,Diesel,19.123973,72.917276,0.0,0.0,1433.0,0,0.0,59.9,17.1,-0.99,Urban,Medium,28.3,0.0,50,103.01,2.95,99.9,excessive_idling
V005,2026-08-22T08:50:50,Bus,4,7.2,10783.9,Diesel,19.123973,72.917276,0.0,0.0,1434.0,0,0.0,57.5,16.2,0.3,Urban,Medium,25.1,0.0,51,103.01,3.05,99.9,excessive_idling
V005,2026-08-22T08:50:51,Bus,4,7.2,10783.9,Diesel,19.123973,72.917276,0.0,0.0,1411.0,0,0.0,39.6,15.0,-2.42,Urban,Medium,27.9,0.0,52,103.01,2.89,99.9,excessive_idling
V005,2026-08-22T08:50:52,Bus,4,7.2,10783.9,Diesel,19.123973,72.917276,0.0,0.0,1436.0,0,0.0,34.2,12.9,-0.87,Urban,Medium,27.4,0.0,53,103.01,2.93,99.9,excessive_idling
V005,2026-08-22T08:50:53,Bus,4,7.2,10783.9,Diesel,19.123973,72.917276,0.0,0.0,1422.0,0,0.0,34.7,13.8,1.97,Urban,Medium,26.5,0.0,54,103.01,2.96,99.9,excessive_idling
V005,2026-08-22T08:50:54,Bus,4,7.2,10783.9,Diesel,19.123973,72.917276,0.0,0.0,1412.0,0,0.0,42.7,14.6,2.01,Urban,Medium,25.8,0.0,55,103.0,3.03,99.9,excessive_idling
V005,2026-08-22T08:50:55,Bus,4,7.2,10783.9,Diesel,19.123973,72.917276,0.0,0.0,1426.0,0,0.0,34.3,16.8,1.02,Urban,Medium,26.2,0.0,56,103.0,2.81,99.9,excessive_idling
V005,2026-08-22T08:50:56,Bus,4,7.2,10783.9,Diesel,19.123973,72.917276,0.0,0.0,1437.0,0,0.0,54.5,13.5,-0.75,Urban,Medium,26.2,0.0,57,103.0,3.02,99.9,excessive_idling
V005,2026-08-22T08:50:57,Bus,4,7.2,10783.9,Diesel,19.123973,72.917276,0.0,0.0,1435.0,0,0.0,42.9,14.5,-0.19,Urban,Medium,28.9,0.0,58,103.0,2.91,99.9,excessive_idling
V005,2026-08-22T08:50:58,Bus,4,7.2,10783.9,Diesel,19.123973,72.917276,0.0,0.0,1415.0,0,0.0,45.5,17.7,-0.37,Urban,Medium,28.3,0.0,59,103.0,2.95,99.9,excessive_idling
V005,2026-08-22T08:50:59,Bus,4,7.2,10783.9,Diesel,19.123973,72.917276,0.0,0.0,1423.0,0,0.0,59.5,16.2,0.12,Urban,Medium,25.3,0.0,60,103.0,2.9,99.9,excessive_idling
V005,2026-08-22T08:51:00,Bus,4,7.2,10783.9,Diesel,19.123973,72.917276,0.0,0.0,1410.0,0,0.0,39.6,12.5,-1.87,Urban,Medium,27.3,0.0,61,103.0,2.92,99.9,excessive_idling
V005,2026-08-22T08:51:01,Bus,4,7.2,10783.9,Diesel,19.123973,72.917276,0.0,0.0,1441.0,0,0.0,54.3,13.6,-0.64,Urban,Medium,24.6,0.0,62,103.0,3.06,99.9,excessive_idling
V005,2026-08-22T08:51:02,Bus,4,7.2,10783.9,Diesel,19.123973,72.917276,0.0,0.0,1406.0,0,0.0,32.0,14.1,0.11,Urban,Medium,27.4,0.0,63,103.0,2.96,99.9,excessive_idling
V005,2026-08-22T08:51:03,Bus,4,7.2,10783.9,Diesel,19.123973,72.917276,0.0,0.0,1416.0,0,0.0,45.2,13.2,-0.4,Urban,Medium,28.2,0.0,64,103.0,3.02,99.9,excessive_idling
V005,2026-08-22T08:51:04,Bus,4,7.2,10783.9,Diesel,19.123973,72.917276,0.0,0.0,1427.0,0,0.0,50.4,15.8,0.2,Urban,Medium,28.7,0.0,65,103.0,2.93,99.9,excessive_idling
V005,2026-08-22T08:51:05,Bus,4,7.2,10783.9,Diesel,19.123973,72.917276,0.0,0.0,1430.0,0,0.0,45.7,14.0,0.27,Urban,Medium,29.8,0.0,66,103.0,3.05,99.9,excessive_idling
V005,2026-08-22T08:51:06,Bus,4,7.2,10783.9,Diesel,19.123973,72.917276,0.0,0.0,1410.0,0,0.0,50.3,16.6,0.35,Urban,Medium,28.2,0.0,67,102.99,2.89,99.9,excessive_idling
V005,2026-08-22T08:51:07,Bus,4,7.2,10783.9,Diesel,19.123973,72.917276,0.0,0.0,1406.0,0,0.0,44.0,15.2,1.61,Urban,Medium,29.2,0.0,68,102.99,2.96,99.9,excessive_idling
V005,2026-08-22T08:51:08,Bus,4,7.2,10783.9,Diesel,19.123973,72.917276,0.0,0.0,1428.0,0,0.0,53.9,16.5,-1.54,Urban,Medium,30.7,0.0,69,102.99,2.96,99.9,excessive_idling
V005,2026-08-22T08:51:09,Bus,4,7.2,10783.9,Diesel,19.123973,72.917276,0.0,0.0,1425.0,0,0.0,31.9,14.2,0.29,Urban,Medium,27.4,0.0,70,102.99,3.01,99.9,excessive_idling
V005,2026-08-22T08:51:10,Bus,4,7.2,10783.9,Diesel,19.123973,72.917276,0.0,0.0,1433.0,0,0.0,47.4,12.8,-0.09,Urban,Medium,29.0,0.0,71,102.99,2.88,99.9,excessive_idling
V005,2026-08-22T08:51:11,Bus,4,7.2,10783.9,Diesel,19.123973,72.917276,0.0,0.0,1403.0,0,0.0,59.8,15.5,1.21,Urban,Medium,28.2,0.0,72,102.99,2.88,99.9,excessive_idling
V005,2026-08-22T08:51:12,Bus,4,7.2,10783.9,Diesel,19.123973,72.917276,0.0,0.0,1414.0,0,0.0,55.9,17.7,-0.08,Urban,Medium,26.4,0.0,73,102.99,2.92,99.9,excessive_idling
V005,2026-08-22T08:51:13,Bus,4,7.2,10783.9,Diesel,19.123973,72.917276,0.0,0.0,1435.0,0,0.0,41.7,12.5,-1.26,Urban,Medium,27.6,0.0,74,102.99,2.88,99.9,excessive_idling
V005,2026-08-22T08:51:14,Bus,4,7.2,10783.9,Diesel,19.123973,72.917276,0.0,0.0,1413.0,0,0.0,45.8,17.5,-0.9,Urban,Medium,27.9,0.0,75,102.99,2.93,99.9,excessive_idling
V005,2026-08-22T08:51:15,Bus,4,7.2,10783.9,Diesel,19.123973,72.917276,0.0,0.0,1419.0,0,0.0,30.7,14.2,1.21,Urban,Medium,28.4,0.0,76,102.99,3.07,99.9,excessive_idling
V005,2026-08-22T08:51:16,Bus,4,7.2,10783.9,Diesel,19.123973,72.917276,0.0,0.0,1410.0,0,0.0,31.5,14.6,-1.29,Urban,Medium,29.3,0.0,77,102.99,3.14,99.9,excessive_idling
V005,2026-08-22T08:51:17,Bus,4,7.2,10783.9,Diesel,19.123973,72.917276,0.0,0.0,1415.0,0,0.0,58.7,13.5,-1.78,Urban,Medium,29.3,0.0,78,102.99,2.83,99.9,excessive_idling
V005,2026-08-22T08:51:18,Bus,4,7.2,10783.9,Diesel,19.123973,72.917276,0.0,0.0,1410.0,0,0.0,46.1,13.2,-0.21,Urban,Medium,26.6,0.0,79,102.98,2.88,99.9,excessive_idling
V005,2026-08-22T08:51:19,Bus,4,7.2,10783.9,Diesel,19.123973,72.917276,0.0,0.0,1409.0,0,0.0,57.0,16.3,0.25,Urban,Medium,27.9,0.0,80,102.98,2.96,99.9,excessive_idling
V005,2026-08-22T08:51:20,Bus,4,7.2,10783.9,Diesel,19.123973,72.917276,0.0,0.0,1468.0,0,0.0,57.2,14.0,1.23,Urban,Medium,27.9,0.0,81,102.98,2.99,99.9,excessive_idling
V005,2026-08-22T08:51:21,Bus,4,7.2,10783.9,Diesel,19.123973,72.917276,0.0,0.0,1428.0,0,0.0,41.5,17.2,-0.1,Urban,Medium,28.6,0.0,82,102.98,3.03,99.9,excessive_idling
V005,2026-08-22T08:51:22,Bus,4,7.2,10783.9,Diesel,19.123973,72.917276,0.0,0.0,1457.0,0,0.0,37.4,14.1,-0.89,Urban,Medium,28.3,0.0,83,102.98,2.87,99.9,excessive_idling
V005,2026-08-22T08:51:23,Bus,4,7.2,10783.9,Diesel,19.123973,72.917276,0.0,0.0,1420.0,0,0.0,41.9,12.0,-0.37,Urban,Medium,28.7,0.0,84,102.98,2.88,99.9,excessive_idling
V005,2026-08-22T08:51:24,Bus,4,7.2,10783.9,Diesel,19.123973,72.917276,0.0,0.0,1414.0,0,0.0,30.8,17.7,-1.3,Urban,Medium,29.0,0.0,85,102.98,3.01,99.9,excessive_idling
V005,2026-08-22T08:51:25,Bus,4,7.2,10783.9,Diesel,19.123973,72.917276,0.0,0.0,1407.0,0,0.0,36.5,15.5,-1.98,Urban,Medium,27.7,0.0,86,102.98,2.99,99.9,excessive_idling
V005,2026-08-22T08:51:26,Bus,4,7.2,10783.9,Diesel,19.123973,72.917276,0.0,0.0,1405.0,0,0.0,36.0,16.9,-0.85,Urban,Medium,26.4,0.0,87,102.98,2.96,99.9,excessive_idling
V005,2026-08-22T08:51:27,Bus,4,7.2,10783.9,Diesel,19.123973,72.917276,0.0,0.0,1438.0,0,0.0,46.4,16.8,-0.26,Urban,Medium,28.1,0.0,88,102.98,3.01,99.9,excessive_idling
V005,2026-08-22T08:51:28,Bus,4,7.2,10783.9,Diesel,19.123973,72.917276,0.0,0.0,1441.0,0,0.0,33.4,13.0,-0.55,Urban,Medium,29.0,0.0,89,102.98,3.07,99.9,excessive_idling
V005,2026-08-22T08:51:29,Bus,4,7.2,10783.9,Diesel,19.123973,72.917276,0.0,0.0,1423.0,0,0.0,39.1,12.3,-1.04,Urban,Medium,28.3,0.0,90,102.98,3.03,99.9,excessive_idling
V005,2026-08-22T08:51:30,Bus,4,7.2,10783.9,Diesel,19.123973,72.917276,0.0,0.0,1380.0,0,0.0,36.9,13.6,0.03,Urban,Medium,28.0,0.0,91,102.97,2.99,99.9,excessive_idling
V005,2026-08-22T08:51:31,Bus,4,7.2,10783.9,Diesel,19.123973,72.917276,0.0,0.0,1414.0,0,0.0,34.0,15.6,1.28,Urban,Medium,25.8,0.0,92,102.97,2.94,99.9,excessive_idling
V005,2026-08-22T08:51:32,Bus,4,7.2,10783.9,Diesel,19.123973,72.917276,0.0,0.0,1442.0,0,0.0,32.1,17.6,-2.47,Urban,Medium,29.8,0.0,93,102.97,3.04,99.9,excessive_idling
V005,2026-08-22T08:51:33,Bus,4,7.2,10783.9,Diesel,19.123973,72.917276,0.0,0.0,1413.0,0,0.0,35.2,15.5,-1.38,Urban,Medium,30.0,0.0,94,102.97,3.03,99.9,excessive_idling
V005,2026-08-22T08:51:34,Bus,4,7.2,10783.9,Diesel,19.123973,72.917276,0.0,0.0,1410.0,0,0.0,42.8,12.9,-1.26,Urban,Medium,29.8,0.0,95,102.97,2.86,99.9,excessive_idling
V005,2026-08-22T08:51:35,Bus,4,7.2,10783.9,Diesel,19.123973,72.917276,0.0,0.0,1423.0,0,0.0,30.6,16.6,1.38,Urban,Medium,27.1,0.0,96,102.97,3.13,99.9,excessive_idling
V005,2026-08-22T08:51:36,Bus,4,7.2,10783.9,Diesel,19.123973,72.917276,0.0,0.0,1416.0,0,0.0,46.4,13.4,-2.42,Urban,Medium,28.0,0.0,97,102.97,3.04,99.9,excessive_idling
V005,2026-08-22T08:51:37,Bus,4,7.2,10783.9,Diesel,19.123973,72.917276,0.0,0.0,1417.0,0,0.0,52.1,15.9,0.78,Urban,Medium,24.7,0.0,98,102.97,3.07,99.9,excessive_idling
V005,2026-08-22T08:51:38,Bus,4,7.2,10783.9,Diesel,19.123973,72.917276,0.0,0.0,1406.0,0,0.0,49.4,12.3,-0.63,Urban,Medium,26.9,0.0,99,102.97,2.87,99.9,excessive_idling
V005,2026-08-22T08:51:39,Bus,4,7.2,10783.9,Diesel,19.123973,72.917276,0.0,0.0,1423.0,0,0.0,45.0,16.7,0.29,Urban,Medium,27.2,0.0,100,102.97,2.96,99.9,excessive_idling
V005,2026-08-22T08:51:40,Bus,4,7.2,10783.9,Diesel,19.123973,72.917276,0.0,0.0,1415.0,0,0.0,37.9,13.2,0.39,Urban,Medium,30.4,0.0,101,102.97,2.93,99.9,excessive_idling
V005,2026-08-22T08:51:41,Bus,4,7.2,10783.9,Diesel,19.123973,72.917276,0.0,0.0,1390.0,0,0.0,45.6,17.9,1.49,Urban,Medium,27.4,0.0,102,102.97,2.92,99.9,excessive_idling
V005,2026-08-22T08:51:42,Bus,4,7.2,10783.9,Diesel,19.123973,72.917276,0.0,0.0,1438.0,0,0.0,40.7,13.9,-1.33,Urban,Medium,28.4,0.0,103,102.96,3.14,99.9,excessive_idling
V005,2026-08-22T08:51:43,Bus,4,7.2,10783.9,Diesel,19.123973,72.917276,0.0,0.0,1427.0,0,0.0,36.8,16.5,0.97,Urban,Medium,28.7,0.0,104,102.96,3.01,99.9,excessive_idling
V005,2026-08-22T08:51:44,Bus,4,7.2,10783.9,Diesel,19.123973,72.917276,0.0,0.0,1423.0,0,0.0,46.4,16.5,1.14,Urban,Medium,28.1,0.0,105,102.96,3.05,99.9,excessive_idling
V005,2026-08-22T08:51:45,Bus,4,7.2,10783.9,Diesel,19.123973,72.917276,0.0,0.0,1442.0,0,0.0,39.4,13.0,-0.32,Urban,Medium,24.4,0.0,106,102.96,2.91,99.9,excessive_idling
V005,2026-08-22T08:51:46,Bus,4,7.2,10783.9,Diesel,19.123973,72.917276,0.0,0.0,1413.0,0,0.0,48.0,14.6,0.31,Urban,Medium,28.1,0.0,107,102.96,2.97,99.9,excessive_idling
V005,2026-08-22T08:51:47,Bus,4,7.2,10783.9,Diesel,19.123973,72.917276,0.0,0.0,1408.0,0,0.0,51.6,13.0,0.17,Urban,Medium,27.1,0.0,108,102.96,3.02,99.9,excessive_idling
V005,2026-08-22T08:51:48,Bus,4,7.2,10783.9,Diesel,19.123973,72.917276,0.0,0.0,1419.0,0,0.0,58.9,14.8,-0.02,Urban,Medium,27.1,0.0,109,102.96,2.83,99.9,excessive_idling
V005,2026-08-22T08:51:49,Bus,4,7.2,10783.9,Diesel,19.123973,72.917276,0.0,0.0,1400.0,0,0.0,50.4,13.6,0.49,Urban,Medium,25.2,0.0,110,102.96,2.85,99.9,excessive_idling
V005,2026-08-22T08:51:50,Bus,4,7.2,10783.9,Diesel,19.123973,72.917276,0.0,0.0,1397.0,0,0.0,34.9,16.2,-0.18,Urban,Medium,30.3,0.0,111,102.96,2.85,99.9,excessive_idling
V005,2026-08-22T08:51:51,Bus,4,7.2,10783.9,Diesel,19.123973,72.917276,0.0,0.0,1394.0,0,0.0,48.2,14.5,-0.14,Urban,Medium,29.5,0.0,112,102.96,3.01,99.9,excessive_idling
V005,2026-08-22T08:51:52,Bus,4,7.2,10783.9,Diesel,19.123973,72.917276,0.0,0.0,1396.0,0,0.0,57.6,12.3,0.85,Urban,Medium,27.5,0.0,113,102.96,2.8,99.9,excessive_idling
V005,2026-08-22T08:51:53,Bus,4,7.2,10783.9,Diesel,19.123973,72.917276,0.0,0.0,1398.0,0,0.0,50.8,15.4,-2.72,Urban,Medium,29.4,0.0,114,102.96,2.89,99.9,excessive_idling
V005,2026-08-22T08:51:54,Bus,4,7.2,10783.9,Diesel,19.123973,72.917276,0.0,0.0,1434.0,0,0.0,56.6,13.4,-0.83,Urban,Medium,30.3,0.0,115,102.95,3.13,99.9,excessive_idling
V005,2026-08-22T08:51:55,Bus,4,7.2,10783.9,Diesel,19.123973,72.917276,0.0,0.0,1428.0,0,0.0,40.2,13.2,-0.56,Urban,Medium,28.0,0.0,116,102.95,3.13,99.9,excessive_idling
V005,2026-08-22T08:51:56,Bus,4,7.2,10783.9,Diesel,19.123973,72.917276,0.0,0.0,1425.0,0,0.0,57.5,13.9,0.95,Urban,Medium,29.3,0.0,117,102.95,2.95,99.9,excessive_idling
V005,2026-08-22T08:51:57,Bus,4,7.2,10783.9,Diesel,19.123973,72.917276,0.0,0.0,1424.0,0,0.0,51.2,17.1,2.42,Urban,Medium,28.6,0.0,118,102.95,2.91,99.9,excessive_idling
V005,2026-08-22T08:51:58,Bus,4,7.2,10783.9,Diesel,19.123973,72.917276,0.0,0.0,1443.0,0,0.0,31.1,15.2,-0.32,Urban,Medium,27.7,0.0,119,102.95,2.97,99.9,excessive_idling
V005,2026-08-22T08:51:59,Bus,4,7.2,10783.9,Diesel,19.123973,72.917276,0.0,0.0,1431.0,0,0.0,51.8,16.2,0.97,Urban,Medium,27.8,0.0,120,102.95,3.03,99.9,excessive_idling
V005,2026-08-22T10:50:00,Bus,4,7.2,12573.7,Diesel,19.072522,72.893845,16.7,-0.46,2989.0,1,8.5,13.9,39.1,-0.71,Urban,Low,27.5,0.005,0,172.86,7.03,42.01,normal
V005,2026-08-22T10:50:01,Bus,4,7.2,12573.7,Diesel,19.072574,72.893887,21.0,1.2,2163.0,2,50.0,0.0,64.8,-0.14,Urban,Low,26.5,0.01,0,172.86,8.49,40.34,normal
V005,2026-08-22T10:50:02,Bus,4,7.2,12573.7,Diesel,19.072638,72.893938,25.4,1.2,2412.0,2,50.0,0.0,66.7,0.64,Urban,Low,28.9,0.018,0,172.85,10.1,39.82,normal
V005,2026-08-22T10:50:03,Bus,4,7.2,12573.7,Diesel,19.072712,72.893997,29.7,1.2,2748.0,2,50.0,0.0,67.5,0.94,Urban,Low,26.5,0.026,0,172.85,11.92,40.15,normal
V005,2026-08-22T10:50:04,Bus,4,7.2,12573.7,Diesel,19.072775,72.894048,25.4,-1.2,2397.0,2,0.0,36.0,34.3,-0.51,Urban,Low,28.8,0.033,0,172.85,9.59,37.82,normal
V005,2026-08-22T10:50:05,Bus,4,7.2,12573.7,Diesel,19.07285,72.894108,29.7,1.2,2732.0,2,50.0,0.0,65.9,0.35,Urban,Low,29.8,0.041,0,172.84,11.19,37.68,normal
V005,2026-08-22T10:50:06,Bus,4,7.2,12573.7,Diesel,19.072935,72.894176,34.0,1.2,2985.0,2,50.0,0.0,66.5,0.56,Urban,Low,29.2,0.051,0,172.84,12.7,37.33,normal
V005,2026-08-22T10:50:07,Bus,4,7.2,12573.7,Diesel,19.073029,72.894251,37.7,1.03,2419.0,3,45.8,0.0,63.5,0.39,Urban,Low,27.7,0.061,0,172.84,13.25,35.14,normal
V005,2026-08-22T10:50:08,Bus,4,7.2,12573.7,Diesel,19.073112,72.894318,33.4,-1.2,2949.0,2,0.0,36.0,33.7,-0.92,Urban,Low,27.5,0.07,0,172.83,11.73,35.12,normal
V005,2026-08-22T10:50:09,Bus,4,7.2,12573.7,Diesel,19.073185,72.894376,29.1,-1.2,2721.0,2,0.0,36.0,34.7,-0.24,Urban,Low,26.5,0.078,0,172.83,11.03,37.95,normal
V005,2026-08-22T10:50:10,Bus,4,7.2,12573.7,Diesel,19.073251,72.894429,26.4,-0.74,2551.0,2,1.6,22.1,37.0,0.39,Urban,Low,26.6,0.086,0,172.83,10.6,40.1,normal
V005,2026-08-22T10:50:11,Bus,4,7.2,12573.7,Diesel,19.073328,72.89449,30.7,1.2,2758.0,2,50.0,0.0,65.5,0.18,Urban,Low,25.8,0.094,0,172.82,11.39,37.05,normal
V005,2026-08-22T10:50:12,Bus,4,7.2,12573.7,Diesel,19.073394,72.894543,26.4,-1.2,2459.0,2,0.0,36.0,36.6,0.63,Urban,Low,26.6,0.102,0,172.82,10.49,39.68,normal
V005,2026-08-22T10:50:13,Bus,4,7.2,12573.7,Diesel,19.073471,72.894605,30.7,1.2,2775.0,2,50.0,0.0,65.7,0.25,Urban,Low,29.5,0.11,0,172.82,11.57,37.63,normal
V005,2026-08-22T10:50:14,Bus,4,7.2,12573.7,Diesel,19.073559,72.894675,35.1,1.2,2324.0,3,50.0,0.0,66.9,0.71,Urban,Low,29.2,0.12,0,172.81,13.05,37.22,normal
V005,2026-08-22T10:50:15,Bus,4,7.2,12573.7,Diesel,19.073636,72.894736,30.7,-1.2,2825.0,2,0.0,36.0,35.0,0.01,Urban,Low,30.8,0.128,0,172.81,11.53,37.49,normal
V005,2026-08-22T10:50:16,Bus,4,7.2,12573.7,Diesel,19.073723,72.894806,35.1,1.2,2262.0,3,50.0,0.0,64.4,-0.4,Urban,Low,28.2,0.138,0,172.81,12.32,35.15,normal
V005,2026-08-22T10:50:17,Bus,4,7.2,12573.7,Diesel,19.073822,72.894885,39.4,1.2,2513.0,3,50.0,0.0,65.8,0.29,Urban,Low,27.7,0.149,0,172.8,14.1,35.8,normal
V005,2026-08-22T10:50:18,Bus,4,7.2,12573.7,Diesel,19.073931,72.894973,43.7,1.2,2688.0,3,50.0,0.0,65.8,0.32,Urban,Low,26.6,0.161,0,172.8,15.11,34.57,normal
V005,2026-08-22T10:50:19,Bus,4,7.2,12573.7,Diesel,19.074029,72.895051,39.4,-1.2,2489.0,3,0.0,36.0,30.5,-3.24,Urban,Low,27.9,0.172,0,172.8,11.75,29.83,normal
V005,2026-08-22T10:50:20,Bus,4,7.2,12573.7,Diesel,19.074139,72.895139,43.7,1.2,2720.0,3,50.0,0.0,62.2,-2.02,Urban,Low,26.8,0.184,0,172.79,13.69,31.32,normal
V005,2026-08-22T10:50:21,Bus,4,7.2,12573.7,Diesel,19.074259,72.895235,48.0,1.2,2938.0,3,50.0,0.0,63.8,-0.89,Urban,Low,30.0,0.198,0,172.79,14.88,30.98,normal
V005,2026-08-22T10:50:22,Bus,4,7.2,12573.7,Diesel,19.074368,72.895322,43.7,-1.2,2692.0,3,0.0,36.0,33.6,-1.03,Urban,Low,27.5,0.21,0,172.78,13.88,31.75,normal
V005,2026-08-22T10:50:23,Bus,4,7.2,12573.7,Diesel,19.074488,72.895418,48.0,1.2,2895.0,3,50.0,0.0,62.9,-1.5,Urban,Low,26.6,0.223,0,172.78,14.95,31.12,normal
V005,2026-08-22T10:50:24,Bus,4,7.2,12573.7,Diesel,19.074597,72.895506,43.7,-1.2,2678.0,3,0.0,36.0,39.2,1.59,Urban,Low,31.9,0.235,0,172.78,16.4,37.52,normal
V005,2026-08-22T10:50:25,Bus,4,7.2,12573.7,Diesel,19.074717,72.895602,48.0,1.2,2909.0,3,50.0,0.0,63.3,-1.22,Urban,Low,28.3,0.249,0,172.77,14.91,31.04,normal
V005,2026-08-22T10:50:26,Bus,4,7.2,12573.7,Diesel,19.074827,72.895689,43.7,-1.2,2647.0,3,0.0,36.0,34.7,-0.24,Urban,Low,28.4,0.261,0,172.77,14.35,32.83,normal
V005,2026-08-22T10:50:27,Bus,4,7.2,12573.7,Diesel,19.074947,72.895785,48.0,1.2,2840.0,3,50.0,0.0,64.2,-0.58,Urban,Low,29.4,0.274,0,172.76,15.73,32.74,normal
V005,2026-08-22T10:50:28,Bus,4,7.2,12573.7,Diesel,19.075056,72.895873,43.7,-1.2,2658.0,3,0.0,36.0,34.7,-0.18,Urban,Low,25.6,0.286,0,172.76,14.63,33.48,normal
V005,2026-08-22T10:50:29,Bus,4,7.2,12573.7,Diesel,19.075176,72.895969,48.0,1.2,2879.0,3,50.0,0.0,64.1,-0.62,Urban,Low,27.2,0.3,0,172.76,14.67,30.55,normal
V005,2026-08-22T10:50:30,Bus,4,7.2,12573.7,Diesel,19.075285,72.896056,43.7,-1.2,2688.0,3,0.0,36.0,33.5,-1.08,Urban,Low,29.6,0.312,0,172.75,14.33,32.78,normal
V005,2026-08-22T10:50:31,Bus,4,7.2,12573.7,Diesel,19.075384,72.896135,39.4,-1.2,2491.0,3,0.0,36.0,33.7,-0.89,Urban,Low,30.5,0.323,0,172.75,13.64,34.64,normal
V005,2026-08-22T10:50:32,Bus,4,7.2,12573.7,Diesel,19.075493,72.896222,43.7,1.2,2649.0,3,50.0,0.0,67.7,1.04,Urban,Low,30.8,0.335,0,172.74,15.92,36.42,normal
V005,2026-08-22T10:50:33,Bus,4,7.2,12573.7,Diesel,19.075613,72.896318,48.0,1.2,2830.0,3,50.0,0.0,62.7,-1.63,Urban,Low,32.2,0.348,0,172.74,15.03,31.3,normal
V005,2026-08-22T10:50:34,Bus,4,7.2,12573.7,Diesel,19.075725,72.896408,44.8,-0.89,2713.0,3,0.0,26.7,32.3,-1.9,Urban,Low,30.4,0.361,0,172.73,13.92,31.04,normal
V005,2026-08-22T10:50:35,Bus,4,7.2,12573.7,Diesel,19.075834,72.896495,43.4,-0.39,2648.0,3,10.3,11.7,45.4,1.6,Urban,Low,29.5,0.373,0,172.73,16.64,38.32,normal
V005,2026-08-22T10:50:36,Bus,4,7.2,12573.7,Diesel,19.075938,72.896578,41.6,-0.51,2582.0,3,7.2,15.3,39.6,0.1,Urban,Low,30.4,0.384,0,172.73,14.23,34.21,normal
V005,2026-08-22T10:50:37,Bus,4,7.2,12573.7,Diesel,19.076031,72.896652,37.3,-1.2,2401.0,3,0.0,36.0,33.1,-1.33,Urban,Low,28.3,0.395,0,172.72,12.39,33.24,normal
V005,2026-08-22T10:50:38,Bus,4,7.2,12573.7,Diesel,19.076113,72.896718,32.9,-1.2,2937.0,2,0.0,36.0,34.9,-0.08,Urban,Low,27.9,0.404,0,172.72,12.18,36.98,normal
V005,2026-08-22T10:50:39,Bus,4,7.2,12573.7,Diesel,19.07619,72.89678,30.7,-0.63,2761.0,2,4.1,19.0,36.4,-0.77,Urban,Low,29.2,0.412,0,172.72,11.13,36.29,normal
V005,2026-08-22T10:50:40,Bus,4,7.2,12573.7,Diesel,19.076256,72.896832,26.3,-1.2,2501.0,2,0.0,36.0,38.1,1.19,Urban,Low,26.2,0.42,0,172.71,11.22,42.6,normal
V005,2026-08-22T10:50:41,Bus,4,7.2,12573.7,Diesel,19.076311,72.896876,22.0,-1.2,2163.0,2,0.0,36.0,36.6,0.59,Urban,Low,25.9,0.426,0,172.71,9.14,41.51,normal
V005,2026-08-22T10:50:42,Bus,4,7.2,12573.7,Diesel,19.076377,72.896929,26.3,1.2,2488.0,2,50.0,0.0,63.9,-0.79,Urban,Low,28.2,0.433,0,172.71,10.18,38.64,normal
V005,2026-08-22T10:50:43,Bus,4,7.2,12573.7,Diesel,19.076453,72.89699,30.7,1.2,2791.0,2,50.0,0.0,65.4,0.16,Urban,Low,26.9,0.441,0,172.7,11.81,38.53,normal
V005,2026-08-22T10:50:44,Bus,4,7.2,12573.7,Diesel,19.076519,72.897043,26.3,-1.2,2531.0,2,0.0,36.0,36.6,0.62,Urban,Low,29.6,0.449,0,172.7,10.23,38.85,normal
V005,2026-08-22T10:50:45,Bus,4,7.2,12573.7,Diesel,19.076596,72.897104,30.7,1.2,2781.0,2,50.0,0.0,66.7,0.64,Urban,Low,30.8,0.457,0,172.7,12.0,39.14,normal
V005,2026-08-22T10:50:46,Bus,4,7.2,12573.7,Diesel,19.076682,72.897173,34.4,1.05,3000.0,2,46.2,0.0,66.9,1.57,Urban,Low,27.2,0.467,0,172.69,14.21,41.26,normal
V005,2026-08-22T10:50:47,Bus,4,7.2,12573.7,Diesel,19.076757,72.897234,30.1,-1.2,2760.0,2,0.0,36.0,34.6,-0.27,Urban,Low,29.5,0.475,0,172.69,11.42,37.91,normal
V005,2026-08-22T10:50:48,Bus,4,7.2,12573.7,Diesel,19.076843,72.897302,34.4,1.2,3000.0,2,50.0,0.0,66.3,0.51,Urban,Low,27.2,0.485,0,172.69,12.8,37.17,normal
V005,2026-08-22T10:50:49,Bus,4,7.2,12573.7,Diesel,19.07694,72.89738,38.8,1.2,2453.0,3,50.0,0.0,64.0,-0.72,Urban,Low,24.1,0.496,0,172.68,13.13,33.86,normal
V005,2026-08-22T10:50:50,Bus,4,7.2,12573.7,Diesel,19.077048,72.897466,43.1,1.2,2636.0,3,50.0,0.0,67.2,0.84,Urban,Low,27.8,0.508,0,172.68,15.19,35.26,normal
V005,2026-08-22T10:50:51,Bus,4,7.2,12573.7,Diesel,19.077167,72.897561,47.4,1.2,2821.0,3,50.0,0.0,64.6,-0.28,Urban,Low,25.8,0.521,0,172.68,14.79,31.2,normal
V005,2026-08-22T10:50:52,Bus,4,7.2,12573.7,Diesel,19.077296,72.897664,51.7,1.2,3000.0,3,50.0,0.0,62.6,-1.72,Urban,Low,29.0,0.535,0,172.67,16.06,31.05,normal
V005,2026-08-22T10:50:53,Bus,4,7.2,12573.7,Diesel,19.077415,72.897759,47.5,-1.16,2840.0,3,0.0,34.9,40.2,1.98,Urban,Low,27.5,0.548,0,172.67,18.25,38.4,normal
V005,2026-08-22T10:50:54,Bus,4,7.2,12573.7,Diesel,19.077534,72.897855,47.8,0.07,2779.0,3,21.7,0.0,46.2,-1.32,Urban,Low,26.5,0.562,0,172.66,15.29,32.01,normal
V005,2026-08-22T10:50:55,Bus,4,7.2,12573.7,Diesel,19.077643,72.897942,43.5,-1.2,2672.0,3,0.0,36.0,32.2,-1.99,Urban,Low,28.0,0.574,0,172.66,13.17,30.29,normal
V005,2026-08-22T10:50:56,Bus,4,7.2,12573.7,Diesel,19.077761,72.898037,47.4,1.11,2861.0,3,47.7,0.0,66.0,0.92,Urban,Low,26.0,0.587,0,172.65,16.27,34.3,normal
V005,2026-08-22T10:50:57,Bus,4,7.2,12573.7,Diesel,19.077886,72.898137,50.0,0.71,2951.0,3,37.8,0.0,57.0,-0.52,Urban,Low,28.5,0.601,0,172.65,16.35,32.7,normal
V005,2026-08-22T10:50:58,Bus,4,7.2,12573.7,Diesel,19.078016,72.89824,51.7,0.46,3000.0,3,31.6,0.0,51.2,-1.93,Urban,Low,28.9,0.615,0,172.65,14.75,28.54,normal
V005,2026-08-22T10:50:59,Bus,4,7.2,12573.7,Diesel,19.078156,72.898352,56.0,1.2,2597.0,4,50.0,0.0,63.5,-1.05,Urban,Low,27.5,0.631,0,172.64,17.27,30.83,normal
V005,2026-08-22T10:51:00,Bus,4,7.2,12573.7,Diesel,19.078306,72.898473,60.3,1.2,2714.0,4,50.0,0.0,63.7,-0.9,Urban,Low,28.0,0.647,0,172.64,18.01,29.86,normal
V005,2026-08-22T10:51:01,Bus,4,7.2,12573.7,Diesel,19.078446,72.898585,56.0,-1.2,2594.0,4,0.0,36.0,34.1,-0.62,Urban,Low,26.9,0.663,0,172.63,17.01,30.37,normal
V005,2026-08-22T10:51:02,Bus,4,7.2,12573.7,Diesel,19.078576,72.898688,51.7,-1.2,3000.0,3,0.0,36.0,32.5,-1.82,Urban,Low,27.9,0.677,0,172.63,15.27,29.55,normal
V005,2026-08-22T10:51:03,Bus,4,7.2,12573.7,Diesel,19.078694,72.898783,47.4,-1.2,2864.0,3,0.0,36.0,33.7,-0.93,Urban,Low,29.2,0.69,0,172.62,14.7,31.04,normal
V005,2026-08-22T10:51:04,Bus,4,7.2,12573.7,Diesel,19.078823,72.898886,51.7,1.2,3000.0,3,50.0,0.0,61.1,-2.81,Urban,Low,29.8,0.705,0,172.62,14.97,28.96,normal
V005,2026-08-22T10:51:05,Bus,4,7.2,12573.7,Diesel,19.078963,72.898998,56.0,1.2,2570.0,4,50.0,0.0,64.9,-0.08,Urban,Low,28.8,0.72,0,172.61,17.59,31.41,normal
V005,2026-08-22T10:51:06,Bus,4,7.2,12573.7,Diesel,19.079114,72.899119,60.3,1.2,2719.0,4,50.0,0.0,68.1,1.17,Urban,Low,27.9,0.737,0,172.61,20.43,33.87,normal
V005,2026-08-22T10:51:07,Bus,4,7.2,12573.7,Diesel,19.079254,72.899231,56.0,-1.2,2564.0,4,0.0,36.0,31.7,-2.35,Urban,Low,29.4,0.753,0,172.6,16.29,29.09,normal
V005,2026-08-22T10:51:08,Bus,4,7.2,12573.7,Diesel,19.079383,72.899334,51.7,-1.2,3000.0,3,0.0,36.0,39.8,1.83,Urban,Low,28.8,0.767,0,172.6,19.04,36.85,normal
V005,2026-08-22T10:51:09,Bus,4,7.2,12573.7,Diesel,19.079519,72.899443,54.5,0.79,2593.0,4,39.7,0.0,57.6,-0.86,Urban,Low,28.8,0.782,0,172.59,17.32,31.77,normal
V005,2026-08-22T10:51:10,Bus,4,7.2,12573.7,Diesel,19.079645,72.899544,50.2,-1.2,2972.0,3,0.0,36.0,35.5,0.18,Urban,Low,30.8,0.796,0,172.59,16.32,32.51,normal
V005,2026-08-22T10:51:11,Bus,4,7.2,12573.7,Diesel,19.079781,72.899653,54.5,1.2,2590.0,4,50.0,0.0,67.2,0.82,Urban,Low,31.1,0.811,0,172.58,18.75,34.4,normal
V005,2026-08-22T10:51:12,Bus,4,7.2,12573.7,Diesel,19.079927,72.899769,58.2,1.04,2700.0,4,45.9,0.0,63.3,0.3,Urban,Low,26.9,0.827,0,172.58,19.17,32.92,normal
V005,2026-08-22T10:51:13,Bus,4,7.2,12573.7,Diesel,19.080062,72.899877,53.9,-1.2,2574.0,4,0.0,36.0,33.4,-1.16,Urban,Low,27.3,0.842,0,172.57,16.73,31.03,normal
V005,2026-08-22T10:51:14,Bus,4,7.2,12573.7,Diesel,19.080186,72.899976,49.6,-1.2,2964.0,3,0.0,36.0,38.0,1.13,Urban,Low,27.8,0.856,0,172.57,16.85,33.97,normal
V005,2026-08-22T10:51:15,Bus,4,7.2,12573.7,Diesel,19.080318,72.900082,52.9,0.93,2502.0,4,43.2,0.0,61.0,0.05,Urban,Low,25.9,0.871,0,172.56,16.88,31.88,normal
V005,2026-08-22T10:51:16,Bus,4,7.2,12573.7,Diesel,19.08044,72.900179,48.6,-1.2,2867.0,3,0.0,36.0,35.8,0.31,Urban,Low,27.5,0.884,0,172.56,16.52,33.98,normal
V005,2026-08-22T10:51:17,Bus,4,7.2,12573.7,Diesel,19.080572,72.900285,52.9,1.2,2529.0,4,50.0,0.0,66.1,0.42,Urban,Low,26.1,0.899,0,172.55,17.31,32.7,normal
V005,2026-08-22T10:51:18,Bus,4,7.2,12573.7,Diesel,19.080715,72.9004,57.3,1.2,2627.0,4,50.0,0.0,63.2,-1.31,Urban,Low,26.7,0.915,0,172.55,17.76,31.01,normal
V005,2026-08-22T10:51:19,Bus,4,7.2,12573.7,Diesel,19.080847,72.900506,52.9,-1.2,2502.0,4,0.0,36.0,33.5,-1.06,Urban,Low,26.9,0.93,0,172.55,16.7,31.53,normal
V005,2026-08-22T10:51:20,Bus,4,7.2,12573.7,Diesel,19.080976,72.900609,51.5,-0.41,3000.0,3,9.7,12.3,45.2,1.66,Urban,Low,30.7,0.944,0,172.54,18.77,36.46,normal
V005,2026-08-22T10:51:21,Bus,4,7.2,12573.7,Diesel,19.081094,72.900703,47.1,-1.2,2876.0,3,0.0,36.0,40.2,1.98,Urban,Low,32.3,0.957,0,172.53,18.33,38.88,normal
V005,2026-08-22T10:51:22,Bus,4,7.2,12573.7,Diesel,19.081201,72.900789,42.8,-1.2,2607.0,3,0.0,36.0,42.6,2.9,Urban,Low,28.0,0.969,0,172.53,18.29,42.7,normal
V005,2026-08-22T10:51:23,Bus,4,7.2,12573.7,Diesel,19.081297,72.900866,38.5,-1.2,2428.0,3,0.0,36.0,34.4,-0.43,Urban,Low,28.0,0.98,0,172.53,12.89,33.48,normal
V005,2026-08-22T10:51:24,Bus,4,7.2,12573.7,Diesel,19.08139,72.90094,37.1,-0.38,2380.0,3,10.6,11.3,39.7,-1.15,Urban,Low,26.0,0.99,0,172.52,12.95,34.87,normal
V005,2026-08-22T10:51:25,Bus,4,7.2,12573.7,Diesel,19.081492,72.901021,40.6,0.95,2567.0,3,43.8,0.0,61.5,0.08,Urban,Low,26.1,1.001,0,172.52,13.58,33.48,normal
V005,2026-08-22T10:51:26,Bus,4,7.2,12573.7,Diesel,19.081598,72.901106,42.5,0.54,2633.0,3,33.5,0.0,55.4,0.1,Urban,Low,30.4,1.013,0,172.51,14.29,33.61,normal
V005,2026-08-22T10:51:27,Bus,4,7.2,12573.7,Diesel,19.081693,72.901183,38.2,-1.2,2443.0,3,0.0,36.0,36.8,0.68,Urban,Low,26.8,1.024,0,172.51,13.47,35.26,normal
V005,2026-08-22T10:51:28,Bus,4,7.2,12573.7,Diesel,19.081778,72.90125,33.9,-1.2,2959.0,2,0.0,36.0,38.9,1.48,Urban,Low,27.1,1.033,0,172.51,13.67,40.35,normal
V005,2026-08-22T10:51:29,Bus,4,7.2,12573.7,Diesel,19.081874,72.901327,38.2,1.2,2455.0,3,50.0,0.0,70.0,1.92,Urban,Low,30.8,1.044,0,172.5,14.93,39.08,normal
V005,2026-08-22T10:51:30,Bus,4,7.2,12573.7,Diesel,19.081958,72.901394,33.9,-1.2,3000.0,2,0.0,36.0,33.6,-0.99,Urban,Low,28.1,1.053,0,172.5,12.02,35.49,normal
V005,2026-08-22T10:51:31,Bus,4,7.2,12573.7,Diesel,19.082034,72.901455,30.4,-0.96,2790.0,2,0.0,28.9,34.1,-0.63,Urban,Low,27.6,1.062,0,172.5,11.06,36.39,normal
V005,2026-08-22T10:51:32,Bus,4,7.2,12573.7,Diesel,19.082121,72.901525,34.7,1.2,3000.0,2,50.0,0.0,65.0,-0.01,Urban,Low,28.1,1.071,0,172.49,12.29,35.39,normal
V005,2026-08-22T10:51:33,Bus,4,7.2,12573.7,Diesel,19.082197,72.901586,30.4,-1.2,2785.0,2,0.0,36.0,34.6,-0.31,Urban,Low,28.5,1.08,0,172.49,11.56,38.03,normal
V005,2026-08-22T10:51:34,Bus,4,7.2,12573.7,Diesel,19.082262,72.901638,26.1,-1.2,2497.0,2,0.0,36.0,37.5,0.97,Urban,Low,28.4,1.087,0,172.49,10.72,41.09,normal
V005,2026-08-22T10:51:35,Bus,4,7.2,12573.7,Diesel,19.08232,72.901684,23.2,-0.8,2269.0,2,0.1,23.9,32.5,-1.82,Urban,Low,28.2,1.093,0,172.48,8.47,36.48,normal
V005,2026-08-22T10:51:36,Bus,4,7.2,12573.7,Diesel,19.082389,72.901739,27.5,1.2,2602.0,2,50.0,0.0,70.4,2.06,Urban,Low,29.3,1.101,0,172.48,12.08,43.86,normal
V005,2026-08-22T10:51:37,Bus,4,7.2,12573.7,Diesel,19.082447,72.901786,23.2,-1.2,2269.0,2,0.0,36.0,34.1,-0.67,Urban,Low,26.4,1.107,0,172.48,8.84,38.09,normal
V005,2026-08-22T10:51:38,Bus,4,7.2,12573.7,Diesel,19.082495,72.901823,18.9,-1.2,1977.0,2,0.0,36.0,33.9,-0.79,Urban,Low,27.8,1.113,0,172.48,7.64,40.42,normal
V005,2026-08-22T10:51:39,Bus,4,7.2,12573.7,Diesel,19.082553,72.90187,23.2,1.2,2321.0,2,50.0,0.0,70.6,2.12,Urban,Low,27.8,1.119,0,172.47,10.72,46.16,normal
V005,2026-08-22T10:51:40,Bus,4,7.2,12573.7,Diesel,19.082615,72.90192,25.1,0.51,2417.0,2,32.7,0.0,53.1,-1.13,Urban,Low,30.1,1.126,0,172.47,9.14,36.5,normal
V005,2026-08-22T10:51:41,Bus,4,7.2,12573.7,Diesel,19.082678,72.90197,25.2,0.03,2426.0,2,20.9,0.0,45.2,-1.67,Urban,Low,29.5,1.133,0,172.47,9.42,37.42,normal
V005,2026-08-22T10:51:42,Bus,4,7.2,12573.7,Diesel,19.082752,72.902029,29.5,1.2,2633.0,2,50.0,0.0,58.9,-4.33,Urban,Low,26.7,1.141,0,172.47,8.93,30.29,normal
V005,2026-08-22T10:51:43,Bus,4,7.2,12573.7,Diesel,19.082837,72.902097,33.8,1.2,2991.0,2,50.0,0.0,69.8,1.84,Urban,Low,27.9,1.151,0,172.46,13.4,39.63,normal
V005,2026-08-22T10:51:44,Bus,4,7.2,12573.7,Diesel,19.082932,72.902173,38.1,1.2,2397.0,3,50.0,0.0,64.8,-0.11,Urban,Low,29.2,1.161,0,172.46,13.67,35.83,normal
V005,2026-08-22T10:51:45,Bus,4,7.2,12573.7,Diesel,19.083038,72.902258,42.5,1.2,2606.0,3,50.0,0.0,63.8,-0.87,Urban,Low,26.9,1.173,0,172.45,13.32,31.38,normal
V005,2026-08-22T10:51:46,Bus,4,7.2,12573.7,Diesel,19.083155,72.902352,46.8,1.2,2790.0,3,50.0,0.0,65.0,-0.03,Urban,Low,28.9,1.186,0,172.45,15.46,33.05,normal
V005,2026-08-22T10:51:47,Bus,4,7.2,12573.7,Diesel,19.083261,72.902437,42.5,-1.2,2620.0,3,0.0,36.0,34.7,-0.19,Urban,Low,30.3,1.198,0,172.45,14.76,34.75,normal
V005,2026-08-22T10:51:48,Bus,4,7.2,12573.7,Diesel,19.083378,72.90253,46.8,1.2,2831.0,3,50.0,0.0,66.2,0.44,Urban,Low,26.3,1.211,0,172.44,16.52,35.31,normal
V005,2026-08-22T10:51:49,Bus,4,7.2,12573.7,Diesel,19.083506,72.902632,51.1,1.2,2997.0,3,50.0,0.0,66.4,0.52,Urban,Low,31.2,1.225,0,172.44,16.89,33.05,normal
V005,2026-08-22T10:51:50,Bus,4,7.2,12573.7,Diesel,19.083644,72.902743,55.4,1.2,2591.0,4,50.0,0.0,66.0,0.39,Urban,Low,32.4,1.24,0,172.43,18.28,32.99,normal
V005,2026-08-22T10:51:51,Bus,4,7.2,12573.7,Diesel,19.083772,72.902845,51.1,-1.2,2992.0,3,0.0,36.0,36.2,0.45,Urban,Low,28.1,1.255,0,172.43,16.81,32.89,normal
V005,2026-08-22T10:51:52,Bus,4,7.2,12573.7,Diesel,19.083889,72.902939,46.8,-1.2,2782.0,3,0.0,36.0,31.5,-2.52,Urban,Low,29.3,1.268,0,172.42,13.72,29.32,normal
V005,2026-08-22T10:51:53,Bus,4,7.2,12573.7,Diesel,19.084009,72.903035,47.9,0.32,2912.0,3,28.0,0.0,51.3,-0.37,Urban,Low,25.5,1.281,0,172.42,15.69,32.73,normal
V005,2026-08-22T10:51:54,Bus,4,7.2,12573.7,Diesel,19.084118,72.903122,43.6,-1.2,2646.0,3,0.0,36.0,35.9,0.33,Urban,Low,28.3,1.293,0,172.42,15.3,35.09,normal
V005,2026-08-22T10:51:55,Bus,4,7.2,12573.7,Diesel,19.084233,72.903214,46.0,0.65,2680.0,3,36.2,0.0,59.4,1.01,Urban,Low,28.3,1.306,0,172.41,15.96,34.74,normal
V005,2026-08-22T10:51:56,Bus,4,7.2,12573.7,Diesel,19.084359,72.903315,50.3,1.2,2984.0,3,50.0,0.0,63.7,-0.91,Urban,Low,27.8,1.32,0,172.41,16.39,32.61,normal
V005,2026-08-22T10:51:57,Bus,4,7.2,12573.7,Diesel,19.084495,72.903424,54.6,1.2,2542.0,4,50.0,0.0,67.8,1.06,Urban,Low,26.4,1.335,0,172.4,19.03,34.86,normal
V005,2026-08-22T10:51:58,Bus,4,7.2,12573.7,Diesel,19.084624,72.903527,51.5,-0.87,3000.0,3,0.0,26.0,34.7,-0.24,Urban,Low,27.1,1.349,0,172.4,16.86,32.75,normal
V005,2026-08-22T10:51:59,Bus,4,7.2,12573.7,Diesel,19.084742,72.903621,47.2,-1.2,2850.0,3,0.0,36.0,35.6,0.23,Urban,Low,29.0,1.362,0,172.39,15.54,32.95,normal
V005,2026-08-22T12:50:00,Bus,4,7.2,12310.7,Diesel,19.058936,72.915878,38.1,-0.18,3000.0,2,67.8,0.0,86.5,0.4,Highway,Medium,27.8,0.011,0,167.77,28.23,74.18,excessive_revving
V005,2026-08-22T12:50:01,Bus,4,7.2,12310.7,Diesel,19.059029,72.915953,37.3,-0.22,3000.0,2,88.1,0.0,80.3,0.5,Highway,Medium,29.9,0.021,0,167.76,27.64,74.18,excessive_revving
V005,2026-08-22T12:50:02,Bus,4,7.2,12310.7,Diesel,19.059118,72.916024,35.5,-0.48,3000.0,2,70.6,0.0,87.7,-0.96,Highway,Medium,31.0,0.031,0,167.75,26.37,74.18,excessive_revving
V005,2026-08-22T12:50:03,Bus,4,7.2,12310.7,Diesel,19.059207,72.916095,35.6,0.01,3000.0,2,67.4,0.0,77.5,-0.54,Highway,Medium,27.6,0.041,0,167.74,26.4,74.18,excessive_revving
V005,2026-08-22T12:50:04,Bus,4,7.2,12310.7,Diesel,19.059292,72.916163,34.0,-0.43,3000.0,1,88.7,0.0,81.5,-0.14,Highway,Medium,29.4,0.05,0,167.74,25.25,74.18,excessive_revving
V005,2026-08-22T12:50:05,Bus,4,7.2,12310.7,Diesel,19.059377,72.916231,34.0,-0.01,3000.0,1,69.2,0.0,85.4,0.22,Highway,Medium,27.9,0.06,0,167.73,25.22,74.18,excessive_revving
V005,2026-08-22T12:50:06,Bus,4,7.2,12310.7,Diesel,19.059465,72.916302,35.4,0.39,3000.0,2,71.1,0.0,76.8,-0.87,Highway,Medium,27.1,0.069,0,167.72,26.26,74.18,excessive_revving
V005,2026-08-22T12:50:07,Bus,4,7.2,12310.7,Diesel,19.059555,72.916374,36.1,0.18,3000.0,2,88.2,0.0,84.9,1.59,Highway,Medium,25.2,0.079,0,167.71,26.75,74.18,excessive_revving
V005,2026-08-22T12:50:08,Bus,4,7.2,12310.7,Diesel,19.059645,72.916446,35.8,-0.07,3000.0,2,80.8,0.0,73.4,-0.86,Highway,Medium,30.7,0.089,0,167.71,26.57,74.18,excessive_revving
V005,2026-08-22T12:50:09,Bus,4,7.2,12310.7,Diesel,19.059738,72.91652,37.2,0.39,3000.0,2,76.8,0.0,74.2,0.74,Highway,Medium,29.4,0.1,0,167.7,27.62,74.18,excessive_revving
V005,2026-08-22T12:50:10,Bus,4,7.2,12310.7,Diesel,19.059827,72.916592,35.8,-0.41,3000.0,2,78.4,0.0,85.5,-0.13,Highway,Medium,27.7,0.11,0,167.69,26.53,74.18,excessive_revving
V005,2026-08-22T12:50:11,Bus,4,7.2,12310.7,Diesel,19.059916,72.916662,35.3,-0.13,3000.0,2,79.7,0.0,82.6,0.75,Highway,Medium,28.4,0.119,0,167.68,26.19,74.18,excessive_revving
V005,2026-08-22T12:50:12,Bus,4,7.2,12310.7,Diesel,19.060008,72.916736,37.0,0.46,3000.0,2,66.2,0.0,78.0,0.01,Highway,Medium,29.6,0.13,0,167.68,27.42,74.18,excessive_revving
V005,2026-08-22T12:50:13,Bus,4,7.2,12310.7,Diesel,19.060104,72.916813,38.3,0.36,3000.0,2,88.6,0.0,87.4,-0.2,Highway,Medium,28.4,0.14,0,167.67,28.38,74.18,excessive_revving
V005,2026-08-22T12:50:14,Bus,4,7.2,12310.7,Diesel,19.0602,72.91689,38.4,0.03,3000.0,2,76.3,0.0,89.0,1.41,Highway,Medium,28.1,0.151,0,167.66,28.46,74.18,excessive_revving
V005,2026-08-22T12:50:15,Bus,4,7.2,12310.7,Diesel,19.060292,72.916963,36.9,-0.4,3000.0,2,84.7,0.0,85.4,-0.02,Highway,Medium,26.5,0.161,0,167.65,27.4,74.18,excessive_revving
V005,2026-08-22T12:50:16,Bus,4,7.2,12310.7,Diesel,19.060382,72.917036,36.0,-0.25,3000.0,2,74.8,0.0,85.8,0.0,Highway,Medium,30.4,0.171,0,167.65,26.74,74.18,excessive_revving
V005,2026-08-22T12:50:17,Bus,4,7.2,12310.7,Diesel,19.060476,72.91711,37.4,0.38,3000.0,2,85.9,0.0,75.0,-0.38,Highway,Medium,29.7,0.182,0,167.64,27.76,74.18,excessive_revving
V005,2026-08-22T12:50:18,Bus,4,7.2,12310.7,Diesel,19.060568,72.917184,36.8,-0.18,3000.0,2,76.0,0.0,81.0,-1.07,Highway,Medium,25.6,0.192,0,167.63,27.29,74.18,excessive_revving
V005,2026-08-22T12:50:19,Bus,4,7.2,12310.7,Diesel,19.060659,72.917257,36.4,-0.1,3000.0,2,73.7,0.0,79.4,0.3,Highway,Medium,29.5,0.202,0,167.62,27.01,74.18,excessive_revving
V005,2026-08-22T12:50:20,Bus,4,7.2,12310.7,Diesel,19.060748,72.917328,35.7,-0.2,3000.0,2,76.2,0.0,72.9,-0.32,Highway,Medium,28.1,0.212,0,167.62,26.48,74.18,excessive_revving
V005,2026-08-22T12:50:21,Bus,4,7.2,12310.7,Diesel,19.060835,72.917398,34.8,-0.25,3000.0,1,83.9,0.0,77.7,-0.96,Highway,Medium,29.8,0.222,0,167.61,25.8,74.18,excessive_revving
V005,2026-08-22T12:50:22,Bus,4,7.2,12310.7,Diesel,19.060922,72.917467,34.8,0.01,3000.0,1,74.5,0.0,85.8,1.07,Highway,Medium,25.9,0.231,0,167.6,25.83,74.18,excessive_revving
V005,2026-08-22T12:50:23,Bus,4,7.2,12310.7,Diesel,19.061012,72.917539,35.9,0.3,3000.0,2,67.3,0.0,89.7,0.5,Highway,Medium,29.1,0.241,0,167.59,26.62,74.18,excessive_revving
V005,2026-08-22T12:50:24,Bus,4,7.2,12310.7,Diesel,19.061102,72.917611,36.0,0.03,3000.0,2,78.5,0.0,87.3,-0.92,Highway,Medium,28.1,0.251,0,167.59,26.71,74.18,excessive_revving
V005,2026-08-22T12:50:25,Bus,4,7.2,12310.7,Diesel,19.061195,72.917686,37.4,0.38,3000.0,2,82.6,0.0,85.0,1.44,Highway,Medium,27.8,0.262,0,167.58,27.73,74.18,excessive_revving
V005,2026-08-22T12:50:26,Bus,4,7.2,12310.7,Diesel,19.061289,72.917761,37.6,0.08,3000.0,2,74.1,0.0,88.2,-1.44,Highway,Medium,27.8,0.272,0,167.57,27.93,74.18,excessive_revving
V005,2026-08-22T12:50:27,Bus,4,7.2,12310.7,Diesel,19.061383,72.917836,37.5,-0.03,3000.0,2,72.3,0.0,87.0,-0.46,Highway,Medium,28.4,0.282,0,167.56,27.85,74.18,excessive_revving
V005,2026-08-22T12:50:28,Bus,4,7.2,12310.7,Diesel,19.061477,72.917911,37.5,-0.0,3000.0,2,70.0,0.0,85.9,-0.46,Highway,Medium,27.9,0.293,0,167.56,27.84,74.18,excessive_revving
V005,2026-08-22T12:50:29,Bus,4,7.2,12310.7,Diesel,19.061567,72.917983,36.1,-0.41,3000.0,2,73.3,0.0,76.2,-1.22,Highway,Medium,28.8,0.303,0,167.55,26.76,74.18,excessive_revving
V005,2026-08-22T12:50:30,Bus,4,7.2,12310.7,Diesel,19.061655,72.918054,35.2,-0.23,3000.0,2,72.3,0.0,85.3,-0.85,Highway,Medium,27.6,0.313,0,167.54,26.13,74.18,excessive_revving
V005,2026-08-22T12:50:31,Bus,4,7.2,12310.7,Diesel,19.061743,72.918125,35.4,0.03,3000.0,2,90.0,0.0,79.8,0.63,Highway,Medium,28.1,0.323,0,167.53,26.23,74.18,excessive_revving
V005,2026-08-22T12:50:32,Bus,4,7.2,12310.7,Diesel,19.061834,72.918197,36.1,0.2,3000.0,2,71.3,0.0,80.3,0.08,Highway,Medium,29.2,0.333,0,167.53,26.75,74.18,excessive_revving
V005,2026-08-22T12:50:33,Bus,4,7.2,12310.7,Diesel,19.061925,72.91827,36.4,0.11,3000.0,2,86.1,0.0,76.2,-0.99,Highway,Medium,29.5,0.343,0,167.52,27.03,74.18,excessive_revving
V005,2026-08-22T12:50:34,Bus,4,7.2,12310.7,Diesel,19.062015,72.918342,36.1,-0.09,3000.0,2,71.1,0.0,78.2,0.9,Highway,Medium,27.0,0.353,0,167.51,26.78,74.18,excessive_revving
V005,2026-08-22T12:50:35,Bus,4,7.2,12310.7,Diesel,19.062109,72.918417,37.6,0.41,3000.0,2,79.6,0.0,87.3,-0.07,Highway,Medium,28.7,0.363,0,167.5,27.87,74.18,excessive_revving
V005,2026-08-22T12:50:36,Bus,4,7.2,12310.7,Diesel,19.062201,72.91849,36.8,-0.23,3000.0,2,70.6,0.0,73.9,0.63,Highway,Medium,26.6,0.373,0,167.5,27.27,74.18,excessive_revving
V005,2026-08-22T12:50:37,Bus,4,7.2,12310.7,Diesel,19.062288,72.91856,34.9,-0.52,3000.0,1,80.1,0.0,75.5,0.72,Highway,Medium,27.3,0.383,0,167.49,25.89,74.18,excessive_revving
V005,2026-08-22T12:50:38,Bus,4,7.2,12310.7,Diesel,19.062376,72.91863,35.0,0.03,3000.0,2,70.4,0.0,87.4,0.59,Highway,Medium,28.0,0.393,0,167.48,25.97,74.18,excessive_revving
V005,2026-08-22T12:50:39,Bus,4,7.2,12310.7,Diesel,19.062458,72.918696,33.0,-0.57,3000.0,1,81.3,0.0,80.5,-0.13,Highway,Medium,27.0,0.402,0,167.48,24.44,74.18,excessive_revving
V005,2026-08-22T12:50:40,Bus,4,7.2,12310.7,Diesel,19.062541,72.918762,33.1,0.04,3000.0,1,67.9,0.0,85.5,-0.29,Highway,Medium,28.6,0.411,0,167.47,24.56,74.18,excessive_revving
V005,2026-08-22T12:50:41,Bus,4,7.2,12310.7,Diesel,19.062625,72.91883,33.6,0.14,3000.0,1,74.0,0.0,75.0,-0.53,Highway,Medium,26.5,0.42,0,167.46,24.92,74.18,excessive_revving
V005,2026-08-22T12:50:42,Bus,4,7.2,12310.7,Diesel,19.062711,72.918899,34.7,0.29,3000.0,1,83.4,0.0,88.9,-0.11,Highway,Medium,29.0,0.43,0,167.45,25.71,74.18,excessive_revving
V005,2026-08-22T12:50:43,Bus,4,7.2,12310.7,Diesel,19.0628,72.91897,35.5,0.22,3000.0,2,89.2,0.0,79.6,0.59,Highway,Medium,25.9,0.44,0,167.45,26.31,74.18,excessive_revving
V005,2026-08-22T12:50:44,Bus,4,7.2,12310.7,Diesel,19.062888,72.919041,35.4,-0.03,3000.0,2,84.0,0.0,75.0,-0.79,Highway,Medium,28.4,0.45,0,167.44,26.24,74.18,excessive_revving
V005,2026-08-22T12:50:45,Bus,4,7.2,12310.7,Diesel,19.062977,72.919112,35.6,0.06,3000.0,2,81.6,0.0,84.0,-1.31,Highway,Medium,26.4,0.46,0,167.43,26.39,74.18,excessive_revving
V005,2026-08-22T12:50:46,Bus,4,7.2,12310.7,Diesel,19.063065,72.919182,35.2,-0.12,3000.0,2,75.1,0.0,84.0,0.25,Highway,Medium,26.9,0.469,0,167.43,26.08,74.18,excessive_revving
V005,2026-08-22T12:50:47,Bus,4,7.2,12310.7,Diesel,19.06315,72.91925,34.1,-0.29,3000.0,1,84.0,0.0,78.3,0.11,Highway,Medium,26.7,0.479,0,167.42,25.3,74.18,excessive_revving
V005,2026-08-22T12:50:48,Bus,4,7.2,12310.7,Diesel,19.063236,72.919319,34.2,0.02,3000.0,1,71.2,0.0,73.7,-0.65,Highway,Medium,30.2,0.488,0,167.41,25.34,74.18,excessive_revving
V005,2026-08-22T12:50:49,Bus,4,7.2,12310.7,Diesel,19.063325,72.91939,35.7,0.42,3000.0,2,74.6,0.0,72.3,-0.6,Highway,Medium,25.9,0.498,0,167.4,26.47,74.18,excessive_revving
V005,2026-08-22T12:50:50,Bus,4,7.2,12310.7,Diesel,19.063412,72.919459,34.7,-0.27,3000.0,1,88.6,0.0,70.6,0.15,Highway,Medium,26.2,0.508,0,167.4,25.75,74.18,excessive_revving
V005,2026-08-22T12:50:51,Bus,4,7.2,12310.7,Diesel,19.063494,72.919525,33.0,-0.49,3000.0,1,65.7,0.0,73.1,-0.06,Highway,Medium,27.5,0.517,0,167.39,24.44,74.18,excessive_revving
V005,2026-08-22T12:50:52,Bus,4,7.2,12310.7,Diesel,19.063578,72.919593,33.6,0.19,3000.0,1,72.0,0.0,85.9,0.37,Highway,Medium,26.1,0.526,0,167.38,24.95,74.18,excessive_revving
V005,2026-08-22T12:50:53,Bus,4,7.2,12310.7,Diesel,19.063662,72.91966,33.5,-0.03,3000.0,1,66.2,0.0,75.2,0.87,Highway,Medium,26.7,0.536,0,167.38,24.87,74.18,excessive_revving
V005,2026-08-22T12:50:54,Bus,4,7.2,12310.7,Diesel,19.063745,72.919726,33.1,-0.11,3000.0,1,74.7,0.0,78.1,0.46,Highway,Medium,28.1,0.545,0,167.37,24.57,74.18,excessive_revving
V005,2026-08-22T12:50:55,Bus,4,7.2,12310.7,Diesel,19.063828,72.919792,33.1,-0.01,3000.0,1,65.2,0.0,87.0,1.08,Highway,Medium,26.1,0.554,0,167.36,24.55,74.18,excessive_revving
V005,2026-08-22T12:50:56,Bus,4,7.2,12310.7,Diesel,19.063911,72.919859,33.5,0.11,3000.0,1,81.9,0.0,77.4,0.09,Highway,Medium,28.3,0.563,0,167.36,24.84,74.18,excessive_revving
V005,2026-08-22T12:50:57,Bus,4,7.2,12310.7,Diesel,19.063993,72.919924,32.5,-0.27,3000.0,1,85.9,0.0,85.4,-0.06,Highway,Medium,26.8,0.572,0,167.35,24.13,74.18,excessive_revving
V005,2026-08-22T12:50:58,Bus,4,7.2,12310.7,Diesel,19.064075,72.91999,33.0,0.13,3000.0,1,87.4,0.0,82.2,0.49,Highway,Medium,29.9,0.582,0,167.34,24.47,74.18,excessive_revving
V005,2026-08-22T12:50:59,Bus,4,7.2,12310.7,Diesel,19.064159,72.920057,33.5,0.14,3000.0,1,79.7,0.0,72.4,0.52,Highway,Medium,28.2,0.591,0,167.34,24.85,74.18,excessive_revving
V005,2026-08-22T12:51:00,Bus,4,7.2,12310.7,Diesel,19.064242,72.920124,33.3,-0.05,3000.0,1,84.0,0.0,73.2,1.63,Highway,Medium,28.5,0.6,0,167.33,24.72,74.18,excessive_revving
V005,2026-08-22T12:51:01,Bus,4,7.2,12310.7,Diesel,19.064329,72.920193,34.5,0.33,3000.0,1,81.8,0.0,86.6,-0.9,Highway,Medium,30.4,0.61,0,167.32,25.61,74.18,excessive_revving
V005,2026-08-22T12:51:02,Bus,4,7.2,12310.7,Diesel,19.06441,72.920258,32.5,-0.56,3000.0,1,69.3,0.0,81.0,-0.05,Highway,Medium,28.9,0.619,0,167.31,24.11,74.18,excessive_revving
V005,2026-08-22T12:51:03,Bus,4,7.2,12310.7,Diesel,19.064492,72.920323,32.7,0.06,3000.0,1,68.6,0.0,85.1,-1.36,Highway,Medium,24.5,0.628,0,167.31,24.28,74.18,excessive_revving
V005,2026-08-22T12:51:04,Bus,4,7.2,12310.7,Diesel,19.064574,72.920389,32.8,0.03,3000.0,1,85.3,0.0,81.5,-0.33,Highway,Medium,26.6,0.637,0,167.3,24.35,74.18,excessive_revving
V005,2026-08-22T12:51:05,Bus,4,7.2,12310.7,Diesel,19.06465,72.92045,30.5,-0.65,3000.0,1,72.7,0.0,87.1,-0.16,Highway,Medium,27.4,0.646,0,167.29,22.63,74.18,excessive_revving
V005,2026-08-22T12:51:06,Bus,4,7.2,12310.7,Diesel,19.064728,72.920513,31.4,0.24,3000.0,1,78.1,0.0,83.5,0.73,Highway,Medium,27.1,0.654,0,167.29,23.27,74.18,excessive_revving
V005,2026-08-22T12:51:07,Bus,4,7.2,12310.7,Diesel,19.064808,72.920576,31.7,0.09,3000.0,1,85.2,0.0,70.3,0.25,Highway,Medium,28.0,0.663,0,167.28,23.51,74.18,excessive_revving
V005,2026-08-22T12:51:08,Bus,4,7.2,12310.7,Diesel,19.064883,72.920636,30.1,-0.45,3000.0,1,66.5,0.0,84.9,0.34,Highway,Medium,29.7,0.671,0,167.28,22.3,74.18,excessive_revving
V005,2026-08-22T12:51:09,Bus,4,7.2,12310.7,Diesel,19.064959,72.920697,30.6,0.14,3000.0,1,88.4,0.0,76.5,-0.8,Highway,Medium,31.8,0.68,0,167.27,22.68,74.18,excessive_revving
V005,2026-08-22T12:51:10,Bus,4,7.2,12310.7,Diesel,19.065038,72.92076,31.5,0.25,3000.0,1,78.6,0.0,82.9,-0.82,Highway,Medium,25.5,0.689,0,167.26,23.34,74.18,excessive_revving
V005,2026-08-22T12:51:11,Bus,4,7.2,12310.7,Diesel,19.065115,72.920822,30.8,-0.17,3000.0,1,72.7,0.0,72.2,-0.27,Highway,Medium,24.6,0.697,0,167.26,22.88,74.18,excessive_revving
V005,2026-08-22T12:51:12,Bus,4,7.2,12310.7,Diesel,19.06519,72.920882,29.9,-0.26,3000.0,1,75.1,0.0,80.7,0.74,Highway,Medium,26.8,0.705,0,167.25,22.18,74.18,excessive_revving
V005,2026-08-22T12:51:13,Bus,4,7.2,12310.7,Diesel,19.065265,72.920942,30.0,0.04,3000.0,1,86.5,0.0,85.2,0.17,Highway,Medium,29.3,0.714,0,167.24,22.28,74.18,excessive_revving
V005,2026-08-22T12:51:14,Bus,4,7.2,12310.7,Diesel,19.065345,72.921006,32.0,0.55,3000.0,1,66.7,0.0,81.4,-0.1,Highway,Medium,29.0,0.723,0,167.24,23.76,74.18,excessive_revving
V005,2026-08-22T12:51:15,Bus,4,7.2,12310.7,Diesel,19.065424,72.921069,31.5,-0.16,3000.0,1,89.7,0.0,77.6,0.53,Highway,Medium,30.9,0.731,0,167.23,23.33,74.18,excessive_revving
V005,2026-08-22T12:51:16,Bus,4,7.2,12310.7,Diesel,19.065502,72.921131,31.2,-0.06,3000.0,1,82.5,0.0,73.7,-0.48,Highway,Medium,28.9,0.74,0,167.22,23.18,74.18,excessive_revving
V005,2026-08-22T12:51:17,Bus,4,7.2,12310.7,Diesel,19.065583,72.921196,32.6,0.38,3000.0,1,81.0,0.0,75.5,0.06,Highway,Medium,27.2,0.749,0,167.22,24.18,74.18,excessive_revving
V005,2026-08-22T12:51:18,Bus,4,7.2,12310.7,Diesel,19.065667,72.921264,33.7,0.3,3000.0,1,72.8,0.0,77.1,-0.85,Highway,Medium,27.4,0.759,0,167.21,24.97,74.18,excessive_revving
V005,2026-08-22T12:51:19,Bus,4,7.2,12310.7,Diesel,19.06575,72.92133,32.9,-0.21,3000.0,1,89.7,0.0,78.5,-0.57,Highway,Medium,23.8,0.768,0,167.2,24.42,74.18,excessive_revving
V005,2026-08-22T12:51:20,Bus,4,7.2,12310.7,Diesel,19.065831,72.921395,32.7,-0.07,3000.0,1,67.8,0.0,76.5,0.17,Highway,Medium,28.0,0.777,0,167.2,24.24,74.18,excessive_revving
V005,2026-08-22T12:51:21,Bus,4,7.2,12310.7,Diesel,19.065907,72.921456,30.4,-0.63,3000.0,1,65.2,0.0,84.5,-0.44,Highway,Medium,28.1,0.785,0,167.19,22.55,74.18,excessive_revving
V005,2026-08-22T12:51:22,Bus,4,7.2,12310.7,Diesel,19.065986,72.921518,31.3,0.25,3000.0,1,73.8,0.0,79.2,-1.02,Highway,Medium,27.5,0.794,0,167.18,23.23,74.18,excessive_revving
V005,2026-08-22T12:51:23,Bus,4,7.2,12310.7,Diesel,19.066068,72.921585,33.1,0.5,3000.0,1,87.9,0.0,88.6,1.46,Highway,Medium,29.7,0.803,0,167.18,24.55,74.18,excessive_revving
V005,2026-08-22T12:51:24,Bus,4,7.2,12310.7,Diesel,19.066148,72.921649,32.0,-0.31,3000.0,1,76.8,0.0,78.2,-0.26,Highway,Medium,28.5,0.812,0,167.17,23.73,74.18,excessive_revving
V005,2026-08-22T12:51:25,Bus,4,7.2,12310.7,Diesel,19.066224,72.921709,30.2,-0.5,3000.0,1,70.7,0.0,75.7,0.71,Highway,Medium,27.3,0.82,0,167.16,22.38,74.18,excessive_revving
V005,2026-08-22T12:51:26,Bus,4,7.2,12310.7,Diesel,19.066299,72.921769,30.2,0.0,3000.0,1,74.4,0.0,84.2,-0.06,Highway,Medium,29.6,0.829,0,167.16,22.39,74.18,excessive_revving
V005,2026-08-22T12:51:27,Bus,4,7.2,12310.7,Diesel,19.066375,72.92183,30.4,0.05,3000.0,1,70.6,0.0,76.8,-1.61,Highway,Medium,26.7,0.837,0,167.15,22.52,74.18,excessive_revving
V005,2026-08-22T12:51:28,Bus,4,7.2,12310.7,Diesel,19.066455,72.921894,31.9,0.43,3000.0,1,82.9,0.0,88.8,-0.76,Highway,Medium,31.7,0.846,0,167.15,23.66,74.18,excessive_revving
V005,2026-08-22T12:51:29,Bus,4,7.2,12310.7,Diesel,19.066533,72.921956,31.2,-0.2,3000.0,1,89.7,0.0,84.3,-0.39,Highway,Medium,27.9,0.855,0,167.14,23.13,74.18,excessive_revving
V005,2026-08-22T12:51:30,Bus,4,7.2,12310.7,Diesel,19.066616,72.922022,33.1,0.54,3000.0,1,66.3,0.0,89.0,-0.04,Highway,Medium,30.9,0.864,0,167.13,24.57,74.18,excessive_revving
V005,2026-08-22T12:51:31,Bus,4,7.2,12310.7,Diesel,19.066696,72.922087,32.2,-0.25,3000.0,1,87.9,0.0,73.2,1.43,Highway,Medium,26.4,0.873,0,167.13,23.89,74.18,excessive_revving
V005,2026-08-22T12:51:32,Bus,4,7.2,12310.7,Diesel,19.066777,72.922151,32.2,0.0,3000.0,1,78.6,0.0,87.2,0.5,Highway,Medium,28.2,0.882,0,167.12,23.9,74.18,excessive_revving
V005,2026-08-22T12:51:33,Bus,4,7.2,12310.7,Diesel,19.066855,72.922214,31.5,-0.21,3000.0,1,81.2,0.0,73.9,0.12,Highway,Medium,27.1,0.891,0,167.11,23.34,74.18,excessive_revving
V005,2026-08-22T12:51:34,Bus,4,7.2,12310.7,Diesel,19.066942,72.922283,34.6,0.86,3000.0,1,84.7,0.0,79.0,0.16,Highway,Medium,27.3,0.9,0,167.11,25.63,74.18,excessive_revving
V005,2026-08-22T12:51:35,Bus,4,7.2,12310.7,Diesel,19.06703,72.922354,35.2,0.17,3000.0,2,68.7,0.0,74.2,1.16,Highway,Medium,28.1,0.91,0,167.1,26.08,74.18,excessive_revving
V005,2026-08-22T12:51:36,Bus,4,7.2,12310.7,Diesel,19.06712,72.922426,36.1,0.27,3000.0,2,77.6,0.0,86.2,2.33,Highway,Medium,28.9,0.92,0,167.09,26.79,74.18,excessive_revving
V005,2026-08-22T12:51:37,Bus,4,7.2,12310.7,Diesel,19.067208,72.922496,35.3,-0.24,3000.0,2,77.6,0.0,82.2,-0.6,Highway,Medium,28.2,0.93,0,167.08,26.16,74.18,excessive_revving
V005,2026-08-22T12:51:38,Bus,4,7.2,12310.7,Diesel,19.067293,72.922565,34.1,-0.32,3000.0,1,83.4,0.0,82.7,-0.01,Highway,Medium,28.6,0.939,0,167.08,25.32,74.18,excessive_revving
V005,2026-08-22T12:51:39,Bus,4,7.2,12310.7,Diesel,19.067379,72.922633,34.4,0.07,3000.0,1,80.4,0.0,75.3,1.21,Highway,Medium,27.8,0.949,0,167.07,25.51,74.18,excessive_revving
V005,2026-08-22T12:51:40,Bus,4,7.2,12310.7,Diesel,19.067467,72.922703,34.9,0.14,3000.0,1,72.7,0.0,78.2,-0.8,Highway,Medium,27.9,0.958,0,167.06,25.88,74.18,excessive_revving
V005,2026-08-22T12:51:41,Bus,4,7.2,12310.7,Diesel,19.067552,72.922771,34.1,-0.23,3000.0,1,72.8,0.0,77.3,0.85,Highway,Medium,27.0,0.968,0,167.06,25.28,74.18,excessive_revving
V005,2026-08-22T12:51:42,Bus,4,7.2,12310.7,Diesel,19.067631,72.922835,31.7,-0.67,3000.0,1,81.3,0.0,73.7,-0.13,Highway,Medium,26.9,0.977,0,167.05,23.49,74.18,excessive_revving
V005,2026-08-22T12:51:43,Bus,4,7.2,12310.7,Diesel,19.067712,72.9229,32.5,0.24,3000.0,1,65.4,0.0,87.3,-0.63,Highway,Medium,26.7,0.986,0,167.04,24.12,74.18,excessive_revving
V005,2026-08-22T12:51:44,Bus,4,7.2,12310.7,Diesel,19.067791,72.922962,31.4,-0.32,3000.0,1,80.1,0.0,77.9,-0.75,Highway,Medium,28.6,0.994,0,167.04,23.26,74.18,excessive_revving
V005,2026-08-22T12:51:45,Bus,4,7.2,12310.7,Diesel,19.06787,72.923026,31.9,0.15,3000.0,1,87.8,0.0,77.1,0.4,Highway,Medium,26.5,1.003,0,167.03,23.66,74.18,excessive_revving
V005,2026-08-22T12:51:46,Bus,4,7.2,12310.7,Diesel,19.06795,72.92309,32.0,0.04,3000.0,1,73.3,0.0,81.5,0.42,Highway,Medium,28.9,1.012,0,167.02,23.76,74.18,excessive_revving
V005,2026-08-22T12:51:47,Bus,4,7.2,12310.7,Diesel,19.06803,72.923154,31.8,-0.05,3000.0,1,72.5,0.0,73.0,-0.79,Highway,Medium,28.1,1.021,0,167.02,23.62,74.18,excessive_revving
V005,2026-08-22T12:51:48,Bus,4,7.2,12310.7,Diesel,19.068108,72.923217,31.3,-0.14,3000.0,1,82.2,0.0,70.3,-0.12,Highway,Medium,29.4,1.03,0,167.01,23.25,74.18,excessive_revving
V005,2026-08-22T12:51:49,Bus,4,7.2,12310.7,Diesel,19.068191,72.923282,32.9,0.43,3000.0,1,69.3,0.0,85.0,1.08,Highway,Medium,31.0,1.039,0,167.0,24.41,74.18,excessive_revving
V005,2026-08-22T12:51:50,Bus,4,7.2,12310.7,Diesel,19.068273,72.923349,33.1,0.05,3000.0,1,82.5,0.0,88.0,0.67,Highway,Medium,25.0,1.048,0,167.0,24.54,74.18,excessive_revving
V005,2026-08-22T12:51:51,Bus,4,7.2,12310.7,Diesel,19.068356,72.923415,33.2,0.04,3000.0,1,80.0,0.0,78.4,0.38,Highway,Medium,26.8,1.057,0,166.99,24.65,74.18,excessive_revving
V005,2026-08-22T12:51:52,Bus,4,7.2,12310.7,Diesel,19.068436,72.923478,31.7,-0.42,3000.0,1,89.6,0.0,86.4,0.4,Highway,Medium,27.0,1.066,0,166.98,23.52,74.18,excessive_revving
V005,2026-08-22T12:51:53,Bus,4,7.2,12310.7,Diesel,19.068512,72.92354,30.7,-0.28,3000.0,1,73.1,0.0,70.6,1.0,Highway,Medium,27.5,1.075,0,166.98,22.78,74.18,excessive_revving
V005,2026-08-22T12:51:54,Bus,4,7.2,12310.7,Diesel,19.068589,72.923601,30.8,0.02,3000.0,1,77.5,0.0,75.6,-0.62,Highway,Medium,29.8,1.083,0,166.97,22.82,74.18,excessive_revving
V005,2026-08-22T12:51:55,Bus,4,7.2,12310.7,Diesel,19.068664,72.923661,29.7,-0.3,3000.0,1,88.9,0.0,75.4,0.82,Highway,Medium,28.5,1.091,0,166.96,22.03,74.18,excessive_revving
V005,2026-08-22T12:51:56,Bus,4,7.2,12310.7,Diesel,19.068738,72.92372,29.7,0.0,3000.0,1,68.7,0.0,76.0,-0.27,Highway,Medium,28.1,1.1,0,166.96,22.04,74.18,excessive_revving
V005,2026-08-22T12:51:57,Bus,4,7.2,12310.7,Diesel,19.068808,72.923777,28.2,-0.42,3000.0,1,89.2,0.0,88.0,-0.2,Highway,Medium,25.8,1.108,0,166.95,20.92,74.18,excessive_revving
V005,2026-08-22T12:51:58,Bus,4,7.2,12310.7,Diesel,19.068877,72.923831,27.4,-0.22,3000.0,1,75.1,0.0,71.3,0.11,Highway,Medium,28.4,1.115,0,166.95,20.34,74.18,excessive_revving
V005,2026-08-22T12:51:59,Bus,4,7.2,12310.7,Diesel,19.068946,72.923887,27.6,0.06,3000.0,1,81.0,0.0,85.3,0.97,Highway,Medium,26.4,1.123,0,166.94,20.5,74.18,excessive_revving
V005,2026-08-22T14:50:00,Bus,4,7.2,13439.7,Diesel,19.046295,72.909422,32.7,2.66,3000.0,1,88.2,0.0,99.6,0.0,Mountain,Low,28.5,0.009,0,261.86,22.8,69.81,harsh_acceleration
V005,2026-08-22T14:50:01,Bus,4,7.2,13439.7,Diesel,19.046402,72.909508,42.7,2.79,3000.0,2,85.5,0.0,90.8,0.16,Mountain,Low,25.7,0.021,0,261.86,27.69,64.84,harsh_acceleration
V005,2026-08-22T14:50:02,Bus,4,7.2,13439.7,Diesel,19.046537,72.909616,54.1,3.17,3000.0,3,99.7,0.0,90.0,0.31,Mountain,Low,28.7,0.036,0,261.85,33.23,61.41,harsh_acceleration
V005,2026-08-22T14:50:03,Bus,4,7.2,13439.7,Diesel,19.046702,72.909748,65.9,3.27,3000.0,3,89.9,0.0,90.1,0.47,Mountain,Low,28.9,0.054,0,261.84,39.77,60.35,harsh_acceleration
V005,2026-08-22T14:50:04,Bus,4,7.2,13439.7,Diesel,19.046891,72.909899,75.6,2.69,3000.0,4,90.5,0.0,88.4,0.63,Mountain,Low,30.3,0.075,0,261.82,46.38,61.35,harsh_acceleration
V005,2026-08-22T14:50:05,Bus,4,7.2,13439.7,Diesel,19.047111,72.910075,88.0,3.46,3000.0,5,88.4,0.0,91.1,0.78,Mountain,Low,29.4,0.1,0,261.81,57.35,65.14,harsh_acceleration
V005,2026-08-22T14:50:06,Bus,4,7.2,13439.7,Diesel,19.047357,72.910272,98.5,2.9,3000.0,5,94.5,0.0,91.6,0.94,Mountain,Low,25.9,0.127,0,261.79,69.4,70.48,harsh_acceleration
V005,2026-08-22T14:50:07,Bus,4,7.2,13439.7,Diesel,19.047619,72.910482,105.0,3.48,3000.0,5,87.7,0.0,94.9,1.09,Mountain,Low,28.6,0.156,0,261.77,78.56,74.82,harsh_acceleration
V005,2026-08-22T14:50:08,Bus,4,7.2,13439.7,Diesel,19.047882,72.910692,105.0,3.12,3000.0,5,97.6,0.0,98.9,1.25,Mountain,Low,29.5,0.185,0,261.74,78.56,74.82,harsh_acceleration
V005,2026-08-22T14:50:09,Bus,4,7.2,13439.7,Diesel,19.048144,72.910902,105.0,3.97,3000.0,5,99.0,0.0,98.5,1.4,Mountain,Low,27.2,0.215,0,261.72,78.56,74.82,harsh_acceleration
V005,2026-08-22T14:50:10,Bus,4,7.2,13439.7,Diesel,19.048407,72.911112,105.0,3.61,3000.0,5,87.3,0.0,95.7,1.55,Mountain,Low,26.3,0.244,0,261.7,78.56,74.82,harsh_acceleration
V005,2026-08-22T14:50:11,Bus,4,7.2,13439.7,Diesel,19.048669,72.911322,105.0,3.5,3000.0,5,91.4,0.0,96.3,1.7,Mountain,Low,28.8,0.273,0,261.68,78.56,74.82,harsh_acceleration
V005,2026-08-22T14:50:12,Bus,4,7.2,13439.7,Diesel,19.048932,72.911532,105.0,3.1,3000.0,5,95.7,0.0,94.0,1.85,Mountain,Low,28.1,0.302,0,261.66,78.56,74.82,harsh_acceleration
V005,2026-08-22T14:50:13,Bus,4,7.2,13439.7,Diesel,19.049194,72.911742,105.0,3.45,3000.0,5,86.7,0.0,97.3,2.0,Mountain,Low,30.6,0.331,0,261.63,78.56,74.82,harsh_acceleration
V005,2026-08-22T14:50:14,Bus,4,7.2,13439.7,Diesel,19.049457,72.911952,105.0,3.06,3000.0,5,97.9,0.0,98.0,2.14,Mountain,Low,29.2,0.36,0,261.61,78.56,74.82,harsh_acceleration
V005,2026-08-22T14:50:15,Bus,4,7.2,13439.7,Diesel,19.049719,72.912162,105.0,4.09,3000.0,5,88.2,0.0,88.5,2.29,Mountain,Low,29.5,0.39,0,261.59,78.56,74.82,harsh_acceleration
V005,2026-08-22T14:50:16,Bus,4,7.2,13439.7,Diesel,19.049982,72.912372,105.0,4.1,3000.0,5,89.2,0.0,92.0,2.43,Mountain,Low,28.6,0.419,0,261.57,78.56,74.82,harsh_acceleration
V005,2026-08-22T14:50:17,Bus,4,7.2,13439.7,Diesel,19.050244,72.912582,105.0,3.16,3000.0,5,94.2,0.0,95.7,2.57,Mountain,Low,27.6,0.448,0,261.55,78.56,74.82,harsh_acceleration
V005,2026-08-22T14:50:18,Bus,4,7.2,13439.7,Diesel,19.050507,72.912792,105.0,3.22,3000.0,5,87.9,0.0,93.2,2.71,Mountain,Low,26.9,0.477,0,261.53,78.56,74.82,harsh_acceleration
V005,2026-08-22T14:50:19,Bus,4,7.2,13439.7,Diesel,19.050769,72.913002,105.0,4.1,3000.0,5,89.3,0.0,89.0,2.84,Mountain,Low,27.5,0.506,0,261.5,78.56,74.82,harsh_acceleration
V005,2026-08-22T14:50:20,Bus,4,7.2,13439.7,Diesel,19.051032,72.913212,105.0,3.84,3000.0,5,96.9,0.0,97.3,2.97,Mountain,Low,29.3,0.535,0,261.48,78.56,74.82,harsh_acceleration
V005,2026-08-22T14:50:21,Bus,4,7.2,13439.7,Diesel,19.051294,72.913422,105.0,3.72,3000.0,5,94.5,0.0,94.1,3.11,Mountain,Low,29.9,0.565,0,261.46,78.56,74.82,harsh_acceleration
V005,2026-08-22T14:50:22,Bus,4,7.2,13439.7,Diesel,19.051557,72.913632,105.0,3.43,3000.0,5,99.4,0.0,92.3,3.23,Mountain,Low,30.3,0.594,0,261.44,78.56,74.82,harsh_acceleration
V005,2026-08-22T14:50:23,Bus,4,7.2,13439.7,Diesel,19.051819,72.913842,105.0,2.8,3000.0,5,86.1,0.0,96.9,3.36,Mountain,Low,29.3,0.623,0,261.42,78.56,74.82,harsh_acceleration
V005,2026-08-22T14:50:24,Bus,4,7.2,13439.7,Diesel,19.052082,72.914052,105.0,3.25,3000.0,5,97.4,0.0,88.8,3.48,Mountain,Low,27.5,0.652,0,261.39,78.56,74.82,harsh_acceleration
V005,2026-08-22T14:50:25,Bus,4,7.2,13439.7,Diesel,19.052344,72.914262,105.0,4.0,3000.0,5,90.8,0.0,97.7,3.6,Mountain,Low,25.4,0.681,0,261.37,78.56,74.82,harsh_acceleration
V005,2026-08-22T14:50:26,Bus,4,7.2,13439.7,Diesel,19.052607,72.914472,105.0,2.71,3000.0,5,87.5,0.0,88.7,3.72,Mountain,Low,29.3,0.71,0,261.35,78.56,74.82,harsh_acceleration
V005,2026-08-22T14:50:27,Bus,4,7.2,13439.7,Diesel,19.052869,72.914682,105.0,3.23,3000.0,5,86.0,0.0,93.7,3.83,Mountain,Low,28.7,0.74,0,261.33,78.56,74.82,harsh_acceleration
V005,2026-08-22T14:50:28,Bus,4,7.2,13439.7,Diesel,19.053132,72.914892,105.0,4.12,3000.0,5,90.7,0.0,100.0,3.95,Mountain,Low,28.6,0.769,0,261.31,78.56,74.82,harsh_acceleration
V005,2026-08-22T14:50:29,Bus,4,7.2,13439.7,Diesel,19.053394,72.915102,105.0,3.52,3000.0,5,89.5,0.0,98.3,4.05,Mountain,Low,28.7,0.798,0,261.29,78.56,74.82,harsh_acceleration
V005,2026-08-22T14:50:30,Bus,4,7.2,13439.7,Diesel,19.053657,72.915312,105.0,2.89,3000.0,5,98.1,0.0,90.6,4.16,Mountain,Low,27.7,0.827,0,261.26,78.56,74.82,harsh_acceleration
V005,2026-08-22T14:50:31,Bus,4,7.2,13439.7,Diesel,19.053919,72.915522,105.0,3.82,3000.0,5,91.9,0.0,94.2,4.26,Mountain,Low,27.5,0.856,0,261.24,78.56,74.82,harsh_acceleration
V005,2026-08-22T14:50:32,Bus,4,7.2,13439.7,Diesel,19.054182,72.915732,105.0,3.79,3000.0,5,90.9,0.0,94.2,4.36,Mountain,Low,28.5,0.885,0,261.22,78.56,74.82,harsh_acceleration
V005,2026-08-22T14:50:33,Bus,4,7.2,13439.7,Diesel,19.054444,72.915942,105.0,3.51,3000.0,5,97.7,0.0,97.2,4.45,Mountain,Low,28.0,0.915,0,261.2,78.56,74.82,harsh_acceleration
V005,2026-08-22T14:50:34,Bus,4,7.2,13439.7,Diesel,19.054707,72.916152,105.0,3.53,3000.0,5,90.3,0.0,95.0,4.54,Mountain,Low,27.6,0.944,0,261.18,78.56,74.82,harsh_acceleration
V005,2026-08-22T14:50:35,Bus,4,7.2,13439.7,Diesel,19.054969,72.916362,105.0,3.87,3000.0,5,94.0,0.0,99.6,4.63,Mountain,Low,29.7,0.973,0,261.15,78.56,74.82,harsh_acceleration
V005,2026-08-22T14:50:36,Bus,4,7.2,13439.7,Diesel,19.055232,72.916572,105.0,3.47,3000.0,5,93.3,0.0,90.5,4.71,Mountain,Low,28.4,1.002,0,261.13,78.56,74.82,harsh_acceleration
V005,2026-08-22T14:50:37,Bus,4,7.2,13439.7,Diesel,19.055494,72.916782,105.0,3.47,3000.0,5,94.9,0.0,98.9,4.79,Mountain,Low,25.8,1.031,0,261.11,78.56,74.82,harsh_acceleration
V005,2026-08-22T14:50:38,Bus,4,7.2,13439.7,Diesel,19.055757,72.916992,105.0,3.01,3000.0,5,100.0,0.0,94.8,4.87,Mountain,Low,29.1,1.06,0,261.09,78.56,74.82,harsh_acceleration
V005,2026-08-22T14:50:39,Bus,4,7.2,13439.7,Diesel,19.056019,72.917202,105.0,3.62,3000.0,5,94.8,0.0,96.7,4.94,Mountain,Low,26.0,1.09,0,261.07,78.56,74.82,harsh_acceleration
V005,2026-08-22T14:50:40,Bus,4,7.2,13439.7,Diesel,19.056282,72.917412,105.0,3.43,3000.0,5,85.7,0.0,98.7,5.0,Mountain,Low,28.8,1.119,0,261.05,78.56,74.82,harsh_acceleration
V005,2026-08-22T14:50:41,Bus,4,7.2,13439.7,Diesel,19.056544,72.917622,105.0,3.56,3000.0,5,85.9,0.0,98.7,5.07,Mountain,Low,29.6,1.148,0,261.02,78.56,74.82,harsh_acceleration
V005,2026-08-22T14:50:42,Bus,4,7.2,13439.7,Diesel,19.056807,72.917832,105.0,3.04,3000.0,5,89.7,0.0,89.2,5.13,Mountain,Low,30.5,1.177,0,261.0,78.56,74.82,harsh_acceleration
V005,2026-08-22T14:50:43,Bus,4,7.2,13439.7,Diesel,19.057069,72.918042,105.0,3.55,3000.0,5,86.4,0.0,90.3,5.18,Mountain,Low,27.2,1.206,0,260.98,78.56,74.82,harsh_acceleration
V005,2026-08-22T14:50:44,Bus,4,7.2,13439.7,Diesel,19.057332,72.918252,105.0,3.53,3000.0,5,88.5,0.0,92.0,5.23,Mountain,Low,28.4,1.235,0,260.96,78.56,74.82,harsh_acceleration
V005,2026-08-22T14:50:45,Bus,4,7.2,13439.7,Diesel,19.057594,72.918462,105.0,2.75,3000.0,5,96.5,0.0,99.1,5.28,Mountain,Low,29.6,1.265,0,260.94,78.56,74.82,harsh_acceleration
V005,2026-08-22T14:50:46,Bus,4,7.2,13439.7,Diesel,19.057857,72.918672,105.0,3.83,3000.0,5,87.0,0.0,97.2,5.32,Mountain,Low,28.2,1.294,0,260.91,78.56,74.82,harsh_acceleration
V005,2026-08-22T14:50:47,Bus,4,7.2,13439.7,Diesel,19.058119,72.918882,105.0,2.98,3000.0,5,89.0,0.0,99.0,5.36,Mountain,Low,25.5,1.323,0,260.89,78.56,74.82,harsh_acceleration
V005,2026-08-22T14:50:48,Bus,4,7.2,13439.7,Diesel,19.058382,72.919092,105.0,2.76,3000.0,5,85.3,0.0,99.2,5.39,Mountain,Low,32.1,1.352,0,260.87,78.56,74.82,harsh_acceleration
V005,2026-08-22T14:50:49,Bus,4,7.2,13439.7,Diesel,19.058644,72.919302,105.0,3.96,3000.0,5,87.2,0.0,93.3,5.42,Mountain,Low,28.7,1.381,0,260.85,78.56,74.82,harsh_acceleration
V005,2026-08-22T14:50:50,Bus,4,7.2,13439.7,Diesel,19.058907,72.919512,105.0,3.41,3000.0,5,93.7,0.0,93.4,5.44,Mountain,Low,26.7,1.41,0,260.83,78.56,74.82,harsh_acceleration
V005,2026-08-22T14:50:51,Bus,4,7.2,13439.7,Diesel,19.059169,72.919722,105.0,2.69,3000.0,5,96.0,0.0,99.5,5.46,Mountain,Low,30.6,1.44,0,260.81,78.56,74.82,harsh_acceleration
V005,2026-08-22T14:50:52,Bus,4,7.2,13439.7,Diesel,19.059432,72.919932,105.0,3.98,3000.0,5,96.1,0.0,88.9,5.48,Mountain,Low,29.5,1.469,0,260.78,78.56,74.82,harsh_acceleration
V005,2026-08-22T14:50:53,Bus,4,7.2,13439.7,Diesel,19.059694,72.920142,105.0,3.19,3000.0,5,93.6,0.0,97.3,5.49,Mountain,Low,28.2,1.498,0,260.76,78.56,74.82,harsh_acceleration
V005,2026-08-22T14:50:54,Bus,4,7.2,13439.7,Diesel,19.059957,72.920352,105.0,2.8,3000.0,5,96.6,0.0,92.0,5.5,Mountain,Low,24.7,1.527,0,260.74,78.56,74.82,harsh_acceleration
V005,2026-08-22T14:50:55,Bus,4,7.2,13439.7,Diesel,19.060219,72.920562,105.0,2.95,3000.0,5,87.8,0.0,91.3,5.5,Mountain,Low,27.8,1.556,0,260.72,78.56,74.82,harsh_acceleration
V005,2026-08-22T14:50:56,Bus,4,7.2,13439.7,Diesel,19.060482,72.920772,105.0,3.95,3000.0,5,98.2,0.0,99.3,5.5,Mountain,Low,27.3,1.585,0,260.7,78.56,74.82,harsh_acceleration
V005,2026-08-22T14:50:57,Bus,4,7.2,13439.7,Diesel,19.060744,72.920982,105.0,3.9,3000.0,5,90.0,0.0,98.7,5.49,Mountain,Low,26.9,1.615,0,260.67,78.56,74.82,harsh_acceleration
V005,2026-08-22T14:50:58,Bus,4,7.2,13439.7,Diesel,19.061007,72.921192,105.0,2.93,3000.0,5,87.3,0.0,96.2,5.48,Mountain,Low,27.5,1.644,0,260.65,78.56,74.82,harsh_acceleration
V005,2026-08-22T14:50:59,Bus,4,7.2,13439.7,Diesel,19.061269,72.921402,105.0,4.11,3000.0,5,98.5,0.0,99.6,5.46,Mountain,Low,26.5,1.673,0,260.63,78.56,74.82,harsh_acceleration
V005,2026-08-22T14:51:00,Bus,4,7.2,13439.7,Diesel,19.061532,72.921612,105.0,2.79,3000.0,5,89.4,0.0,92.3,5.44,Mountain,Low,31.7,1.702,0,260.61,78.56,74.82,harsh_acceleration
V005,2026-08-22T14:51:01,Bus,4,7.2,13439.7,Diesel,19.061794,72.921822,105.0,3.54,3000.0,5,95.6,0.0,92.0,5.42,Mountain,Low,26.8,1.731,0,260.59,78.56,74.82,harsh_acceleration
V005,2026-08-22T14:51:02,Bus,4,7.2,13439.7,Diesel,19.062057,72.922032,105.0,3.48,3000.0,5,91.4,0.0,97.6,5.39,Mountain,Low,28.6,1.76,0,260.57,78.56,74.82,harsh_acceleration
V005,2026-08-22T14:51:03,Bus,4,7.2,13439.7,Diesel,19.062319,72.922242,105.0,3.8,3000.0,5,95.9,0.0,92.2,5.36,Mountain,Low,26.3,1.79,0,260.54,78.56,74.82,harsh_acceleration
V005,2026-08-22T14:51:04,Bus,4,7.2,13439.7,Diesel,19.062582,72.922452,105.0,3.08,3000.0,5,94.3,0.0,90.0,5.32,Mountain,Low,27.2,1.819,0,260.52,78.56,74.82,harsh_acceleration
V005,2026-08-22T14:51:05,Bus,4,7.2,13439.7,Diesel,19.062844,72.922662,105.0,3.62,3000.0,5,92.6,0.0,89.7,5.28,Mountain,Low,26.6,1.848,0,260.5,78.56,74.82,harsh_acceleration
V005,2026-08-22T14:51:06,Bus,4,7.2,13439.7,Diesel,19.063107,72.922872,105.0,3.15,3000.0,5,99.3,0.0,92.3,5.23,Mountain,Low,25.6,1.877,0,260.48,78.56,74.82,harsh_acceleration
V005,2026-08-22T14:51:07,Bus,4,7.2,13439.7,Diesel,19.063369,72.923082,105.0,3.56,3000.0,5,96.8,0.0,97.0,5.18,Mountain,Low,31.5,1.906,0,260.46,78.56,74.82,harsh_acceleration
V005,2026-08-22T14:51:08,Bus,4,7.2,13439.7,Diesel,19.063632,72.923292,105.0,2.74,3000.0,5,97.7,0.0,95.2,5.12,Mountain,Low,27.2,1.935,0,260.43,78.56,74.82,harsh_acceleration
V005,2026-08-22T14:51:09,Bus,4,7.2,13439.7,Diesel,19.063894,72.923502,105.0,4.02,3000.0,5,98.3,0.0,91.7,5.06,Mountain,Low,29.3,1.965,0,260.41,78.56,74.82,harsh_acceleration
V005,2026-08-22T14:51:10,Bus,4,7.2,13439.7,Diesel,19.064157,72.923712,105.0,3.15,3000.0,5,94.5,0.0,94.4,5.0,Mountain,Low,28.6,1.994,0,260.39,78.56,74.82,harsh_acceleration
V005,2026-08-22T14:51:11,Bus,4,7.2,13439.7,Diesel,19.064419,72.923922,105.0,4.09,3000.0,5,88.9,0.0,99.0,4.93,Mountain,Low,25.9,2.023,0,260.37,78.56,74.82,harsh_acceleration
V005,2026-08-22T14:51:12,Bus,4,7.2,13439.7,Diesel,19.064682,72.924132,105.0,3.29,3000.0,5,91.5,0.0,91.6,4.86,Mountain,Low,26.2,2.052,0,260.35,78.56,74.82,harsh_acceleration
V005,2026-08-22T14:51:13,Bus,4,7.2,13439.7,Diesel,19.064944,72.924342,105.0,3.61,3000.0,5,96.3,0.0,99.7,4.79,Mountain,Low,26.4,2.081,0,260.32,78.56,74.82,harsh_acceleration
V005,2026-08-22T14:51:14,Bus,4,7.2,13439.7,Diesel,19.065207,72.924552,105.0,2.63,3000.0,5,92.8,0.0,94.0,4.71,Mountain,Low,29.7,2.11,0,260.3,78.56,74.82,harsh_acceleration
V005,2026-08-22T14:51:15,Bus,4,7.2,13439.7,Diesel,19.065469,72.924762,105.0,3.42,3000.0,5,94.6,0.0,99.2,4.62,Mountain,Low,28.0,2.14,0,260.28,78.56,74.82,harsh_acceleration
V005,2026-08-22T14:51:16,Bus,4,7.2,13439.7,Diesel,19.065732,72.924972,105.0,2.96,3000.0,5,93.6,0.0,98.5,4.54,Mountain,Low,29.3,2.169,0,260.26,78.56,74.82,harsh_acceleration
V005,2026-08-22T14:51:17,Bus,4,7.2,13439.7,Diesel,19.065994,72.925182,105.0,4.1,3000.0,5,93.9,0.0,92.1,4.45,Mountain,Low,28.7,2.198,0,260.24,78.56,74.82,harsh_acceleration
V005,2026-08-22T14:51:18,Bus,4,7.2,13439.7,Diesel,19.066257,72.925392,105.0,3.06,3000.0,5,96.0,0.0,99.6,4.35,Mountain,Low,29.3,2.227,0,260.22,78.56,74.82,harsh_acceleration
V005,2026-08-22T14:51:19,Bus,4,7.2,13439.7,Diesel,19.066519,72.925602,105.0,2.92,3000.0,5,93.3,0.0,98.1,4.25,Mountain,Low,27.5,2.256,0,260.19,78.56,74.82,harsh_acceleration
V005,2026-08-22T14:51:20,Bus,4,7.2,13439.7,Diesel,19.066782,72.925812,105.0,2.8,3000.0,5,89.9,0.0,92.2,4.15,Mountain,Low,26.6,2.285,0,260.17,78.56,74.82,harsh_acceleration
V005,2026-08-22T14:51:21,Bus,4,7.2,13439.7,Diesel,19.067044,72.926022,105.0,2.72,3000.0,5,85.6,0.0,88.7,4.05,Mountain,Low,27.5,2.315,0,260.15,78.56,74.82,harsh_acceleration
V005,2026-08-22T14:51:22,Bus,4,7.2,13439.7,Diesel,19.067307,72.926232,105.0,3.08,3000.0,5,89.6,0.0,90.7,3.94,Mountain,Low,30.8,2.344,0,260.13,78.56,74.82,harsh_acceleration
V005,2026-08-22T14:51:23,Bus,4,7.2,13439.7,Diesel,19.067569,72.926442,105.0,2.89,3000.0,5,98.1,0.0,88.3,3.83,Mountain,Low,27.4,2.373,0,260.11,78.56,74.82,harsh_acceleration
V005,2026-08-22T14:51:24,Bus,4,7.2,13439.7,Diesel,19.067832,72.926652,105.0,3.08,3000.0,5,96.2,0.0,96.0,3.72,Mountain,Low,26.9,2.402,0,260.08,78.56,74.82,harsh_acceleration
V005,2026-08-22T14:51:25,Bus,4,7.2,13439.7,Diesel,19.068094,72.926862,105.0,4.02,3000.0,5,86.1,0.0,90.4,3.6,Mountain,Low,27.5,2.431,0,260.06,78.56,74.82,harsh_acceleration
V005,2026-08-22T14:51:26,Bus,4,7.2,13439.7,Diesel,19.068357,72.927072,105.0,4.17,3000.0,5,94.1,0.0,100.0,3.48,Mountain,Low,28.0,2.46,0,260.04,78.56,74.82,harsh_acceleration
V005,2026-08-22T14:51:27,Bus,4,7.2,13439.7,Diesel,19.068619,72.927282,105.0,2.76,3000.0,5,94.9,0.0,89.9,3.35,Mountain,Low,28.0,2.49,0,260.02,78.56,74.82,harsh_acceleration
V005,2026-08-22T14:51:28,Bus,4,7.2,13439.7,Diesel,19.068882,72.927492,105.0,3.87,3000.0,5,98.7,0.0,99.3,3.23,Mountain,Low,29.9,2.519,0,260.0,78.56,74.82,harsh_acceleration
V005,2026-08-22T14:51:29,Bus,4,7.2,13439.7,Diesel,19.069144,72.927702,105.0,3.26,3000.0,5,91.3,0.0,99.6,3.1,Mountain,Low,28.8,2.548,0,259.98,78.56,74.82,harsh_acceleration
V005,2026-08-22T14:51:30,Bus,4,7.2,13439.7,Diesel,19.069407,72.927912,105.0,2.87,3000.0,5,90.2,0.0,88.9,2.97,Mountain,Low,28.8,2.577,0,259.95,78.56,74.82,harsh_acceleration
V005,2026-08-22T14:51:31,Bus,4,7.2,13439.7,Diesel,19.069669,72.928122,105.0,3.4,3000.0,5,90.1,0.0,94.4,2.84,Mountain,Low,27.5,2.606,0,259.93,78.56,74.82,harsh_acceleration
V005,2026-08-22T14:51:32,Bus,4,7.2,13439.7,Diesel,19.069932,72.928332,105.0,3.46,3000.0,5,93.9,0.0,98.7,2.7,Mountain,Low,24.5,2.635,0,259.91,78.56,74.82,harsh_acceleration
V005,2026-08-22T14:51:33,Bus,4,7.2,13439.7,Diesel,19.070194,72.928542,105.0,3.81,3000.0,5,86.0,0.0,89.2,2.56,Mountain,Low,27.9,2.665,0,259.89,78.56,74.82,harsh_acceleration
V005,2026-08-22T14:51:34,Bus,4,7.2,13439.7,Diesel,19.070457,72.928752,105.0,4.03,3000.0,5,89.0,0.0,95.8,2.42,Mountain,Low,28.5,2.694,0,259.87,78.56,74.82,harsh_acceleration
V005,2026-08-22T14:51:35,Bus,4,7.2,13439.7,Diesel,19.070719,72.928962,105.0,3.65,3000.0,5,86.3,0.0,94.3,2.28,Mountain,Low,25.5,2.723,0,259.84,78.56,74.82,harsh_acceleration
V005,2026-08-22T14:51:36,Bus,4,7.2,13439.7,Diesel,19.070982,72.929172,105.0,2.96,3000.0,5,91.0,0.0,93.0,2.14,Mountain,Low,27.3,2.752,0,259.82,78.56,74.82,harsh_acceleration
V005,2026-08-22T14:51:37,Bus,4,7.2,13439.7,Diesel,19.071244,72.929382,105.0,2.76,3000.0,5,89.7,0.0,94.0,1.99,Mountain,Low,28.0,2.781,0,259.8,78.56,74.82,harsh_acceleration
V005,2026-08-22T14:51:38,Bus,4,7.2,13439.7,Diesel,19.071507,72.929592,105.0,4.08,3000.0,5,92.8,0.0,90.4,1.84,Mountain,Low,28.2,2.81,0,259.78,78.56,74.82,harsh_acceleration
V005,2026-08-22T14:51:39,Bus,4,7.2,13439.7,Diesel,19.071769,72.929802,105.0,3.4,3000.0,5,93.3,0.0,98.5,1.69,Mountain,Low,33.4,2.84,0,259.76,78.56,74.82,harsh_acceleration
V005,2026-08-22T14:51:40,Bus,4,7.2,13439.7,Diesel,19.072032,72.930012,105.0,3.66,3000.0,5,96.4,0.0,94.9,1.54,Mountain,Low,28.0,2.869,0,259.74,78.56,74.82,harsh_acceleration
V005,2026-08-22T14:51:41,Bus,4,7.2,13439.7,Diesel,19.072294,72.930222,105.0,2.93,3000.0,5,92.2,0.0,90.8,1.39,Mountain,Low,28.1,2.898,0,259.71,78.56,74.82,harsh_acceleration
V005,2026-08-22T14:51:42,Bus,4,7.2,13439.7,Diesel,19.072557,72.930432,105.0,2.95,3000.0,5,89.9,0.0,95.3,1.24,Mountain,Low,27.3,2.927,0,259.69,78.56,74.82,harsh_acceleration
V005,2026-08-22T14:51:43,Bus,4,7.2,13439.7,Diesel,19.072819,72.930642,105.0,4.06,3000.0,5,97.1,0.0,94.8,1.09,Mountain,Low,30.7,2.956,0,259.67,78.56,74.82,harsh_acceleration
V005,2026-08-22T14:51:44,Bus,4,7.2,13439.7,Diesel,19.073082,72.930852,105.0,4.11,3000.0,5,99.0,0.0,94.6,0.93,Mountain,Low,29.0,2.985,0,259.65,78.56,74.82,harsh_acceleration
V005,2026-08-22T14:51:45,Bus,4,7.2,13439.7,Diesel,19.073344,72.931062,105.0,3.04,3000.0,5,92.3,0.0,91.6,0.78,Mountain,Low,27.0,3.015,0,259.63,78.56,74.82,harsh_acceleration
V005,2026-08-22T14:51:46,Bus,4,7.2,13439.7,Diesel,19.073607,72.931272,105.0,2.6,3000.0,5,89.1,0.0,98.1,0.62,Mountain,Low,24.9,3.044,0,259.6,78.56,74.82,harsh_acceleration
V005,2026-08-22T14:51:47,Bus,4,7.2,13439.7,Diesel,19.073869,72.931482,105.0,2.65,3000.0,5,94.7,0.0,92.5,0.46,Mountain,Low,30.2,3.073,0,259.58,78.56,74.82,harsh_acceleration
V005,2026-08-22T14:51:48,Bus,4,7.2,13439.7,Diesel,19.074132,72.931692,105.0,2.96,3000.0,5,94.9,0.0,89.4,0.31,Mountain,Low,26.1,3.102,0,259.56,78.56,74.82,harsh_acceleration
V005,2026-08-22T14:51:49,Bus,4,7.2,13439.7,Diesel,19.074394,72.931902,105.0,2.79,3000.0,5,92.2,0.0,88.5,0.15,Mountain,Low,26.5,3.131,0,259.54,78.56,74.82,harsh_acceleration
V005,2026-08-22T14:51:50,Bus,4,7.2,13439.7,Diesel,19.074657,72.932112,105.0,2.92,3000.0,5,93.0,0.0,94.9,-0.01,Mountain,Low,29.7,3.16,0,259.52,78.56,74.82,harsh_acceleration
V005,2026-08-22T14:51:51,Bus,4,7.2,13439.7,Diesel,19.074919,72.932322,105.0,3.3,3000.0,5,87.3,0.0,98.3,-0.16,Mountain,Low,27.3,3.19,0,259.5,78.56,74.82,harsh_acceleration
V005,2026-08-22T14:51:52,Bus,4,7.2,13439.7,Diesel,19.075182,72.932532,105.0,2.91,3000.0,5,89.9,0.0,99.8,-0.32,Mountain,Low,27.6,3.219,0,259.47,78.56,74.82,harsh_acceleration
V005,2026-08-22T14:51:53,Bus,4,7.2,13439.7,Diesel,19.075444,72.932742,105.0,3.87,3000.0,5,94.3,0.0,93.4,-0.48,Mountain,Low,26.3,3.248,0,259.45,78.56,74.82,harsh_acceleration
V005,2026-08-22T14:51:54,Bus,4,7.2,13439.7,Diesel,19.075707,72.932952,105.0,2.76,3000.0,5,88.0,0.0,88.2,-0.63,Mountain,Low,26.8,3.277,0,259.43,78.56,74.82,harsh_acceleration
V005,2026-08-22T14:51:55,Bus,4,7.2,13439.7,Diesel,19.075969,72.933162,105.0,3.71,3000.0,5,92.9,0.0,93.8,-0.79,Mountain,Low,26.9,3.306,0,259.41,78.56,74.82,harsh_acceleration
V005,2026-08-22T14:51:56,Bus,4,7.2,13439.7,Diesel,19.076232,72.933372,105.0,3.4,3000.0,5,86.4,0.0,93.6,-0.95,Mountain,Low,27.6,3.335,0,259.39,78.56,74.82,harsh_acceleration
V005,2026-08-22T14:51:57,Bus,4,7.2,13439.7,Diesel,19.076494,72.933582,105.0,3.31,3000.0,5,87.8,0.0,97.4,-1.1,Mountain,Low,28.3,3.365,0,259.36,78.56,74.82,harsh_acceleration
V005,2026-08-22T14:51:58,Bus,4,7.2,13439.7,Diesel,19.076757,72.933792,105.0,3.7,3000.0,5,87.7,0.0,96.9,-1.25,Mountain,Low,28.5,3.394,0,259.34,78.56,74.82,harsh_acceleration
V005,2026-08-22T14:51:59,Bus,4,7.2,13439.7,Diesel,19.077019,72.934002,105.0,3.88,3000.0,5,93.2,0.0,98.9,-1.41,Mountain,Low,26.9,3.423,0,259.32,78.56,74.82,harsh_acceleration
V006,2026-08-22T09:00:00,Van,8,2.0,2465.5,Petrol,19.081529,72.881076,19.1,-1.2,4500.0,2,0.0,36.0,34.3,-0.53,Highway,High,28.0,0.005,0,35.66,2.79,14.63,normal
V006,2026-08-22T09:00:01,Van,8,2.0,2465.5,Petrol,19.081587,72.881123,23.4,1.2,4500.0,2,50.0,0.0,64.7,-0.21,Highway,High,27.4,0.012,0,35.66,3.38,14.43,normal
V006,2026-08-22T09:00:02,Van,8,2.0,2465.5,Petrol,19.081635,72.881161,19.1,-1.2,4500.0,2,0.0,36.0,37.4,0.92,Highway,High,28.9,0.017,0,35.66,3.17,16.6,normal
V006,2026-08-22T09:00:03,Van,8,2.0,2465.5,Petrol,19.081686,72.881202,20.5,0.39,4500.0,2,29.8,0.0,56.1,1.21,Highway,High,28.7,0.023,0,35.66,3.49,17.01,normal
V006,2026-08-22T09:00:04,Van,8,2.0,2465.5,Petrol,19.081748,72.881252,24.8,1.2,4500.0,2,50.0,0.0,65.2,0.06,Highway,High,27.5,0.03,0,35.65,3.63,14.63,normal
V006,2026-08-22T09:00:05,Van,8,2.0,2465.5,Petrol,19.081802,72.881295,21.4,-0.94,4500.0,2,0.0,28.3,36.4,0.52,Highway,High,30.5,0.036,0,35.65,3.21,14.96,normal
V006,2026-08-22T09:00:06,Van,8,2.0,2465.5,Petrol,19.081851,72.881334,19.7,-0.48,4500.0,2,8.1,14.3,38.5,-0.98,Highway,High,29.9,0.041,0,35.65,2.88,14.59,normal
V006,2026-08-22T09:00:07,Van,8,2.0,2465.5,Petrol,19.081892,72.881367,16.1,-1.0,4500.0,1,0.0,30.1,42.3,2.8,Highway,High,28.6,0.046,0,35.65,3.01,18.72,normal
V006,2026-08-22T09:00:08,Van,8,2.0,2465.5,Petrol,19.08194,72.881406,19.5,0.95,4500.0,2,43.8,0.0,62.1,0.31,Highway,High,27.1,0.051,0,35.65,2.98,15.26,normal
V006,2026-08-22T09:00:09,Van,8,2.0,2465.5,Petrol,19.081991,72.881446,20.4,0.26,4500.0,2,26.4,0.0,54.5,1.39,Highway,High,27.7,0.057,0,35.65,3.31,16.21,normal
V006,2026-08-22T09:00:10,Van,8,2.0,2465.5,Petrol,19.082053,72.881496,24.8,1.2,4500.0,2,50.0,0.0,66.8,0.68,Highway,High,28.4,0.064,0,35.65,3.86,15.57,normal
V006,2026-08-22T09:00:11,Van,8,2.0,2465.5,Petrol,19.082105,72.881537,20.4,-1.2,4500.0,2,0.0,36.0,34.5,-0.35,Highway,High,27.0,0.069,0,35.65,3.01,14.71,normal
V006,2026-08-22T09:00:12,Van,8,2.0,2465.5,Petrol,19.082166,72.881586,24.8,1.2,4500.0,2,50.0,0.0,63.3,-1.18,Highway,High,27.2,0.076,0,35.65,3.36,13.57,normal
V006,2026-08-22T09:00:13,Van,8,2.0,2465.5,Petrol,19.082218,72.881627,20.4,-1.2,4500.0,2,0.0,36.0,34.4,-0.4,Highway,High,29.6,0.082,0,35.65,3.05,14.9,normal
V006,2026-08-22T09:00:14,Van,8,2.0,2465.5,Petrol,19.082272,72.881671,21.9,0.41,4500.0,2,30.1,0.0,52.7,-0.29,Highway,High,27.5,0.088,0,35.65,3.26,14.86,normal
V006,2026-08-22T09:00:15,Van,8,2.0,2465.5,Petrol,19.082316,72.881706,17.6,-1.2,4500.0,1,0.0,36.0,35.1,0.03,Highway,High,28.3,0.093,0,35.64,2.73,15.5,normal
V006,2026-08-22T09:00:16,Van,8,2.0,2465.5,Petrol,19.082351,72.881734,13.9,-1.03,4500.0,1,0.0,31.0,39.2,1.6,Highway,High,24.9,0.097,0,35.64,2.49,17.93,normal
V006,2026-08-22T09:00:17,Van,8,2.0,2465.5,Petrol,19.082396,72.88177,18.2,1.2,4500.0,2,50.0,0.0,67.2,0.82,Highway,High,27.8,0.102,0,35.64,2.95,16.24,normal
V006,2026-08-22T09:00:18,Van,8,2.0,2465.5,Petrol,19.082452,72.881815,22.1,1.09,4500.0,2,47.2,0.0,65.1,0.69,Highway,High,28.7,0.108,0,35.64,3.51,15.87,normal
V006,2026-08-22T09:00:19,Van,8,2.0,2465.5,Petrol,19.082506,72.881858,21.7,-0.12,4500.0,2,17.1,0.0,44.1,-0.83,Highway,High,27.0,0.114,0,35.64,3.17,14.61,normal
V006,2026-08-22T09:00:20,Van,8,2.0,2465.5,Petrol,19.082571,72.88191,26.0,1.2,4500.0,2,50.0,0.0,67.5,0.97,Highway,High,27.6,0.121,0,35.64,3.88,14.91,normal
V006,2026-08-22T09:00:21,Van,8,2.0,2465.5,Petrol,19.082638,72.881963,26.7,0.2,4500.0,2,24.9,0.0,49.3,-0.46,Highway,High,25.0,0.129,0,35.64,3.77,14.12,normal
V006,2026-08-22T09:00:22,Van,8,2.0,2465.5,Petrol,19.082697,72.882011,23.6,-0.86,4500.0,2,0.0,25.9,34.4,-0.46,Highway,High,29.1,0.135,0,35.64,3.21,13.59,normal
V006,2026-08-22T09:00:23,Van,8,2.0,2465.5,Petrol,19.082747,72.882051,20.2,-0.93,4500.0,2,0.0,28.0,35.9,0.32,Highway,High,27.1,0.141,0,35.64,3.07,15.19,normal
V006,2026-08-22T09:00:24,Van,8,2.0,2465.5,Petrol,19.082787,72.882083,15.9,-1.2,4500.0,1,0.0,36.0,35.2,0.08,Highway,High,26.7,0.145,0,35.64,2.6,16.36,normal
V006,2026-08-22T09:00:25,Van,8,2.0,2465.5,Petrol,19.082838,72.882123,20.2,1.2,4500.0,2,50.0,0.0,63.6,-0.97,Highway,High,26.3,0.151,0,35.64,2.94,14.54,normal
V006,2026-08-22T09:00:26,Van,8,2.0,2465.5,Petrol,19.082883,72.88216,18.2,-0.56,4500.0,2,6.0,16.8,37.4,-0.83,Highway,High,27.7,0.156,0,35.63,2.71,14.85,normal
V006,2026-08-22T09:00:27,Van,8,2.0,2465.5,Petrol,19.08294,72.882205,22.5,1.2,4500.0,2,50.0,0.0,64.4,-0.41,Highway,High,26.9,0.162,0,35.63,3.31,14.68,normal
V006,2026-08-22T09:00:28,Van,8,2.0,2465.5,Petrol,19.083002,72.882255,25.1,0.7,4500.0,2,37.6,0.0,57.2,-0.28,Highway,High,26.7,0.169,0,35.63,3.51,14.0,normal
V006,2026-08-22T09:00:29,Van,8,2.0,2465.5,Petrol,19.083057,72.882299,22.0,-0.85,4500.0,2,0.0,25.6,34.1,-0.65,Highway,High,29.7,0.175,0,35.63,3.03,13.76,normal
V006,2026-08-22T09:00:30,Van,8,2.0,2465.5,Petrol,19.083122,72.882351,25.9,1.08,4500.0,2,46.9,0.0,66.0,1.08,Highway,High,26.5,0.182,0,35.63,4.01,15.48,normal
V006,2026-08-22T09:00:31,Van,8,2.0,2465.5,Petrol,19.083176,72.882394,21.6,-1.2,4500.0,2,0.0,36.0,34.0,-0.69,Highway,High,26.6,0.188,0,35.63,3.1,14.37,normal
V006,2026-08-22T09:00:32,Van,8,2.0,2465.5,Petrol,19.083226,72.882434,20.1,-0.4,4500.0,2,10.0,12.0,41.2,0.07,Highway,High,29.7,0.194,0,35.63,3.07,15.28,normal
V006,2026-08-22T09:00:33,Van,8,2.0,2465.5,Petrol,19.083287,72.882483,24.4,1.2,4500.0,2,50.0,0.0,68.2,1.23,Highway,High,30.0,0.201,0,35.63,3.9,15.98,normal
V006,2026-08-22T09:00:34,Van,8,2.0,2465.5,Petrol,19.083337,72.882523,20.1,-1.2,4500.0,2,0.0,36.0,38.5,1.33,Highway,High,30.0,0.206,0,35.63,3.3,16.41,normal
V006,2026-08-22T09:00:35,Van,8,2.0,2465.5,Petrol,19.083398,72.882572,24.4,1.2,4500.0,2,50.0,0.0,63.1,-1.33,Highway,High,27.2,0.213,0,35.63,3.31,13.57,normal
V006,2026-08-22T09:00:36,Van,8,2.0,2465.5,Petrol,19.083449,72.882612,20.1,-1.2,4500.0,2,0.0,36.0,34.8,-0.16,Highway,High,27.1,0.219,0,35.63,2.98,14.8,normal
V006,2026-08-22T09:00:37,Van,8,2.0,2465.5,Petrol,19.08351,72.882661,24.4,1.2,4500.0,2,50.0,0.0,63.3,-1.21,Highway,High,26.2,0.225,0,35.62,3.25,13.3,normal
V006,2026-08-22T09:00:38,Van,8,2.0,2465.5,Petrol,19.08356,72.882701,20.1,-1.2,4500.0,2,0.0,36.0,39.7,1.8,Highway,High,28.2,0.231,0,35.62,3.36,16.69,normal
V006,2026-08-22T09:00:39,Van,8,2.0,2465.5,Petrol,19.083602,72.882735,16.8,-0.93,4500.0,1,0.0,27.8,37.5,0.97,Highway,High,27.5,0.236,0,35.62,2.8,16.7,normal
V006,2026-08-22T09:00:40,Van,8,2.0,2465.5,Petrol,19.083645,72.88277,17.3,0.16,4500.0,1,24.0,0.0,48.4,-0.73,Highway,High,27.1,0.24,0,35.62,2.64,15.21,normal
V006,2026-08-22T09:00:41,Van,8,2.0,2465.5,Petrol,19.083699,72.882812,21.4,1.13,4500.0,2,48.2,0.0,62.7,-0.91,Highway,High,26.8,0.246,0,35.62,3.03,14.13,normal
V006,2026-08-22T09:00:42,Van,8,2.0,2465.5,Petrol,19.083742,72.882847,17.1,-1.2,4500.0,1,0.0,36.0,35.0,-0.01,Highway,High,27.8,0.251,0,35.62,2.64,15.47,normal
V006,2026-08-22T09:00:43,Van,8,2.0,2465.5,Petrol,19.083795,72.882889,21.4,1.2,4500.0,2,50.0,0.0,63.7,-0.92,Highway,High,27.5,0.257,0,35.62,3.05,14.26,normal
V006,2026-08-22T09:00:44,Van,8,2.0,2465.5,Petrol,19.083838,72.882924,17.1,-1.2,4500.0,1,0.0,36.0,34.5,-0.34,Highway,High,29.2,0.262,0,35.62,2.59,15.18,normal
V006,2026-08-22T09:00:45,Van,8,2.0,2465.5,Petrol,19.083891,72.882966,21.4,1.2,4500.0,2,50.0,0.0,65.2,0.06,Highway,High,27.2,0.268,0,35.62,3.19,14.92,normal
V006,2026-08-22T09:00:46,Van,8,2.0,2465.5,Petrol,19.08394,72.883005,19.4,-0.56,4500.0,2,6.1,16.7,40.6,0.75,Highway,High,29.5,0.273,0,35.62,3.03,15.59,normal
V006,2026-08-22T09:00:47,Van,8,2.0,2465.5,Petrol,19.083982,72.883039,16.6,-0.77,4500.0,1,0.9,23.0,36.5,0.36,Highway,High,28.6,0.278,0,35.62,2.72,16.33,normal
V006,2026-08-22T09:00:48,Van,8,2.0,2465.5,Petrol,19.084025,72.883073,17.4,0.2,4500.0,1,24.9,0.0,49.7,-0.15,Highway,High,29.8,0.283,0,35.62,2.63,15.15,normal
V006,2026-08-22T09:00:49,Van,8,2.0,2465.5,Petrol,19.084077,72.883115,20.9,0.98,4500.0,2,44.4,0.0,61.1,-0.39,Highway,High,26.5,0.288,0,35.62,3.11,14.9,normal
V006,2026-08-22T09:00:50,Van,8,2.0,2465.5,Petrol,19.084132,72.883159,21.9,0.29,4500.0,2,27.2,0.0,52.9,0.61,Highway,High,28.5,0.295,0,35.61,3.36,15.33,normal
V006,2026-08-22T09:00:51,Van,8,2.0,2465.5,Petrol,19.084183,72.8832,20.6,-0.36,4500.0,2,11.0,10.8,41.1,-0.37,Highway,High,26.7,0.3,0,35.61,3.07,14.89,normal
V006,2026-08-22T09:00:52,Van,8,2.0,2465.5,Petrol,19.084233,72.88324,19.9,-0.2,4500.0,2,15.1,0.0,43.9,-0.09,Highway,High,28.3,0.306,0,35.61,2.97,14.92,normal
V006,2026-08-22T09:00:53,Van,8,2.0,2465.5,Petrol,19.084294,72.883288,24.2,1.2,4500.0,2,50.0,0.0,63.8,-0.83,Highway,High,28.3,0.313,0,35.61,3.36,13.88,normal
V006,2026-08-22T09:00:54,Van,8,2.0,2465.5,Petrol,19.084357,72.883339,25.4,0.31,4500.0,2,27.8,0.0,49.8,-1.39,Highway,High,26.7,0.32,0,35.61,3.51,13.84,normal
V006,2026-08-22T09:00:55,Van,8,2.0,2465.5,Petrol,19.084419,72.883388,24.6,-0.2,4500.0,2,14.9,0.0,44.6,0.23,Highway,High,29.5,0.326,0,35.61,3.48,14.11,normal
V006,2026-08-22T09:00:56,Van,8,2.0,2465.5,Petrol,19.084491,72.883446,29.0,1.2,4500.0,2,50.0,0.0,65.0,-0.02,Highway,High,28.5,0.334,0,35.61,3.92,13.55,normal
V006,2026-08-22T09:00:57,Van,8,2.0,2465.5,Petrol,19.084555,72.883498,25.7,-0.92,4500.0,2,0.0,27.5,35.2,0.07,Highway,High,29.2,0.342,0,35.61,3.66,14.27,normal
V006,2026-08-22T09:00:58,Van,8,2.0,2465.5,Petrol,19.084628,72.883555,28.9,0.89,4500.0,2,42.3,0.0,59.5,-0.64,Highway,High,27.1,0.35,0,35.61,3.81,13.2,normal
V006,2026-08-22T09:00:59,Van,8,2.0,2465.5,Petrol,19.084702,72.883615,29.7,0.24,4500.0,2,26.1,0.0,51.5,0.34,Highway,High,26.6,0.358,0,35.61,4.13,13.88,normal
V006,2026-08-22T09:01:00,Van,8,2.0,2465.5,Petrol,19.084774,72.883672,28.8,-0.25,4500.0,2,13.7,0.0,45.0,0.68,Highway,High,28.6,0.366,0,35.6,4.22,14.64,normal
V006,2026-08-22T09:01:01,Van,8,2.0,2465.5,Petrol,19.084851,72.883734,31.0,0.61,4500.0,2,35.2,0.0,54.9,-0.88,Highway,High,28.4,0.374,0,35.6,3.92,12.63,normal
V006,2026-08-22T09:01:02,Van,8,2.0,2465.5,Petrol,19.084918,72.883788,26.7,-1.2,4500.0,2,0.0,36.0,35.1,0.06,Highway,High,29.4,0.382,0,35.6,3.8,14.22,normal
V006,2026-08-22T09:01:03,Van,8,2.0,2465.5,Petrol,19.084985,72.883841,26.7,-0.0,4500.0,2,20.0,0.0,46.5,-0.34,Highway,High,26.4,0.389,0,35.6,3.71,13.91,normal
V006,2026-08-22T09:01:04,Van,8,2.0,2465.5,Petrol,19.085041,72.883886,22.4,-1.2,4500.0,2,0.0,36.0,35.9,0.36,Highway,High,30.9,0.396,0,35.6,3.34,14.95,normal
V006,2026-08-22T09:01:05,Van,8,2.0,2465.5,Petrol,19.085108,72.883939,26.7,1.2,4500.0,2,50.0,0.0,67.8,1.09,Highway,High,25.3,0.403,0,35.6,4.08,15.28,normal
V006,2026-08-22T09:01:06,Van,8,2.0,2465.5,Petrol,19.085182,72.883999,29.7,0.83,4500.0,2,40.9,0.0,58.2,-0.92,Highway,High,26.9,0.411,0,35.6,3.87,13.03,normal
V006,2026-08-22T09:01:07,Van,8,2.0,2465.5,Petrol,19.085245,72.884049,25.4,-1.2,4500.0,2,0.0,36.0,35.2,0.08,Highway,High,26.8,0.418,0,35.6,3.61,14.21,normal
V006,2026-08-22T09:01:08,Van,8,2.0,2465.5,Petrol,19.085298,72.884092,21.1,-1.2,4500.0,2,0.0,36.0,34.7,-0.21,Highway,High,28.8,0.424,0,35.6,3.16,15.0,normal
V006,2026-08-22T09:01:09,Van,8,2.0,2465.5,Petrol,19.085361,72.884142,25.4,1.2,4500.0,2,50.0,0.0,64.8,-0.17,Highway,High,28.3,0.431,0,35.59,3.63,14.3,normal
V006,2026-08-22T09:01:10,Van,8,2.0,2465.5,Petrol,19.085434,72.884201,29.3,1.09,4500.0,2,47.2,0.0,61.9,-1.01,Highway,High,29.8,0.439,0,35.59,3.82,13.06,normal
V006,2026-08-22T09:01:11,Van,8,2.0,2465.5,Petrol,19.085497,72.884251,25.0,-1.2,4500.0,2,0.0,36.0,36.7,0.65,Highway,High,28.0,0.446,0,35.59,3.67,14.71,normal
V006,2026-08-22T09:01:12,Van,8,2.0,2465.5,Petrol,19.085549,72.884292,20.6,-1.2,4500.0,2,0.0,36.0,34.9,-0.09,Highway,High,29.2,0.452,0,35.59,3.09,14.98,normal
V006,2026-08-22T09:01:13,Van,8,2.0,2465.5,Petrol,19.085591,72.884326,16.8,-1.07,4500.0,1,0.0,32.0,37.2,0.86,Highway,High,29.3,0.457,0,35.59,2.65,15.77,normal
V006,2026-08-22T09:01:14,Van,8,2.0,2465.5,Petrol,19.085643,72.884368,21.1,1.2,4500.0,2,50.0,0.0,65.0,0.01,Highway,High,26.4,0.462,0,35.59,3.23,15.28,normal
V006,2026-08-22T09:01:15,Van,8,2.0,2465.5,Petrol,19.085703,72.884416,24.0,0.81,4500.0,2,40.2,0.0,60.3,0.43,Highway,High,29.3,0.469,0,35.59,3.54,14.71,normal
V006,2026-08-22T09:01:16,Van,8,2.0,2465.5,Petrol,19.085774,72.884473,28.4,1.2,4500.0,2,50.0,0.0,64.4,-0.43,Highway,High,24.9,0.477,0,35.59,3.69,13.03,normal
V006,2026-08-22T09:01:17,Van,8,2.0,2465.5,Petrol,19.085834,72.884521,24.0,-1.2,4500.0,2,0.0,36.0,34.5,-0.39,Highway,High,28.0,0.484,0,35.59,3.35,13.96,normal
V006,2026-08-22T09:01:18,Van,8,2.0,2465.5,Petrol,19.085896,72.88457,24.8,0.21,4500.0,2,25.3,0.0,51.2,0.37,Highway,High,29.5,0.491,0,35.59,3.65,14.73,normal
V006,2026-08-22T09:01:19,Van,8,2.0,2465.5,Petrol,19.08596,72.884621,25.2,0.12,4500.0,2,23.1,0.0,48.3,-0.4,Highway,High,28.8,0.498,0,35.59,3.52,13.95,normal
V006,2026-08-22T09:01:20,Van,8,2.0,2465.5,Petrol,19.086012,72.884663,21.2,-1.13,4500.0,2,0.0,33.9,35.4,0.15,Highway,High,29.8,0.503,0,35.58,3.16,14.9,normal
V006,2026-08-22T09:01:21,Van,8,2.0,2465.5,Petrol,19.086055,72.884697,16.9,-1.2,4500.0,1,0.0,36.0,33.5,-1.05,Highway,High,27.6,0.508,0,35.58,2.57,15.22,normal
V006,2026-08-22T09:01:22,Van,8,2.0,2465.5,Petrol,19.0861,72.884734,18.2,0.39,4500.0,2,29.7,0.0,53.3,0.21,Highway,High,26.1,0.513,0,35.58,2.82,15.46,normal
V006,2026-08-22T09:01:23,Van,8,2.0,2465.5,Petrol,19.086142,72.884767,16.7,-0.44,4500.0,1,9.1,13.1,40.1,-0.29,Highway,High,29.2,0.518,0,35.58,2.63,15.76,normal
V006,2026-08-22T09:01:24,Van,8,2.0,2465.5,Petrol,19.086188,72.884804,18.3,0.46,4500.0,2,31.4,0.0,52.1,-1.24,Highway,High,29.9,0.523,0,35.58,2.68,14.64,normal
V006,2026-08-22T09:01:25,Van,8,2.0,2465.5,Petrol,19.086227,72.884835,15.9,-0.68,4500.0,1,2.9,20.5,36.3,-0.35,Highway,High,29.0,0.527,0,35.58,2.54,15.99,normal
V006,2026-08-22T09:01:26,Van,8,2.0,2465.5,Petrol,19.086278,72.884876,20.2,1.2,4500.0,2,50.0,0.0,68.8,1.45,Highway,High,27.5,0.533,0,35.58,3.35,16.59,normal
V006,2026-08-22T09:01:27,Van,8,2.0,2465.5,Petrol,19.086327,72.884915,19.7,-0.14,4500.0,2,16.4,0.0,44.5,-0.26,Highway,High,25.7,0.538,0,35.58,2.96,15.07,normal
V006,2026-08-22T09:01:28,Van,8,2.0,2465.5,Petrol,19.086387,72.884963,24.0,1.2,4500.0,2,50.0,0.0,64.4,-0.45,Highway,High,29.5,0.545,0,35.58,3.41,14.2,normal
V006,2026-08-22T09:01:29,Van,8,2.0,2465.5,Petrol,19.086438,72.885004,20.3,-1.04,4500.0,2,0.0,31.1,34.1,-0.62,Highway,High,29.6,0.551,0,35.58,3.09,15.27,normal
V006,2026-08-22T09:01:30,Van,8,2.0,2465.5,Petrol,19.086497,72.885051,23.9,1.0,4500.0,2,45.0,0.0,64.1,0.78,Highway,High,28.6,0.557,0,35.58,3.68,15.44,normal
V006,2026-08-22T09:01:31,Van,8,2.0,2465.5,Petrol,19.086546,72.88509,19.6,-1.18,4500.0,2,0.0,35.5,35.8,0.31,Highway,High,27.5,0.563,0,35.58,3.0,15.32,normal
V006,2026-08-22T09:01:32,Van,8,2.0,2465.5,Petrol,19.086605,72.885138,23.6,1.11,4500.0,2,47.9,0.0,62.3,-1.04,Highway,High,28.3,0.569,0,35.57,3.22,13.64,normal
V006,2026-08-22T09:01:33,Van,8,2.0,2465.5,Petrol,19.086675,72.885193,27.9,1.2,4500.0,2,50.0,0.0,65.8,0.3,Highway,High,29.1,0.577,0,35.57,3.97,14.22,normal
V006,2026-08-22T09:01:34,Van,8,2.0,2465.5,Petrol,19.086734,72.885241,23.6,-1.2,4500.0,2,0.0,36.0,36.2,0.45,Highway,High,26.5,0.584,0,35.57,3.45,14.59,normal
V006,2026-08-22T09:01:35,Van,8,2.0,2465.5,Petrol,19.086801,72.885294,26.7,0.87,4500.0,2,41.6,0.0,63.7,1.41,Highway,High,30.8,0.591,0,35.57,4.19,15.69,normal
V006,2026-08-22T09:01:36,Van,8,2.0,2465.5,Petrol,19.08686,72.885341,23.6,-0.86,4500.0,2,0.0,25.8,34.2,-0.59,Highway,High,30.0,0.598,0,35.57,3.34,14.12,normal
V006,2026-08-22T09:01:37,Van,8,2.0,2465.5,Petrol,19.086912,72.885383,20.7,-0.82,4500.0,2,0.0,24.6,34.8,-0.17,Highway,High,29.5,0.603,0,35.57,2.93,14.18,normal
V006,2026-08-22T09:01:38,Van,8,2.0,2465.5,Petrol,19.086963,72.885424,20.7,-0.01,4500.0,2,19.8,0.0,47.9,0.38,Highway,High,27.8,0.609,0,35.57,3.28,15.87,normal
V006,2026-08-22T09:01:39,Van,8,2.0,2465.5,Petrol,19.087005,72.885457,16.5,-1.17,4500.0,1,0.0,35.0,35.5,0.2,Highway,High,26.7,0.614,0,35.57,2.64,16.03,normal
V006,2026-08-22T09:01:40,Van,8,2.0,2465.5,Petrol,19.087038,72.885483,13.2,-0.91,4500.0,1,0.0,27.2,33.6,-1.01,Highway,High,28.3,0.617,0,35.57,2.06,15.65,normal
V006,2026-08-22T09:01:41,Van,8,2.0,2465.5,Petrol,19.087077,72.885515,15.7,0.69,4500.0,1,37.2,0.0,55.7,-1.11,Highway,High,26.8,0.622,0,35.57,2.42,15.45,normal
V006,2026-08-22T09:01:42,Van,8,2.0,2465.5,Petrol,19.087114,72.885545,15.1,-0.16,4500.0,1,15.9,0.0,44.4,-0.11,Highway,High,27.8,0.626,0,35.57,2.4,15.93,normal
V006,2026-08-22T09:01:43,Van,8,2.0,2465.5,Petrol,19.087163,72.885584,19.4,1.2,4500.0,2,50.0,0.0,70.0,1.9,Highway,High,27.8,0.631,0,35.57,3.43,17.68,normal
V006,2026-08-22T09:01:44,Van,8,2.0,2465.5,Petrol,19.087222,72.885631,23.7,1.2,4500.0,2,50.0,0.0,64.3,-0.53,Highway,High,29.0,0.638,0,35.56,3.3,13.93,normal
V006,2026-08-22T09:01:45,Van,8,2.0,2465.5,Petrol,19.087287,72.885683,25.8,0.58,4500.0,2,34.5,0.0,55.0,-0.51,Highway,High,28.2,0.645,0,35.56,3.56,13.79,normal
V006,2026-08-22T09:01:46,Van,8,2.0,2465.5,Petrol,19.087341,72.885726,21.5,-1.2,4500.0,2,0.0,36.0,37.4,0.9,Highway,High,28.6,0.651,0,35.56,3.33,15.48,normal
V006,2026-08-22T09:01:47,Van,8,2.0,2465.5,Petrol,19.087405,72.885777,25.8,1.2,4500.0,2,50.0,0.0,64.2,-0.54,Highway,High,25.8,0.658,0,35.56,3.62,14.02,normal
V006,2026-08-22T09:01:48,Van,8,2.0,2465.5,Petrol,19.087462,72.885823,22.8,-0.84,4500.0,2,0.0,25.1,34.0,-0.68,Highway,High,28.1,0.665,0,35.56,3.25,14.27,normal
V006,2026-08-22T09:01:49,Van,8,2.0,2465.5,Petrol,19.087508,72.88586,18.5,-1.2,4500.0,2,0.0,36.0,34.0,-0.75,Highway,High,27.8,0.67,0,35.56,2.69,14.57,normal
V006,2026-08-22T09:01:50,Van,8,2.0,2465.5,Petrol,19.087546,72.88589,15.0,-0.96,4500.0,1,0.0,28.8,37.1,0.79,Highway,High,28.5,0.674,0,35.56,2.52,16.79,normal
V006,2026-08-22T09:01:51,Van,8,2.0,2465.5,Petrol,19.087588,72.885923,16.8,0.48,4500.0,1,32.0,0.0,52.5,-1.22,Highway,High,29.6,0.679,0,35.56,2.45,14.62,normal
V006,2026-08-22T09:01:52,Van,8,2.0,2465.5,Petrol,19.087635,72.885961,18.8,0.57,4500.0,2,34.3,0.0,55.5,-0.01,Highway,High,29.4,0.684,0,35.56,2.93,15.6,normal
V006,2026-08-22T09:01:53,Van,8,2.0,2465.5,Petrol,19.087675,72.885993,16.0,-0.79,4500.0,1,0.3,23.6,34.9,-0.18,Highway,High,27.8,0.688,0,35.56,2.53,15.83,normal
V006,2026-08-22T09:01:54,Van,8,2.0,2465.5,Petrol,19.087718,72.886028,17.5,0.42,4500.0,1,30.5,0.0,52.5,-0.54,Highway,High,27.0,0.693,0,35.56,2.6,14.86,normal
V006,2026-08-22T09:01:55,Van,8,2.0,2465.5,Petrol,19.087768,72.886067,19.7,0.62,4500.0,2,35.4,0.0,57.8,0.6,Highway,High,27.8,0.699,0,35.56,3.03,15.39,normal
V006,2026-08-22T09:01:56,Van,8,2.0,2465.5,Petrol,19.087828,72.886115,24.0,1.2,4500.0,2,50.0,0.0,63.8,-0.84,Highway,High,28.3,0.705,0,35.55,3.38,14.09,normal
V006,2026-08-22T09:01:57,Van,8,2.0,2465.5,Petrol,19.087892,72.886167,25.9,0.53,4500.0,2,33.1,0.0,56.3,0.53,Highway,High,27.2,0.712,0,35.55,3.66,14.12,normal
V006,2026-08-22T09:01:58,Van,8,2.0,2465.5,Petrol,19.087968,72.886228,30.2,1.2,4500.0,2,50.0,0.0,66.7,0.64,Highway,High,26.7,0.721,0,35.55,4.33,14.31,normal
V006,2026-08-22T09:01:59,Van,8,2.0,2465.5,Petrol,19.088033,72.88628,25.9,-1.2,4500.0,2,0.0,36.0,33.0,-1.41,Highway,High,25.2,0.728,0,35.55,3.37,12.99,normal
V006,2026-08-22T11:00:00,Van,8,2.0,3077.9,Petrol,19.0283,72.835324,22.9,-0.02,4500.0,1,84.2,0.0,84.2,-0.41,Highway,Medium,27.5,0.006,0,60.72,9.19,40.1,excessive_revving
V006,2026-08-22T11:00:01,Van,8,2.0,3077.9,Petrol,19.028358,72.835371,23.4,0.12,4500.0,1,68.0,0.0,73.2,0.63,Highway,Medium,26.0,0.013,0,60.71,9.36,40.1,excessive_revving
V006,2026-08-22T11:00:02,Van,8,2.0,3077.9,Petrol,19.028417,72.835418,23.5,0.03,4500.0,1,80.5,0.0,74.5,0.25,Highway,Medium,26.2,0.019,0,60.71,9.41,40.1,excessive_revving
V006,2026-08-22T11:00:03,Van,8,2.0,3077.9,Petrol,19.028471,72.835461,21.7,-0.49,4500.0,1,81.8,0.0,77.1,0.79,Highway,Medium,29.0,0.025,0,60.71,8.7,40.1,excessive_revving
V006,2026-08-22T11:00:04,Van,8,2.0,3077.9,Petrol,19.028525,72.835505,21.6,-0.01,4500.0,1,68.5,0.0,80.5,0.04,Highway,Medium,28.4,0.031,0,60.71,8.68,40.1,excessive_revving
V006,2026-08-22T11:00:05,Van,8,2.0,3077.9,Petrol,19.028583,72.835551,23.1,0.42,4500.0,1,72.3,0.0,89.3,-0.67,Highway,Medium,26.0,0.038,0,60.7,9.28,40.1,excessive_revving
V006,2026-08-22T11:00:06,Van,8,2.0,3077.9,Petrol,19.028643,72.835599,24.1,0.27,4500.0,1,68.1,0.0,88.8,-0.89,Highway,Medium,31.4,0.045,0,60.7,9.67,40.1,excessive_revving
V006,2026-08-22T11:00:07,Van,8,2.0,3077.9,Petrol,19.028705,72.835649,24.8,0.18,4500.0,1,79.3,0.0,80.1,0.81,Highway,Medium,28.5,0.051,0,60.7,9.94,40.1,excessive_revving
V006,2026-08-22T11:00:08,Van,8,2.0,3077.9,Petrol,19.028768,72.835699,25.4,0.16,4500.0,1,85.3,0.0,77.9,0.22,Highway,Medium,25.3,0.058,0,60.7,10.17,40.1,excessive_revving
V006,2026-08-22T11:00:09,Van,8,2.0,3077.9,Petrol,19.028834,72.835752,26.1,0.21,4500.0,1,67.8,0.0,77.2,0.38,Highway,Medium,26.9,0.066,0,60.69,10.47,40.1,excessive_revving
V006,2026-08-22T11:00:10,Van,8,2.0,3077.9,Petrol,19.028902,72.835807,27.4,0.37,4500.0,1,89.3,0.0,70.8,1.61,Highway,Medium,26.0,0.073,0,60.69,11.0,40.1,excessive_revving
V006,2026-08-22T11:00:11,Van,8,2.0,3077.9,Petrol,19.02897,72.83586,26.9,-0.14,4500.0,1,76.0,0.0,78.2,-1.02,Highway,Medium,26.8,0.081,0,60.69,10.8,40.1,excessive_revving
V006,2026-08-22T11:00:12,Van,8,2.0,3077.9,Petrol,19.029037,72.835915,27.1,0.06,4500.0,1,81.3,0.0,80.5,-1.51,Highway,Medium,29.3,0.088,0,60.68,10.88,40.1,excessive_revving
V006,2026-08-22T11:00:13,Van,8,2.0,3077.9,Petrol,19.029109,72.835972,28.7,0.44,4500.0,1,89.3,0.0,86.1,-0.68,Highway,Medium,26.6,0.096,0,60.68,11.51,40.1,excessive_revving
V006,2026-08-22T11:00:14,Van,8,2.0,3077.9,Petrol,19.029182,72.836031,29.3,0.16,4500.0,1,80.1,0.0,85.9,-1.13,Highway,Medium,28.5,0.104,0,60.68,11.74,40.1,excessive_revving
V006,2026-08-22T11:00:15,Van,8,2.0,3077.9,Petrol,19.029254,72.836088,28.6,-0.17,4500.0,1,80.1,0.0,77.1,0.13,Highway,Medium,31.7,0.112,0,60.67,11.49,40.1,excessive_revving
V006,2026-08-22T11:00:16,Van,8,2.0,3077.9,Petrol,19.029327,72.836146,29.0,0.11,4500.0,1,79.3,0.0,89.9,0.14,Highway,Medium,29.3,0.12,0,60.67,11.65,40.1,excessive_revving
V006,2026-08-22T11:00:17,Van,8,2.0,3077.9,Petrol,19.0294,72.836205,29.3,0.08,4500.0,1,70.8,0.0,70.1,-1.3,Highway,Medium,26.1,0.129,0,60.67,11.76,40.1,excessive_revving
V006,2026-08-22T11:00:18,Van,8,2.0,3077.9,Petrol,19.029471,72.836262,28.6,-0.2,4500.0,1,85.9,0.0,72.9,0.01,Highway,Medium,29.1,0.137,0,60.66,11.48,40.1,excessive_revving
V006,2026-08-22T11:00:19,Van,8,2.0,3077.9,Petrol,19.02954,72.836317,27.4,-0.33,4500.0,1,67.1,0.0,84.6,-0.32,Highway,Medium,29.8,0.144,0,60.66,11.0,40.1,excessive_revving
V006,2026-08-22T11:00:20,Van,8,2.0,3077.9,Petrol,19.029609,72.836372,27.5,0.02,4500.0,1,65.8,0.0,84.9,0.01,Highway,Medium,29.4,0.152,0,60.66,11.03,40.1,excessive_revving
V006,2026-08-22T11:00:21,Van,8,2.0,3077.9,Petrol,19.029672,72.836423,25.5,-0.55,4500.0,1,68.2,0.0,82.0,1.07,Highway,Medium,26.5,0.159,0,60.66,10.23,40.1,excessive_revving
V006,2026-08-22T11:00:22,Van,8,2.0,3077.9,Petrol,19.029742,72.836478,27.8,0.64,4500.0,1,72.8,0.0,74.7,0.43,Highway,Medium,30.5,0.167,0,60.65,11.16,40.1,excessive_revving
V006,2026-08-22T11:00:23,Van,8,2.0,3077.9,Petrol,19.029815,72.836537,29.1,0.36,4500.0,1,78.6,0.0,90.0,-0.91,Highway,Medium,28.3,0.175,0,60.65,11.68,40.1,excessive_revving
V006,2026-08-22T11:00:24,Van,8,2.0,3077.9,Petrol,19.029887,72.836594,28.9,-0.06,4500.0,1,73.1,0.0,84.5,0.67,Highway,Medium,29.7,0.183,0,60.65,11.59,40.1,excessive_revving
V006,2026-08-22T11:00:25,Van,8,2.0,3077.9,Petrol,19.029961,72.836654,29.6,0.2,4500.0,1,89.7,0.0,78.6,-0.29,Highway,Medium,27.1,0.191,0,60.64,11.88,40.1,excessive_revving
V006,2026-08-22T11:00:26,Van,8,2.0,3077.9,Petrol,19.030031,72.836709,27.9,-0.48,4500.0,1,68.4,0.0,89.3,0.31,Highway,Medium,24.0,0.199,0,60.64,11.18,40.1,excessive_revving
V006,2026-08-22T11:00:27,Van,8,2.0,3077.9,Petrol,19.030095,72.836761,25.7,-0.6,4500.0,1,76.6,0.0,83.3,0.13,Highway,Medium,28.6,0.206,0,60.64,10.31,40.1,excessive_revving
V006,2026-08-22T11:00:28,Van,8,2.0,3077.9,Petrol,19.030163,72.836815,27.2,0.41,4500.0,1,84.2,0.0,70.2,1.31,Highway,Medium,31.0,0.213,0,60.63,10.91,40.1,excessive_revving
V006,2026-08-22T11:00:29,Van,8,2.0,3077.9,Petrol,19.030231,72.836869,27.0,-0.04,4500.0,1,87.5,0.0,70.8,1.04,Highway,Medium,28.2,0.221,0,60.63,10.85,40.1,excessive_revving
V006,2026-08-22T11:00:30,Van,8,2.0,3077.9,Petrol,19.030296,72.836922,26.3,-0.22,4500.0,1,84.2,0.0,86.4,0.58,Highway,Medium,27.7,0.228,0,60.63,10.53,40.1,excessive_revving
V006,2026-08-22T11:00:31,Van,8,2.0,3077.9,Petrol,19.030362,72.836974,26.1,-0.04,4500.0,1,80.5,0.0,83.5,-1.02,Highway,Medium,26.6,0.235,0,60.62,10.48,40.1,excessive_revving
V006,2026-08-22T11:00:32,Van,8,2.0,3077.9,Petrol,19.030431,72.83703,27.8,0.47,4500.0,1,83.9,0.0,89.0,0.52,Highway,Medium,27.6,0.243,0,60.62,11.15,40.1,excessive_revving
V006,2026-08-22T11:00:33,Van,8,2.0,3077.9,Petrol,19.030502,72.837086,28.3,0.13,4500.0,1,86.8,0.0,86.8,-0.43,Highway,Medium,29.4,0.251,0,60.62,11.34,40.1,excessive_revving
V006,2026-08-22T11:00:34,Van,8,2.0,3077.9,Petrol,19.030574,72.837144,28.8,0.15,4500.0,1,73.6,0.0,75.3,-0.44,Highway,Medium,28.2,0.259,0,60.62,11.56,40.1,excessive_revving
V006,2026-08-22T11:00:35,Van,8,2.0,3077.9,Petrol,19.030652,72.837206,31.1,0.63,4500.0,1,67.5,0.0,85.3,0.85,Highway,Medium,27.3,0.268,0,60.61,12.46,40.1,excessive_revving
V006,2026-08-22T11:00:36,Van,8,2.0,3077.9,Petrol,19.030728,72.837267,30.6,-0.13,4500.0,1,70.7,0.0,77.1,0.31,Highway,Medium,29.2,0.276,0,60.61,12.27,40.1,excessive_revving
V006,2026-08-22T11:00:37,Van,8,2.0,3077.9,Petrol,19.030804,72.837328,30.3,-0.07,4500.0,1,84.3,0.0,82.8,-0.71,Highway,Medium,26.3,0.285,0,60.6,12.16,40.1,excessive_revving
V006,2026-08-22T11:00:38,Van,8,2.0,3077.9,Petrol,19.03088,72.837389,30.5,0.04,4500.0,1,76.1,0.0,80.4,-0.43,Highway,Medium,27.0,0.293,0,60.6,12.22,40.1,excessive_revving
V006,2026-08-22T11:00:39,Van,8,2.0,3077.9,Petrol,19.03096,72.837453,31.9,0.41,4500.0,1,77.5,0.0,82.0,0.96,Highway,Medium,27.5,0.302,0,60.6,12.81,40.1,excessive_revving
V006,2026-08-22T11:00:40,Van,8,2.0,3077.9,Petrol,19.031039,72.837516,31.7,-0.08,4500.0,1,65.2,0.0,80.2,1.33,Highway,Medium,28.4,0.311,0,60.59,12.7,40.1,excessive_revving
V006,2026-08-22T11:00:41,Van,8,2.0,3077.9,Petrol,19.031116,72.837577,30.7,-0.28,4500.0,1,69.5,0.0,72.9,0.29,Highway,Medium,27.9,0.319,0,60.59,12.3,40.1,excessive_revving
V006,2026-08-22T11:00:42,Van,8,2.0,3077.9,Petrol,19.031191,72.837637,30.1,-0.17,4500.0,1,73.8,0.0,71.3,0.47,Highway,Medium,27.8,0.328,0,60.59,12.06,40.1,excessive_revving
V006,2026-08-22T11:00:43,Van,8,2.0,3077.9,Petrol,19.03127,72.837701,31.5,0.41,4500.0,1,72.7,0.0,73.0,0.61,Highway,Medium,29.1,0.336,0,60.58,12.65,40.1,excessive_revving
V006,2026-08-22T11:00:44,Van,8,2.0,3077.9,Petrol,19.031353,72.837767,33.2,0.45,4500.0,1,73.8,0.0,80.7,1.04,Highway,Medium,29.5,0.346,0,60.58,13.3,40.1,excessive_revving
V006,2026-08-22T11:00:45,Van,8,2.0,3077.9,Petrol,19.031435,72.837833,33.0,-0.06,4500.0,1,80.0,0.0,85.4,-0.72,Highway,Medium,26.5,0.355,0,60.58,13.22,40.1,excessive_revving
V006,2026-08-22T11:00:46,Van,8,2.0,3077.9,Petrol,19.03152,72.8379,33.8,0.24,4500.0,1,70.6,0.0,84.0,-0.06,Highway,Medium,30.0,0.364,0,60.57,13.57,40.1,excessive_revving
V006,2026-08-22T11:00:47,Van,8,2.0,3077.9,Petrol,19.031607,72.83797,34.8,0.27,4500.0,1,75.2,0.0,71.8,0.46,Highway,Medium,31.1,0.374,0,60.57,13.95,40.1,excessive_revving
V006,2026-08-22T11:00:48,Van,8,2.0,3077.9,Petrol,19.031696,72.838042,35.8,0.29,4500.0,2,69.9,0.0,81.8,1.32,Highway,Medium,27.2,0.384,0,60.57,14.37,40.1,excessive_revving
V006,2026-08-22T11:00:49,Van,8,2.0,3077.9,Petrol,19.031786,72.838114,36.0,0.04,4500.0,2,73.2,0.0,83.6,0.29,Highway,Medium,28.0,0.394,0,60.56,14.43,40.1,excessive_revving
V006,2026-08-22T11:00:50,Van,8,2.0,3077.9,Petrol,19.031876,72.838186,36.0,0.0,4500.0,2,85.4,0.0,70.1,-0.5,Highway,Medium,30.0,0.404,0,60.56,14.43,40.1,excessive_revving
V006,2026-08-22T11:00:51,Van,8,2.0,3077.9,Petrol,19.031969,72.83826,37.0,0.29,4500.0,2,87.1,0.0,83.8,-0.28,Highway,Medium,29.2,0.414,0,60.55,14.85,40.1,excessive_revving
V006,2026-08-22T11:00:52,Van,8,2.0,3077.9,Petrol,19.032065,72.838337,38.5,0.4,4500.0,2,83.3,0.0,86.4,0.1,Highway,Medium,27.8,0.425,0,60.55,15.42,40.1,excessive_revving
V006,2026-08-22T11:00:53,Van,8,2.0,3077.9,Petrol,19.032165,72.838417,40.2,0.48,4500.0,2,72.3,0.0,88.6,-0.04,Highway,Medium,29.0,0.436,0,60.54,16.11,40.1,excessive_revving
V006,2026-08-22T11:00:54,Van,8,2.0,3077.9,Petrol,19.032267,72.838499,40.8,0.18,4500.0,2,76.9,0.0,83.6,0.18,Highway,Medium,27.5,0.447,0,60.54,16.38,40.1,excessive_revving
V006,2026-08-22T11:00:55,Van,8,2.0,3077.9,Petrol,19.032373,72.838583,42.2,0.38,4500.0,2,68.3,0.0,77.6,-0.08,Highway,Medium,26.7,0.459,0,60.53,16.92,40.1,excessive_revving
V006,2026-08-22T11:00:56,Van,8,2.0,3077.9,Petrol,19.032476,72.838666,41.3,-0.25,4500.0,2,74.6,0.0,71.9,0.11,Highway,Medium,26.3,0.47,0,60.53,16.56,40.1,excessive_revving
V006,2026-08-22T11:00:57,Van,8,2.0,3077.9,Petrol,19.032582,72.83875,42.2,0.26,4500.0,2,68.9,0.0,72.9,0.04,Highway,Medium,26.2,0.482,0,60.53,16.94,40.1,excessive_revving
V006,2026-08-22T11:00:58,Van,8,2.0,3077.9,Petrol,19.032683,72.838831,40.5,-0.48,4500.0,2,71.5,0.0,76.2,0.34,Highway,Medium,24.5,0.493,0,60.52,16.25,40.1,excessive_revving
V006,2026-08-22T11:00:59,Van,8,2.0,3077.9,Petrol,19.032784,72.838912,40.4,-0.04,4500.0,2,82.0,0.0,71.6,1.28,Highway,Medium,31.2,0.505,0,60.52,16.19,40.1,excessive_revving
V006,2026-08-22T11:01:00,Van,8,2.0,3077.9,Petrol,19.032883,72.838991,39.7,-0.18,4500.0,2,85.5,0.0,87.6,0.17,Highway,Medium,27.4,0.516,0,60.51,15.93,40.1,excessive_revving
V006,2026-08-22T11:01:01,Van,8,2.0,3077.9,Petrol,19.032986,72.839074,41.2,0.42,4500.0,2,83.2,0.0,75.2,2.12,Highway,Medium,27.7,0.527,0,60.51,16.53,40.1,excessive_revving
V006,2026-08-22T11:01:02,Van,8,2.0,3077.9,Petrol,19.03309,72.839156,41.3,0.03,4500.0,2,85.3,0.0,71.8,2.22,Highway,Medium,26.6,0.539,0,60.5,16.58,40.1,excessive_revving
V006,2026-08-22T11:01:03,Van,8,2.0,3077.9,Petrol,19.03319,72.839237,40.1,-0.33,4500.0,2,70.5,0.0,72.6,-0.27,Highway,Medium,30.0,0.55,0,60.5,16.1,40.1,excessive_revving
V006,2026-08-22T11:01:04,Van,8,2.0,3077.9,Petrol,19.033291,72.839317,40.4,0.08,4500.0,2,65.0,0.0,81.7,-0.03,Highway,Medium,28.1,0.561,0,60.49,16.21,40.1,excessive_revving
V006,2026-08-22T11:01:05,Van,8,2.0,3077.9,Petrol,19.033394,72.8394,41.0,0.17,4500.0,2,82.6,0.0,80.4,-0.7,Highway,Medium,28.9,0.572,0,60.49,16.46,40.1,excessive_revving
V006,2026-08-22T11:01:06,Van,8,2.0,3077.9,Petrol,19.033493,72.839479,39.7,-0.36,4500.0,2,82.5,0.0,77.0,-0.12,Highway,Medium,29.3,0.583,0,60.49,15.94,40.1,excessive_revving
V006,2026-08-22T11:01:07,Van,8,2.0,3077.9,Petrol,19.033592,72.839558,39.5,-0.08,4500.0,2,68.5,0.0,83.0,-1.2,Highway,Medium,27.1,0.594,0,60.48,15.82,40.1,excessive_revving
V006,2026-08-22T11:01:08,Van,8,2.0,3077.9,Petrol,19.033689,72.839636,39.0,-0.12,4500.0,2,66.3,0.0,79.1,-0.5,Highway,Medium,27.2,0.605,0,60.48,15.64,40.1,excessive_revving
V006,2026-08-22T11:01:09,Van,8,2.0,3077.9,Petrol,19.033781,72.839709,36.6,-0.66,4500.0,2,65.4,0.0,77.4,-0.11,Highway,Medium,28.1,0.615,0,60.47,14.69,40.1,excessive_revving
V006,2026-08-22T11:01:10,Van,8,2.0,3077.9,Petrol,19.033874,72.839784,37.3,0.18,4500.0,2,71.4,0.0,85.3,0.11,Highway,Medium,28.0,0.626,0,60.47,14.95,40.1,excessive_revving
V006,2026-08-22T11:01:11,Van,8,2.0,3077.9,Petrol,19.033968,72.839859,37.8,0.14,4500.0,2,67.6,0.0,85.6,-0.92,Highway,Medium,28.2,0.636,0,60.46,15.16,40.1,excessive_revving
V006,2026-08-22T11:01:12,Van,8,2.0,3077.9,Petrol,19.034062,72.839934,37.4,-0.11,4500.0,2,81.4,0.0,74.2,-0.53,Highway,Medium,26.8,0.647,0,60.46,15.0,40.1,excessive_revving
V006,2026-08-22T11:01:13,Van,8,2.0,3077.9,Petrol,19.034157,72.84001,38.1,0.18,4500.0,2,80.5,0.0,79.2,-0.34,Highway,Medium,25.6,0.657,0,60.46,15.27,40.1,excessive_revving
V006,2026-08-22T11:01:14,Van,8,2.0,3077.9,Petrol,19.034254,72.840088,38.6,0.15,4500.0,2,71.2,0.0,78.6,0.24,Highway,Medium,30.0,0.668,0,60.45,15.48,40.1,excessive_revving
V006,2026-08-22T11:01:15,Van,8,2.0,3077.9,Petrol,19.034351,72.840165,38.9,0.08,4500.0,2,81.0,0.0,76.8,-1.25,Highway,Medium,28.1,0.679,0,60.45,15.6,40.1,excessive_revving
V006,2026-08-22T11:01:16,Van,8,2.0,3077.9,Petrol,19.03445,72.840244,39.5,0.18,4500.0,2,76.5,0.0,85.4,0.56,Highway,Medium,28.3,0.69,0,60.44,15.86,40.1,excessive_revving
V006,2026-08-22T11:01:17,Van,8,2.0,3077.9,Petrol,19.03455,72.840325,40.2,0.19,4500.0,2,85.3,0.0,79.2,-0.21,Highway,Medium,27.1,0.701,0,60.44,16.13,40.1,excessive_revving
V006,2026-08-22T11:01:18,Van,8,2.0,3077.9,Petrol,19.034652,72.840407,40.9,0.19,4500.0,2,87.5,0.0,76.9,-0.42,Highway,Medium,29.5,0.712,0,60.43,16.41,40.1,excessive_revving
V006,2026-08-22T11:01:19,Van,8,2.0,3077.9,Petrol,19.034751,72.840486,39.5,-0.4,4500.0,2,88.1,0.0,80.6,-0.51,Highway,Medium,27.3,0.723,0,60.43,15.82,40.1,excessive_revving
V006,2026-08-22T11:01:20,Van,8,2.0,3077.9,Petrol,19.034852,72.840566,40.3,0.24,4500.0,2,85.4,0.0,88.3,0.8,Highway,Medium,28.3,0.734,0,60.42,16.17,40.1,excessive_revving
V006,2026-08-22T11:01:21,Van,8,2.0,3077.9,Petrol,19.034953,72.840647,40.3,-0.01,4500.0,2,77.0,0.0,82.4,-0.97,Highway,Medium,27.7,0.746,0,60.42,16.16,40.1,excessive_revving
V006,2026-08-22T11:01:22,Van,8,2.0,3077.9,Petrol,19.035056,72.84073,41.4,0.32,4500.0,2,81.2,0.0,79.0,0.2,Highway,Medium,28.3,0.757,0,60.42,16.62,40.1,excessive_revving
V006,2026-08-22T11:01:23,Van,8,2.0,3077.9,Petrol,19.035154,72.840808,39.3,-0.61,4500.0,2,78.3,0.0,79.0,-0.14,Highway,Medium,29.6,0.768,0,60.41,15.75,40.1,excessive_revving
V006,2026-08-22T11:01:24,Van,8,2.0,3077.9,Petrol,19.035251,72.840885,38.5,-0.21,4500.0,2,70.1,0.0,83.2,1.56,Highway,Medium,27.8,0.779,0,60.41,15.45,40.1,excessive_revving
V006,2026-08-22T11:01:25,Van,8,2.0,3077.9,Petrol,19.035342,72.840959,36.6,-0.52,4500.0,2,76.5,0.0,85.9,-1.04,Highway,Medium,29.1,0.789,0,60.4,14.69,40.1,excessive_revving
V006,2026-08-22T11:01:26,Van,8,2.0,3077.9,Petrol,19.035433,72.841031,36.2,-0.12,4500.0,2,86.5,0.0,83.1,-0.17,Highway,Medium,25.3,0.799,0,60.4,14.53,40.1,excessive_revving
V006,2026-08-22T11:01:27,Van,8,2.0,3077.9,Petrol,19.035528,72.841107,38.1,0.53,4500.0,2,79.4,0.0,74.9,-0.41,Highway,Medium,28.1,0.81,0,60.39,15.29,40.1,excessive_revving
V006,2026-08-22T11:01:28,Van,8,2.0,3077.9,Petrol,19.035619,72.84118,36.4,-0.47,4500.0,2,68.8,0.0,78.6,0.23,Highway,Medium,30.0,0.82,0,60.39,14.61,40.1,excessive_revving
V006,2026-08-22T11:01:29,Van,8,2.0,3077.9,Petrol,19.03571,72.841253,36.3,-0.04,4500.0,2,84.9,0.0,73.3,-1.4,Highway,Medium,25.5,0.83,0,60.39,14.56,40.1,excessive_revving
V006,2026-08-22T11:01:30,Van,8,2.0,3077.9,Petrol,19.035803,72.841327,37.0,0.2,4500.0,2,87.2,0.0,72.3,0.79,Highway,Medium,27.3,0.84,0,60.38,14.85,40.1,excessive_revving
V006,2026-08-22T11:01:31,Van,8,2.0,3077.9,Petrol,19.035897,72.841403,37.8,0.22,4500.0,2,67.8,0.0,79.3,1.62,Highway,Medium,29.3,0.851,0,60.38,15.16,40.1,excessive_revving
V006,2026-08-22T11:01:32,Van,8,2.0,3077.9,Petrol,19.035993,72.841479,38.5,0.19,4500.0,2,72.5,0.0,72.8,0.71,Highway,Medium,30.3,0.861,0,60.37,15.43,40.1,excessive_revving
V006,2026-08-22T11:01:33,Van,8,2.0,3077.9,Petrol,19.036091,72.841557,39.0,0.14,4500.0,2,80.1,0.0,78.1,-0.01,Highway,Medium,29.2,0.872,0,60.37,15.63,40.1,excessive_revving
V006,2026-08-22T11:01:34,Van,8,2.0,3077.9,Petrol,19.03619,72.841636,39.5,0.14,4500.0,2,77.1,0.0,82.1,-1.14,Highway,Medium,29.5,0.883,0,60.36,15.84,40.1,excessive_revving
V006,2026-08-22T11:01:35,Van,8,2.0,3077.9,Petrol,19.036287,72.841714,38.9,-0.15,4500.0,2,77.8,0.0,71.7,0.6,Highway,Medium,28.4,0.894,0,60.36,15.62,40.1,excessive_revving
V006,2026-08-22T11:01:36,Van,8,2.0,3077.9,Petrol,19.036384,72.841792,38.9,-0.01,4500.0,2,79.6,0.0,86.6,-0.11,Highway,Medium,28.7,0.905,0,60.36,15.6,40.1,excessive_revving
V006,2026-08-22T11:01:37,Van,8,2.0,3077.9,Petrol,19.036483,72.841871,39.4,0.14,4500.0,2,72.9,0.0,76.4,-0.78,Highway,Medium,25.7,0.916,0,60.35,15.81,40.1,excessive_revving
V006,2026-08-22T11:01:38,Van,8,2.0,3077.9,Petrol,19.036582,72.84195,39.6,0.05,4500.0,2,87.1,0.0,87.9,0.4,Highway,Medium,28.9,0.927,0,60.35,15.88,40.1,excessive_revving
V006,2026-08-22T11:01:39,Van,8,2.0,3077.9,Petrol,19.036679,72.842028,38.9,-0.2,4500.0,2,75.0,0.0,87.9,0.29,Highway,Medium,29.6,0.937,0,60.34,15.6,40.1,excessive_revving
V006,2026-08-22T11:01:40,Van,8,2.0,3077.9,Petrol,19.036776,72.842105,38.8,-0.04,4500.0,2,71.4,0.0,85.6,-0.63,Highway,Medium,25.1,0.948,0,60.34,15.54,40.1,excessive_revving
V006,2026-08-22T11:01:41,Van,8,2.0,3077.9,Petrol,19.036872,72.842182,38.3,-0.12,4500.0,2,80.8,0.0,78.3,-0.36,Highway,Medium,28.8,0.959,0,60.33,15.38,40.1,excessive_revving
V006,2026-08-22T11:01:42,Van,8,2.0,3077.9,Petrol,19.03697,72.842261,39.3,0.27,4500.0,2,72.9,0.0,72.5,-1.31,Highway,Medium,27.3,0.97,0,60.33,15.76,40.1,excessive_revving
V006,2026-08-22T11:01:43,Van,8,2.0,3077.9,Petrol,19.037067,72.842338,38.7,-0.17,4500.0,2,68.8,0.0,86.7,1.48,Highway,Medium,26.1,0.98,0,60.33,15.51,40.1,excessive_revving
V006,2026-08-22T11:01:44,Van,8,2.0,3077.9,Petrol,19.037159,72.842412,37.1,-0.44,4500.0,2,77.2,0.0,75.6,0.11,Highway,Medium,30.0,0.991,0,60.32,14.88,40.1,excessive_revving
V006,2026-08-22T11:01:45,Van,8,2.0,3077.9,Petrol,19.037252,72.842486,37.0,-0.02,4500.0,2,67.8,0.0,89.2,0.05,Highway,Medium,28.3,1.001,0,60.32,14.85,40.1,excessive_revving
V006,2026-08-22T11:01:46,Van,8,2.0,3077.9,Petrol,19.037338,72.842555,34.5,-0.7,4500.0,1,79.5,0.0,73.7,-0.08,Highway,Medium,31.5,1.011,0,60.31,13.83,40.1,excessive_revving
V006,2026-08-22T11:01:47,Van,8,2.0,3077.9,Petrol,19.037424,72.842624,34.3,-0.05,4500.0,1,79.6,0.0,89.3,-1.09,Highway,Medium,26.4,1.02,0,60.31,13.76,40.1,excessive_revving
V006,2026-08-22T11:01:48,Van,8,2.0,3077.9,Petrol,19.037507,72.84269,33.3,-0.29,4500.0,1,77.6,0.0,81.2,0.62,Highway,Medium,29.5,1.029,0,60.31,13.34,40.1,excessive_revving
V006,2026-08-22T11:01:49,Van,8,2.0,3077.9,Petrol,19.037592,72.842758,33.8,0.15,4500.0,1,75.3,0.0,79.1,0.47,Highway,Medium,25.6,1.039,0,60.3,13.56,40.1,excessive_revving
V006,2026-08-22T11:01:50,Van,8,2.0,3077.9,Petrol,19.037676,72.842825,33.6,-0.06,4500.0,1,71.6,0.0,74.3,0.23,Highway,Medium,30.4,1.048,0,60.3,13.47,40.1,excessive_revving
V006,2026-08-22T11:01:51,Van,8,2.0,3077.9,Petrol,19.037756,72.842889,31.9,-0.46,4500.0,1,73.2,0.0,77.8,0.7,Highway,Medium,25.4,1.057,0,60.3,12.81,40.1,excessive_revving
V006,2026-08-22T11:01:52,Van,8,2.0,3077.9,Petrol,19.037838,72.842955,33.1,0.31,4500.0,1,73.4,0.0,80.9,-0.27,Highway,Medium,29.4,1.066,0,60.29,13.26,40.1,excessive_revving
V006,2026-08-22T11:01:53,Van,8,2.0,3077.9,Petrol,19.037922,72.843022,33.3,0.08,4500.0,1,85.9,0.0,75.8,0.86,Highway,Medium,30.8,1.075,0,60.29,13.37,40.1,excessive_revving
V006,2026-08-22T11:01:54,Van,8,2.0,3077.9,Petrol,19.038007,72.843091,34.3,0.27,4500.0,1,89.0,0.0,85.7,0.01,Highway,Medium,26.9,1.085,0,60.28,13.76,40.1,excessive_revving
V006,2026-08-22T11:01:55,Van,8,2.0,3077.9,Petrol,19.038094,72.84316,34.7,0.11,4500.0,1,74.5,0.0,82.3,-1.07,Highway,Medium,27.3,1.095,0,60.28,13.91,40.1,excessive_revving
V006,2026-08-22T11:01:56,Van,8,2.0,3077.9,Petrol,19.03818,72.843229,34.4,-0.08,4500.0,1,78.9,0.0,80.3,-0.58,Highway,Medium,26.1,1.104,0,60.28,13.79,40.1,excessive_revving
V006,2026-08-22T11:01:57,Van,8,2.0,3077.9,Petrol,19.038266,72.843298,34.4,0.0,4500.0,1,76.9,0.0,89.6,0.77,Highway,Medium,26.4,1.114,0,60.27,13.79,40.1,excessive_revving
V006,2026-08-22T11:01:58,Van,8,2.0,3077.9,Petrol,19.03835,72.843365,33.8,-0.17,4500.0,1,73.0,0.0,86.0,-0.64,Highway,Medium,27.5,1.123,0,60.27,13.55,40.1,excessive_revving
V006,2026-08-22T11:01:59,Van,8,2.0,3077.9,Petrol,19.038434,72.843432,33.4,-0.1,4500.0,1,89.4,0.0,76.7,-0.3,Highway,Medium,27.5,1.132,0,60.26,13.4,40.1,excessive_revving
V006,2026-08-22T13:00:00,Van,8,2.0,3187.2,Petrol,19.091304,72.85614,40.5,2.94,4500.0,2,88.2,0.0,91.2,0.98,Highway,Low,29.4,0.011,0,41.92,10.65,26.31,harsh_acceleration
V006,2026-08-22T13:00:01,Van,8,2.0,3187.2,Petrol,19.091431,72.856242,50.8,2.87,4500.0,2,93.2,0.0,88.6,-0.91,Highway,Low,29.1,0.025,0,41.92,12.63,24.86,harsh_acceleration
V006,2026-08-22T13:00:02,Van,8,2.0,3187.2,Petrol,19.091588,72.856368,62.9,3.35,4500.0,3,93.5,0.0,93.0,-0.85,Highway,Low,24.9,0.043,0,41.91,15.18,24.15,harsh_acceleration
V006,2026-08-22T13:00:03,Van,8,2.0,3187.2,Petrol,19.091771,72.856514,73.2,2.88,4500.0,4,90.0,0.0,96.3,0.55,Highway,Low,31.1,0.063,0,41.91,17.85,24.37,harsh_acceleration
V006,2026-08-22T13:00:04,Van,8,2.0,3187.2,Petrol,19.091983,72.856683,84.5,3.14,4500.0,4,86.7,0.0,91.5,-0.05,Highway,Low,28.8,0.087,0,41.9,21.56,25.51,harsh_acceleration
V006,2026-08-22T13:00:05,Van,8,2.0,3187.2,Petrol,19.092224,72.856877,96.7,3.38,4500.0,5,85.8,0.0,96.8,0.69,Highway,Low,27.9,0.114,0,41.9,26.85,27.76,harsh_acceleration
V006,2026-08-22T13:00:06,Van,8,2.0,3187.2,Petrol,19.092487,72.857087,105.0,3.61,4500.0,5,93.9,0.0,93.2,0.61,Highway,Low,26.2,0.143,0,41.89,31.42,29.92,harsh_acceleration
V006,2026-08-22T13:00:07,Van,8,2.0,3187.2,Petrol,19.092749,72.857297,105.0,2.66,4500.0,5,91.5,0.0,99.0,0.47,Highway,Low,30.4,0.172,0,41.88,31.42,29.92,harsh_acceleration
V006,2026-08-22T13:00:08,Van,8,2.0,3187.2,Petrol,19.093012,72.857507,105.0,3.99,4500.0,5,99.3,0.0,95.0,-0.66,Highway,Low,28.9,0.201,0,41.87,31.42,29.92,harsh_acceleration
V006,2026-08-22T13:00:09,Van,8,2.0,3187.2,Petrol,19.093274,72.857717,105.0,3.34,4500.0,5,85.4,0.0,95.9,-0.1,Highway,Low,26.7,0.23,0,41.86,31.42,29.92,harsh_acceleration
V006,2026-08-22T13:00:10,Van,8,2.0,3187.2,Petrol,19.093537,72.857927,105.0,4.17,4500.0,5,95.5,0.0,90.3,0.67,Highway,Low,26.8,0.259,0,41.85,31.42,29.92,harsh_acceleration
V006,2026-08-22T13:00:11,Van,8,2.0,3187.2,Petrol,19.093799,72.858137,105.0,2.98,4500.0,5,85.9,0.0,92.0,0.14,Highway,Low,27.1,0.289,0,41.84,31.42,29.92,harsh_acceleration
V006,2026-08-22T13:00:12,Van,8,2.0,3187.2,Petrol,19.094062,72.858347,105.0,3.78,4500.0,5,90.6,0.0,99.8,0.49,Highway,Low,26.4,0.318,0,41.83,31.42,29.92,harsh_acceleration
V006,2026-08-22T13:00:13,Van,8,2.0,3187.2,Petrol,19.094324,72.858557,105.0,4.01,4500.0,5,93.7,0.0,99.5,0.39,Highway,Low,28.9,0.347,0,41.83,31.42,29.92,harsh_acceleration
V006,2026-08-22T13:00:14,Van,8,2.0,3187.2,Petrol,19.094587,72.858767,105.0,2.62,4500.0,5,91.6,0.0,89.6,0.49,Highway,Low,28.0,0.376,0,41.82,31.42,29.92,harsh_acceleration
V006,2026-08-22T13:00:15,Van,8,2.0,3187.2,Petrol,19.094849,72.858977,105.0,3.06,4500.0,5,87.4,0.0,99.1,-1.25,Highway,Low,26.8,0.405,0,41.81,31.42,29.92,harsh_acceleration
V006,2026-08-22T13:00:16,Van,8,2.0,3187.2,Petrol,19.095112,72.859187,105.0,2.97,4500.0,5,96.7,0.0,90.1,0.19,Highway,Low,29.8,0.434,0,41.8,31.42,29.92,harsh_acceleration
V006,2026-08-22T13:00:17,Van,8,2.0,3187.2,Petrol,19.095374,72.859397,105.0,3.52,4500.0,5,90.2,0.0,90.7,1.41,Highway,Low,27.6,0.464,0,41.79,31.42,29.92,harsh_acceleration
V006,2026-08-22T13:00:18,Van,8,2.0,3187.2,Petrol,19.095637,72.859607,105.0,3.51,4500.0,5,87.0,0.0,91.0,0.42,Highway,Low,24.1,0.493,0,41.78,31.42,29.92,harsh_acceleration
V006,2026-08-22T13:00:19,Van,8,2.0,3187.2,Petrol,19.095899,72.859817,105.0,2.75,4500.0,5,88.3,0.0,96.6,0.3,Highway,Low,27.4,0.522,0,41.77,31.42,29.92,harsh_acceleration
V006,2026-08-22T13:00:20,Van,8,2.0,3187.2,Petrol,19.096162,72.860027,105.0,3.05,4500.0,5,99.8,0.0,90.7,1.32,Highway,Low,29.0,0.551,0,41.76,31.42,29.92,harsh_acceleration
V006,2026-08-22T13:00:21,Van,8,2.0,3187.2,Petrol,19.096424,72.860237,105.0,2.65,4500.0,5,86.2,0.0,95.1,-0.37,Highway,Low,27.8,0.58,0,41.76,31.42,29.92,harsh_acceleration
V006,2026-08-22T13:00:22,Van,8,2.0,3187.2,Petrol,19.096687,72.860447,105.0,2.62,4500.0,5,87.0,0.0,91.0,0.94,Highway,Low,27.4,0.609,0,41.75,31.42,29.92,harsh_acceleration
V006,2026-08-22T13:00:23,Van,8,2.0,3187.2,Petrol,19.096949,72.860657,105.0,3.1,4500.0,5,94.4,0.0,90.8,-0.05,Highway,Low,27.3,0.639,0,41.74,31.42,29.92,harsh_acceleration
V006,2026-08-22T13:00:24,Van,8,2.0,3187.2,Petrol,19.097212,72.860867,105.0,2.67,4500.0,5,98.8,0.0,94.5,-0.45,Highway,Low,29.8,0.668,0,41.73,31.42,29.92,harsh_acceleration
V006,2026-08-22T13:00:25,Van,8,2.0,3187.2,Petrol,19.097474,72.861077,105.0,3.45,4500.0,5,87.6,0.0,91.8,-0.65,Highway,Low,30.2,0.697,0,41.72,31.42,29.92,harsh_acceleration
V006,2026-08-22T13:00:26,Van,8,2.0,3187.2,Petrol,19.097737,72.861287,105.0,3.95,4500.0,5,86.8,0.0,91.7,-0.15,Highway,Low,30.3,0.726,0,41.71,31.42,29.92,harsh_acceleration
V006,2026-08-22T13:00:27,Van,8,2.0,3187.2,Petrol,19.097999,72.861497,105.0,3.96,4500.0,5,97.9,0.0,94.5,0.14,Highway,Low,25.6,0.755,0,41.7,31.42,29.92,harsh_acceleration
V006,2026-08-22T13:00:28,Van,8,2.0,3187.2,Petrol,19.098262,72.861707,105.0,3.83,4500.0,5,90.6,0.0,92.1,0.22,Highway,Low,25.4,0.784,0,41.69,31.42,29.92,harsh_acceleration
V006,2026-08-22T13:00:29,Van,8,2.0,3187.2,Petrol,19.098524,72.861917,105.0,3.62,4500.0,5,90.4,0.0,88.3,0.57,Highway,Low,30.6,0.814,0,41.69,31.42,29.92,harsh_acceleration
V006,2026-08-22T13:00:30,Van,8,2.0,3187.2,Petrol,19.098787,72.862127,105.0,3.66,4500.0,5,88.3,0.0,95.9,0.88,Highway,Low,28.6,0.843,0,41.68,31.42,29.92,harsh_acceleration
V006,2026-08-22T13:00:31,Van,8,2.0,3187.2,Petrol,19.099049,72.862337,105.0,3.43,4500.0,5,87.4,0.0,94.2,-0.92,Highway,Low,27.3,0.872,0,41.67,31.42,29.92,harsh_acceleration
V006,2026-08-22T13:00:32,Van,8,2.0,3187.2,Petrol,19.099312,72.862547,105.0,4.14,4500.0,5,96.4,0.0,91.6,0.37,Highway,Low,26.7,0.901,0,41.66,31.42,29.92,harsh_acceleration
V006,2026-08-22T13:00:33,Van,8,2.0,3187.2,Petrol,19.099574,72.862757,105.0,3.64,4500.0,5,92.9,0.0,97.3,0.61,Highway,Low,27.2,0.93,0,41.65,31.42,29.92,harsh_acceleration
V006,2026-08-22T13:00:34,Van,8,2.0,3187.2,Petrol,19.099837,72.862967,105.0,3.76,4500.0,5,97.1,0.0,99.3,1.03,Highway,Low,26.9,0.959,0,41.64,31.42,29.92,harsh_acceleration
V006,2026-08-22T13:00:35,Van,8,2.0,3187.2,Petrol,19.100099,72.863177,105.0,3.71,4500.0,5,85.2,0.0,95.4,1.14,Highway,Low,28.5,0.989,0,41.63,31.42,29.92,harsh_acceleration
V006,2026-08-22T13:00:36,Van,8,2.0,3187.2,Petrol,19.100362,72.863387,105.0,3.5,4500.0,5,97.0,0.0,91.9,1.14,Highway,Low,28.9,1.018,0,41.62,31.42,29.92,harsh_acceleration
V006,2026-08-22T13:00:37,Van,8,2.0,3187.2,Petrol,19.100624,72.863597,105.0,3.87,4500.0,5,98.1,0.0,97.6,-0.02,Highway,Low,28.3,1.047,0,41.62,31.42,29.92,harsh_acceleration
V006,2026-08-22T13:00:38,Van,8,2.0,3187.2,Petrol,19.100887,72.863807,105.0,3.81,4500.0,5,89.1,0.0,97.6,-0.5,Highway,Low,29.3,1.076,0,41.61,31.42,29.92,harsh_acceleration
V006,2026-08-22T13:00:39,Van,8,2.0,3187.2,Petrol,19.101149,72.864017,105.0,3.92,4500.0,5,89.6,0.0,98.6,0.34,Highway,Low,26.2,1.105,0,41.6,31.42,29.92,harsh_acceleration
V006,2026-08-22T13:00:40,Van,8,2.0,3187.2,Petrol,19.101412,72.864227,105.0,2.85,4500.0,5,85.4,0.0,97.6,0.26,Highway,Low,29.0,1.134,0,41.59,31.42,29.92,harsh_acceleration
V006,2026-08-22T13:00:41,Van,8,2.0,3187.2,Petrol,19.101674,72.864437,105.0,2.75,4500.0,5,92.8,0.0,89.9,-0.28,Highway,Low,27.2,1.164,0,41.58,31.42,29.92,harsh_acceleration
V006,2026-08-22T13:00:42,Van,8,2.0,3187.2,Petrol,19.101937,72.864647,105.0,2.78,4500.0,5,91.4,0.0,98.2,0.05,Highway,Low,27.5,1.193,0,41.57,31.42,29.92,harsh_acceleration
V006,2026-08-22T13:00:43,Van,8,2.0,3187.2,Petrol,19.102199,72.864857,105.0,2.72,4500.0,5,87.1,0.0,89.8,0.03,Highway,Low,28.9,1.222,0,41.56,31.42,29.92,harsh_acceleration
V006,2026-08-22T13:00:44,Van,8,2.0,3187.2,Petrol,19.102462,72.865067,105.0,2.66,4500.0,5,95.9,0.0,95.1,-1.48,Highway,Low,28.6,1.251,0,41.56,31.42,29.92,harsh_acceleration
V006,2026-08-22T13:00:45,Van,8,2.0,3187.2,Petrol,19.102724,72.865277,105.0,3.15,4500.0,5,95.9,0.0,95.3,0.76,Highway,Low,27.5,1.28,0,41.55,31.42,29.92,harsh_acceleration
V006,2026-08-22T13:00:46,Van,8,2.0,3187.2,Petrol,19.102987,72.865487,105.0,3.76,4500.0,5,99.6,0.0,98.2,-0.16,Highway,Low,28.3,1.309,0,41.54,31.42,29.92,harsh_acceleration
V006,2026-08-22T13:00:47,Van,8,2.0,3187.2,Petrol,19.103249,72.865697,105.0,3.47,4500.0,5,91.9,0.0,96.6,1.04,Highway,Low,27.3,1.339,0,41.53,31.42,29.92,harsh_acceleration
V006,2026-08-22T13:00:48,Van,8,2.0,3187.2,Petrol,19.103512,72.865907,105.0,2.82,4500.0,5,95.7,0.0,94.4,0.18,Highway,Low,28.9,1.368,0,41.52,31.42,29.92,harsh_acceleration
V006,2026-08-22T13:00:49,Van,8,2.0,3187.2,Petrol,19.103774,72.866117,105.0,3.23,4500.0,5,99.0,0.0,98.8,-1.32,Highway,Low,28.7,1.397,0,41.51,31.42,29.92,harsh_acceleration
V006,2026-08-22T13:00:50,Van,8,2.0,3187.2,Petrol,19.104037,72.866327,105.0,3.37,4500.0,5,90.2,0.0,89.9,0.49,Highway,Low,25.9,1.426,0,41.5,31.42,29.92,harsh_acceleration
V006,2026-08-22T13:00:51,Van,8,2.0,3187.2,Petrol,19.104299,72.866537,105.0,2.98,4500.0,5,98.0,0.0,90.0,0.3,Highway,Low,26.8,1.455,0,41.49,31.42,29.92,harsh_acceleration
V006,2026-08-22T13:00:52,Van,8,2.0,3187.2,Petrol,19.104562,72.866747,105.0,2.81,4500.0,5,88.0,0.0,95.4,0.33,Highway,Low,28.8,1.484,0,41.49,31.42,29.92,harsh_acceleration
V006,2026-08-22T13:00:53,Van,8,2.0,3187.2,Petrol,19.104824,72.866957,105.0,2.91,4500.0,5,95.8,0.0,93.2,0.45,Highway,Low,28.6,1.514,0,41.48,31.42,29.92,harsh_acceleration
V006,2026-08-22T13:00:54,Van,8,2.0,3187.2,Petrol,19.105087,72.867167,105.0,2.63,4500.0,5,87.8,0.0,96.1,-1.81,Highway,Low,28.5,1.543,0,41.47,31.42,29.92,harsh_acceleration
V006,2026-08-22T13:00:55,Van,8,2.0,3187.2,Petrol,19.105349,72.867377,105.0,3.02,4500.0,5,88.4,0.0,92.7,-0.51,Highway,Low,27.7,1.572,0,41.46,31.42,29.92,harsh_acceleration
V006,2026-08-22T13:00:56,Van,8,2.0,3187.2,Petrol,19.105612,72.867587,105.0,4.19,4500.0,5,90.9,0.0,92.0,0.1,Highway,Low,28.5,1.601,0,41.45,31.42,29.92,harsh_acceleration
V006,2026-08-22T13:00:57,Van,8,2.0,3187.2,Petrol,19.105874,72.867797,105.0,3.29,4500.0,5,90.9,0.0,98.4,0.9,Highway,Low,30.2,1.63,0,41.44,31.42,29.92,harsh_acceleration
V006,2026-08-22T13:00:58,Van,8,2.0,3187.2,Petrol,19.106137,72.868007,105.0,3.95,4500.0,5,97.6,0.0,96.2,-0.75,Highway,Low,28.3,1.659,0,41.43,31.42,29.92,harsh_acceleration
V006,2026-08-22T13:00:59,Van,8,2.0,3187.2,Petrol,19.106399,72.868217,105.0,4.16,4500.0,5,95.3,0.0,89.9,-1.74,Highway,Low,29.3,1.689,0,41.42,31.42,29.92,harsh_acceleration
V006,2026-08-22T13:01:00,Van,8,2.0,3187.2,Petrol,19.106662,72.868427,105.0,4.05,4500.0,5,95.3,0.0,98.7,0.33,Highway,Low,28.7,1.718,0,41.42,31.42,29.92,harsh_acceleration
V006,2026-08-22T13:01:01,Van,8,2.0,3187.2,Petrol,19.106924,72.868637,105.0,3.81,4500.0,5,99.8,0.0,97.9,1.41,Highway,Low,25.9,1.747,0,41.41,31.42,29.92,harsh_acceleration
V006,2026-08-22T13:01:02,Van,8,2.0,3187.2,Petrol,19.107187,72.868847,105.0,3.51,4500.0,5,89.8,0.0,98.7,0.7,Highway,Low,28.3,1.776,0,41.4,31.42,29.92,harsh_acceleration
V006,2026-08-22T13:01:03,Van,8,2.0,3187.2,Petrol,19.107449,72.869057,105.0,2.6,4500.0,5,91.4,0.0,94.5,-0.25,Highway,Low,27.2,1.805,0,41.39,31.42,29.92,harsh_acceleration
V006,2026-08-22T13:01:04,Van,8,2.0,3187.2,Petrol,19.107712,72.869267,105.0,3.62,4500.0,5,89.3,0.0,95.1,-0.68,Highway,Low,28.5,1.834,0,41.38,31.42,29.92,harsh_acceleration
V006,2026-08-22T13:01:05,Van,8,2.0,3187.2,Petrol,19.107974,72.869477,105.0,3.67,4500.0,5,97.0,0.0,89.7,0.94,Highway,Low,26.0,1.864,0,41.37,31.42,29.92,harsh_acceleration
V006,2026-08-22T13:01:06,Van,8,2.0,3187.2,Petrol,19.108237,72.869687,105.0,2.76,4500.0,5,88.2,0.0,91.3,0.83,Highway,Low,29.6,1.893,0,41.36,31.42,29.92,harsh_acceleration
V006,2026-08-22T13:01:07,Van,8,2.0,3187.2,Petrol,19.108499,72.869897,105.0,3.81,4500.0,5,86.6,0.0,98.8,0.53,Highway,Low,29.0,1.922,0,41.35,31.42,29.92,harsh_acceleration
V006,2026-08-22T13:01:08,Van,8,2.0,3187.2,Petrol,19.108762,72.870107,105.0,2.95,4500.0,5,91.6,0.0,91.8,-0.58,Highway,Low,26.1,1.951,0,41.35,31.42,29.92,harsh_acceleration
V006,2026-08-22T13:01:09,Van,8,2.0,3187.2,Petrol,19.109024,72.870317,105.0,4.05,4500.0,5,97.8,0.0,93.6,0.73,Highway,Low,32.7,1.98,0,41.34,31.42,29.92,harsh_acceleration
V006,2026-08-22T13:01:10,Van,8,2.0,3187.2,Petrol,19.109287,72.870527,105.0,2.94,4500.0,5,88.7,0.0,97.0,0.26,Highway,Low,30.1,2.009,0,41.33,31.42,29.92,harsh_acceleration
V006,2026-08-22T13:01:11,Van,8,2.0,3187.2,Petrol,19.109549,72.870737,105.0,2.9,4500.0,5,98.8,0.0,92.7,0.99,Highway,Low,26.7,2.039,0,41.32,31.42,29.92,harsh_acceleration
V006,2026-08-22T13:01:12,Van,8,2.0,3187.2,Petrol,19.109812,72.870947,105.0,2.84,4500.0,5,95.7,0.0,93.1,-0.06,Highway,Low,27.9,2.068,0,41.31,31.42,29.92,harsh_acceleration
V006,2026-08-22T13:01:13,Van,8,2.0,3187.2,Petrol,19.110074,72.871157,105.0,3.12,4500.0,5,86.2,0.0,92.6,1.52,Highway,Low,26.4,2.097,0,41.3,31.42,29.92,harsh_acceleration
V006,2026-08-22T13:01:14,Van,8,2.0,3187.2,Petrol,19.110337,72.871367,105.0,3.05,4500.0,5,95.3,0.0,99.1,0.48,Highway,Low,30.6,2.126,0,41.29,31.42,29.92,harsh_acceleration
V006,2026-08-22T13:01:15,Van,8,2.0,3187.2,Petrol,19.110599,72.871577,105.0,4.16,4500.0,5,97.3,0.0,97.1,0.13,Highway,Low,29.4,2.155,0,41.28,31.42,29.92,harsh_acceleration
V006,2026-08-22T13:01:16,Van,8,2.0,3187.2,Petrol,19.110862,72.871787,105.0,3.74,4500.0,5,96.7,0.0,96.6,-0.1,Highway,Low,27.4,2.184,0,41.28,31.42,29.92,harsh_acceleration
V006,2026-08-22T13:01:17,Van,8,2.0,3187.2,Petrol,19.111124,72.871997,105.0,3.42,4500.0,5,93.0,0.0,96.4,-0.36,Highway,Low,25.5,2.214,0,41.27,31.42,29.92,harsh_acceleration
V006,2026-08-22T13:01:18,Van,8,2.0,3187.2,Petrol,19.111387,72.872207,105.0,3.09,4500.0,5,93.8,0.0,97.1,-0.69,Highway,Low,27.5,2.243,0,41.26,31.42,29.92,harsh_acceleration
V006,2026-08-22T13:01:19,Van,8,2.0,3187.2,Petrol,19.111649,72.872417,105.0,2.95,4500.0,5,85.1,0.0,97.2,0.55,Highway,Low,27.1,2.272,0,41.25,31.42,29.92,harsh_acceleration
V006,2026-08-22T13:01:20,Van,8,2.0,3187.2,Petrol,19.111912,72.872627,105.0,2.85,4500.0,5,96.8,0.0,95.0,0.19,Highway,Low,28.1,2.301,0,41.24,31.42,29.92,harsh_acceleration
V006,2026-08-22T13:01:21,Van,8,2.0,3187.2,Petrol,19.112174,72.872837,105.0,3.94,4500.0,5,96.1,0.0,97.5,-0.22,Highway,Low,28.2,2.33,0,41.23,31.42,29.92,harsh_acceleration
V006,2026-08-22T13:01:22,Van,8,2.0,3187.2,Petrol,19.112437,72.873047,105.0,3.85,4500.0,5,93.0,0.0,95.5,-0.5,Highway,Low,27.5,2.359,0,41.22,31.42,29.92,harsh_acceleration
V006,2026-08-22T13:01:23,Van,8,2.0,3187.2,Petrol,19.112699,72.873257,105.0,3.71,4500.0,5,97.8,0.0,92.9,-0.57,Highway,Low,27.4,2.389,0,41.21,31.42,29.92,harsh_acceleration
V006,2026-08-22T13:01:24,Van,8,2.0,3187.2,Petrol,19.112962,72.873467,105.0,3.49,4500.0,5,89.5,0.0,96.8,-1.37,Highway,Low,28.3,2.418,0,41.21,31.42,29.92,harsh_acceleration
V006,2026-08-22T13:01:25,Van,8,2.0,3187.2,Petrol,19.113224,72.873677,105.0,4.1,4500.0,5,90.1,0.0,92.8,-1.59,Highway,Low,30.0,2.447,0,41.2,31.42,29.92,harsh_acceleration
V006,2026-08-22T13:01:26,Van,8,2.0,3187.2,Petrol,19.113487,72.873887,105.0,3.48,4500.0,5,94.3,0.0,97.0,1.27,Highway,Low,28.5,2.476,0,41.19,31.42,29.92,harsh_acceleration
V006,2026-08-22T13:01:27,Van,8,2.0,3187.2,Petrol,19.113749,72.874097,105.0,2.92,4500.0,5,96.7,0.0,88.9,1.26,Highway,Low,27.2,2.505,0,41.18,31.42,29.92,harsh_acceleration
V006,2026-08-22T13:01:28,Van,8,2.0,3187.2,Petrol,19.114012,72.874307,105.0,4.12,4500.0,5,93.9,0.0,94.0,0.14,Highway,Low,32.7,2.534,0,41.17,31.42,29.92,harsh_acceleration
V006,2026-08-22T13:01:29,Van,8,2.0,3187.2,Petrol,19.114274,72.874517,105.0,3.58,4500.0,5,97.3,0.0,90.5,0.12,Highway,Low,27.2,2.564,0,41.16,31.42,29.92,harsh_acceleration
V006,2026-08-22T13:01:30,Van,8,2.0,3187.2,Petrol,19.114537,72.874727,105.0,3.45,4500.0,5,97.9,0.0,99.4,-0.34,Highway,Low,27.9,2.593,0,41.15,31.42,29.92,harsh_acceleration
V006,2026-08-22T13:01:31,Van,8,2.0,3187.2,Petrol,19.114799,72.874937,105.0,3.49,4500.0,5,94.4,0.0,93.4,0.35,Highway,Low,30.1,2.622,0,41.14,31.42,29.92,harsh_acceleration
V006,2026-08-22T13:01:32,Van,8,2.0,3187.2,Petrol,19.115062,72.875147,105.0,3.54,4500.0,5,97.7,0.0,96.7,0.03,Highway,Low,30.6,2.651,0,41.14,31.42,29.92,harsh_acceleration
V006,2026-08-22T13:01:33,Van,8,2.0,3187.2,Petrol,19.115324,72.875357,105.0,3.64,4500.0,5,92.5,0.0,88.5,0.81,Highway,Low,27.6,2.68,0,41.13,31.42,29.92,harsh_acceleration
V006,2026-08-22T13:01:34,Van,8,2.0,3187.2,Petrol,19.115587,72.875567,105.0,3.76,4500.0,5,86.0,0.0,92.8,2.25,Highway,Low,26.6,2.709,0,41.12,31.42,29.92,harsh_acceleration
V006,2026-08-22T13:01:35,Van,8,2.0,3187.2,Petrol,19.115849,72.875777,105.0,3.5,4500.0,5,88.7,0.0,91.6,0.11,Highway,Low,27.5,2.739,0,41.11,31.42,29.92,harsh_acceleration
V006,2026-08-22T13:01:36,Van,8,2.0,3187.2,Petrol,19.116112,72.875987,105.0,2.75,4500.0,5,91.8,0.0,93.5,1.18,Highway,Low,29.6,2.768,0,41.1,31.42,29.92,harsh_acceleration
V006,2026-08-22T13:01:37,Van,8,2.0,3187.2,Petrol,19.116374,72.876197,105.0,3.58,4500.0,5,96.5,0.0,90.4,-0.57,Highway,Low,29.7,2.797,0,41.09,31.42,29.92,harsh_acceleration
V006,2026-08-22T13:01:38,Van,8,2.0,3187.2,Petrol,19.116637,72.876407,105.0,3.32,4500.0,5,87.8,0.0,97.7,-1.01,Highway,Low,28.7,2.826,0,41.08,31.42,29.92,harsh_acceleration
V006,2026-08-22T13:01:39,Van,8,2.0,3187.2,Petrol,19.116899,72.876617,105.0,3.46,4500.0,5,95.1,0.0,97.5,0.42,Highway,Low,27.7,2.855,0,41.08,31.42,29.92,harsh_acceleration
V006,2026-08-22T13:01:40,Van,8,2.0,3187.2,Petrol,19.117162,72.876827,105.0,2.83,4500.0,5,97.6,0.0,99.8,1.28,Highway,Low,25.5,2.884,0,41.07,31.42,29.92,harsh_acceleration
V006,2026-08-22T13:01:41,Van,8,2.0,3187.2,Petrol,19.117424,72.877037,105.0,3.56,4500.0,5,87.1,0.0,93.4,0.58,Highway,Low,25.9,2.914,0,41.06,31.42,29.92,harsh_acceleration
V006,2026-08-22T13:01:42,Van,8,2.0,3187.2,Petrol,19.117687,72.877247,105.0,3.15,4500.0,5,90.4,0.0,90.0,1.74,Highway,Low,26.4,2.943,0,41.05,31.42,29.92,harsh_acceleration
V006,2026-08-22T13:01:43,Van,8,2.0,3187.2,Petrol,19.117949,72.877457,105.0,2.81,4500.0,5,94.2,0.0,98.5,-0.46,Highway,Low,27.0,2.972,0,41.04,31.42,29.92,harsh_acceleration
V006,2026-08-22T13:01:44,Van,8,2.0,3187.2,Petrol,19.118212,72.877667,105.0,2.63,4500.0,5,85.9,0.0,90.1,1.38,Highway,Low,27.8,3.001,0,41.03,31.42,29.92,harsh_acceleration
V006,2026-08-22T13:01:45,Van,8,2.0,3187.2,Petrol,19.118474,72.877877,105.0,3.76,4500.0,5,89.0,0.0,97.4,-0.3,Highway,Low,28.3,3.03,0,41.02,31.42,29.92,harsh_acceleration
V006,2026-08-22T13:01:46,Van,8,2.0,3187.2,Petrol,19.118737,72.878087,105.0,4.18,4500.0,5,95.8,0.0,91.4,-0.65,Highway,Low,26.7,3.059,0,41.01,31.42,29.92,harsh_acceleration
V006,2026-08-22T13:01:47,Van,8,2.0,3187.2,Petrol,19.118999,72.878297,105.0,2.79,4500.0,5,88.5,0.0,94.4,1.69,Highway,Low,27.9,3.089,0,41.01,31.42,29.92,harsh_acceleration
V006,2026-08-22T13:01:48,Van,8,2.0,3187.2,Petrol,19.119262,72.878507,105.0,3.88,4500.0,5,93.7,0.0,94.0,0.16,Highway,Low,28.6,3.118,0,41.0,31.42,29.92,harsh_acceleration
V006,2026-08-22T13:01:49,Van,8,2.0,3187.2,Petrol,19.119524,72.878717,105.0,2.84,4500.0,5,90.6,0.0,95.8,0.43,Highway,Low,28.1,3.147,0,40.99,31.42,29.92,harsh_acceleration
V006,2026-08-22T13:01:50,Van,8,2.0,3187.2,Petrol,19.119787,72.878927,105.0,2.69,4500.0,5,86.0,0.0,96.5,0.7,Highway,Low,27.0,3.176,0,40.98,31.42,29.92,harsh_acceleration
V006,2026-08-22T13:01:51,Van,8,2.0,3187.2,Petrol,19.120049,72.879137,105.0,2.78,4500.0,5,85.2,0.0,90.3,1.0,Highway,Low,24.8,3.205,0,40.97,31.42,29.92,harsh_acceleration
V006,2026-08-22T13:01:52,Van,8,2.0,3187.2,Petrol,19.120312,72.879347,105.0,2.89,4500.0,5,94.6,0.0,91.7,1.55,Highway,Low,31.4,3.234,0,40.96,31.42,29.92,harsh_acceleration
V006,2026-08-22T13:01:53,Van,8,2.0,3187.2,Petrol,19.120574,72.879557,105.0,3.78,4500.0,5,95.6,0.0,88.5,-0.11,Highway,Low,26.9,3.264,0,40.95,31.42,29.92,harsh_acceleration
V006,2026-08-22T13:01:54,Van,8,2.0,3187.2,Petrol,19.120837,72.879767,105.0,2.94,4500.0,5,97.4,0.0,91.6,-0.07,Highway,Low,29.4,3.293,0,40.94,31.42,29.92,harsh_acceleration
V006,2026-08-22T13:01:55,Van,8,2.0,3187.2,Petrol,19.121099,72.879977,105.0,2.97,4500.0,5,94.7,0.0,94.1,-0.38,Highway,Low,28.9,3.322,0,40.94,31.42,29.92,harsh_acceleration
V006,2026-08-22T13:01:56,Van,8,2.0,3187.2,Petrol,19.121362,72.880187,105.0,3.51,4500.0,5,94.1,0.0,97.8,0.23,Highway,Low,26.6,3.351,0,40.93,31.42,29.92,harsh_acceleration
V006,2026-08-22T13:01:57,Van,8,2.0,3187.2,Petrol,19.121624,72.880397,105.0,4.04,4500.0,5,96.2,0.0,98.7,-0.17,Highway,Low,25.7,3.38,0,40.92,31.42,29.92,harsh_acceleration
V006,2026-08-22T13:01:58,Van,8,2.0,3187.2,Petrol,19.121887,72.880607,105.0,2.74,4500.0,5,88.9,0.0,89.2,-0.9,Highway,Low,27.5,3.409,0,40.91,31.42,29.92,harsh_acceleration
V006,2026-08-22T13:01:59,Van,8,2.0,3187.2,Petrol,19.122149,72.880817,105.0,3.94,4500.0,5,91.7,0.0,98.0,0.61,Highway,Low,29.5,3.439,0,40.9,31.42,29.92,harsh_acceleration
V006,2026-08-22T15:00:00,Van,8,2.0,3051.0,Petrol,19.087585,72.846229,23.1,1.2,4500.0,2,65.4,0.0,58.6,-3.91,Highway,Medium,26.4,0.006,0,35.21,2.79,12.11,downhill_acceleration
V006,2026-08-22T15:00:01,Van,8,2.0,3051.0,Petrol,19.087656,72.846287,28.6,1.55,4500.0,2,64.3,0.0,60.1,-3.26,Highway,Medium,26.8,0.014,0,35.21,3.47,12.11,downhill_acceleration
V006,2026-08-22T15:00:02,Van,8,2.0,3051.0,Petrol,19.087741,72.846354,33.9,1.45,4500.0,2,46.2,0.0,49.8,-2.89,Highway,Medium,27.3,0.024,0,35.2,4.1,12.11,downhill_acceleration
V006,2026-08-22T15:00:03,Van,8,2.0,3051.0,Petrol,19.087839,72.846433,39.2,1.47,4500.0,3,50.5,0.0,58.8,-2.25,Highway,Medium,27.1,0.035,0,35.2,4.74,12.11,downhill_acceleration
V006,2026-08-22T15:00:04,Van,8,2.0,3051.0,Petrol,19.087946,72.846518,42.8,1.01,4500.0,3,54.5,0.0,40.4,-2.24,Highway,Medium,28.6,0.047,0,35.2,5.18,12.11,downhill_acceleration
V006,2026-08-22T15:00:05,Van,8,2.0,3051.0,Petrol,19.088068,72.846616,48.9,1.69,4500.0,3,59.2,0.0,52.6,-4.14,Highway,Medium,26.9,0.06,0,35.2,5.92,12.11,downhill_acceleration
V006,2026-08-22T15:00:06,Van,8,2.0,3051.0,Petrol,19.088197,72.846719,51.6,0.77,4500.0,3,73.1,0.0,40.2,-2.97,Highway,Medium,27.7,0.074,0,35.2,6.25,12.11,downhill_acceleration
V006,2026-08-22T15:00:07,Van,8,2.0,3051.0,Petrol,19.088339,72.846833,56.7,1.41,4500.0,4,47.5,0.0,43.1,-2.34,Highway,Medium,29.0,0.09,0,35.2,6.87,12.11,downhill_acceleration
V006,2026-08-22T15:00:08,Van,8,2.0,3051.0,Petrol,19.088496,72.846959,62.9,1.72,4500.0,4,60.0,0.0,63.7,-2.82,Highway,Medium,27.3,0.108,0,35.19,7.62,12.11,downhill_acceleration
V006,2026-08-22T15:00:09,Van,8,2.0,3051.0,Petrol,19.088668,72.847096,68.9,1.66,4500.0,4,65.1,0.0,43.8,-3.2,Highway,Medium,29.3,0.127,0,35.19,8.34,12.11,downhill_acceleration
V006,2026-08-22T15:00:10,Van,8,2.0,3051.0,Petrol,19.088848,72.84724,71.7,0.79,4500.0,5,55.5,0.0,42.3,-3.82,Highway,Medium,27.3,0.147,0,35.19,8.69,12.11,downhill_acceleration
V006,2026-08-22T15:00:11,Van,8,2.0,3051.0,Petrol,19.089039,72.847393,76.5,1.32,4500.0,5,71.2,0.0,51.5,-4.45,Highway,Medium,26.5,0.168,0,35.19,9.26,12.11,downhill_acceleration
V006,2026-08-22T15:00:12,Van,8,2.0,3051.0,Petrol,19.089238,72.847552,79.8,0.93,4500.0,5,47.9,0.0,63.0,-2.28,Highway,Medium,25.8,0.19,0,35.18,9.67,12.11,downhill_acceleration
V006,2026-08-22T15:00:13,Van,8,2.0,3051.0,Petrol,19.089451,72.847723,85.1,1.48,4500.0,5,58.6,0.0,54.9,-4.27,Highway,Medium,26.9,0.214,0,35.18,10.31,12.11,downhill_acceleration
V006,2026-08-22T15:00:14,Van,8,2.0,3051.0,Petrol,19.089671,72.847899,88.0,0.8,4500.0,6,48.5,0.0,62.3,-2.26,Highway,Medium,29.4,0.238,0,35.18,10.66,12.11,downhill_acceleration
V006,2026-08-22T15:00:15,Van,8,2.0,3051.0,Petrol,19.0899,72.848081,91.4,0.93,4500.0,6,46.5,0.0,54.9,-3.53,Highway,Medium,30.3,0.264,0,35.18,11.07,12.11,downhill_acceleration
V006,2026-08-22T15:00:16,Van,8,2.0,3051.0,Petrol,19.090137,72.848271,95.0,1.76,4500.0,6,56.0,0.0,57.2,-2.9,Highway,Medium,26.2,0.29,0,35.17,11.51,12.11,downhill_acceleration
V006,2026-08-22T15:00:17,Van,8,2.0,3051.0,Petrol,19.090375,72.848461,95.0,1.64,4500.0,6,54.1,0.0,43.3,-2.28,Highway,Medium,28.6,0.316,0,35.17,11.51,12.11,downhill_acceleration
V006,2026-08-22T15:00:18,Van,8,2.0,3051.0,Petrol,19.090612,72.848651,95.0,1.58,4500.0,6,65.4,0.0,60.1,-4.43,Highway,Medium,29.1,0.343,0,35.17,11.51,12.11,downhill_acceleration
V006,2026-08-22T15:00:19,Van,8,2.0,3051.0,Petrol,19.09085,72.848841,95.0,0.93,4500.0,6,58.5,0.0,61.0,-3.38,Highway,Medium,27.2,0.369,0,35.16,11.51,12.11,downhill_acceleration
V006,2026-08-22T15:00:20,Van,8,2.0,3051.0,Petrol,19.091087,72.849031,95.0,1.23,4500.0,6,56.9,0.0,45.6,-3.98,Highway,Medium,30.1,0.396,0,35.16,11.51,12.11,downhill_acceleration
V006,2026-08-22T15:00:21,Van,8,2.0,3051.0,Petrol,19.091325,72.849221,95.0,0.75,4500.0,6,69.4,0.0,42.6,-3.9,Highway,Medium,29.7,0.422,0,35.16,11.51,12.11,downhill_acceleration
V006,2026-08-22T15:00:22,Van,8,2.0,3051.0,Petrol,19.091562,72.849411,95.0,1.54,4500.0,6,54.5,0.0,40.3,-2.41,Highway,Medium,27.6,0.448,0,35.15,11.51,12.11,downhill_acceleration
V006,2026-08-22T15:00:23,Van,8,2.0,3051.0,Petrol,19.0918,72.849601,95.0,1.26,4500.0,6,54.5,0.0,44.8,-3.33,Highway,Medium,28.7,0.475,0,35.15,11.51,12.11,downhill_acceleration
V006,2026-08-22T15:00:24,Van,8,2.0,3051.0,Petrol,19.092037,72.849791,95.0,1.4,4500.0,6,51.0,0.0,44.2,-3.02,Highway,Medium,29.7,0.501,0,35.15,11.51,12.11,downhill_acceleration
V006,2026-08-22T15:00:25,Van,8,2.0,3051.0,Petrol,19.092275,72.849981,95.0,1.31,4500.0,6,66.1,0.0,64.5,-4.42,Highway,Medium,29.6,0.528,0,35.14,11.51,12.11,downhill_acceleration
V006,2026-08-22T15:00:26,Van,8,2.0,3051.0,Petrol,19.092512,72.850171,95.0,1.53,4500.0,6,68.2,0.0,46.4,-4.09,Highway,Medium,28.8,0.554,0,35.14,11.51,12.11,downhill_acceleration
V006,2026-08-22T15:00:27,Van,8,2.0,3051.0,Petrol,19.09275,72.850361,95.0,1.1,4500.0,6,65.2,0.0,53.1,-3.4,Highway,Medium,29.6,0.58,0,35.14,11.51,12.11,downhill_acceleration
V006,2026-08-22T15:00:28,Van,8,2.0,3051.0,Petrol,19.092987,72.850551,95.0,1.07,4500.0,6,72.8,0.0,62.1,-4.3,Highway,Medium,24.8,0.607,0,35.13,11.51,12.11,downhill_acceleration
V006,2026-08-22T15:00:29,Van,8,2.0,3051.0,Petrol,19.093225,72.850741,95.0,0.74,4500.0,6,59.1,0.0,57.4,-2.73,Highway,Medium,25.9,0.633,0,35.13,11.51,12.11,downhill_acceleration
V006,2026-08-22T15:00:30,Van,8,2.0,3051.0,Petrol,19.093462,72.850931,95.0,0.97,4500.0,6,64.3,0.0,56.8,-4.08,Highway,Medium,29.5,0.659,0,35.13,11.51,12.11,downhill_acceleration
V006,2026-08-22T15:00:31,Van,8,2.0,3051.0,Petrol,19.0937,72.851121,95.0,1.71,4500.0,6,48.1,0.0,56.4,-2.81,Highway,Medium,28.1,0.686,0,35.12,11.51,12.11,downhill_acceleration
V006,2026-08-22T15:00:32,Van,8,2.0,3051.0,Petrol,19.093937,72.851311,95.0,0.91,4500.0,6,51.5,0.0,57.5,-3.19,Highway,Medium,28.0,0.712,0,35.12,11.51,12.11,downhill_acceleration
V006,2026-08-22T15:00:33,Van,8,2.0,3051.0,Petrol,19.094175,72.851501,95.0,0.73,4500.0,6,57.8,0.0,46.9,-2.81,Highway,Medium,27.2,0.739,0,35.12,11.51,12.11,downhill_acceleration
V006,2026-08-22T15:00:34,Van,8,2.0,3051.0,Petrol,19.094412,72.851691,95.0,0.95,4500.0,6,51.1,0.0,42.1,-4.28,Highway,Medium,28.9,0.765,0,35.12,11.51,12.11,downhill_acceleration
V006,2026-08-22T15:00:35,Van,8,2.0,3051.0,Petrol,19.09465,72.851881,95.0,1.71,4500.0,6,52.9,0.0,64.3,-3.38,Highway,Medium,27.3,0.791,0,35.11,11.51,12.11,downhill_acceleration
V006,2026-08-22T15:00:36,Van,8,2.0,3051.0,Petrol,19.094887,72.852071,95.0,0.7,4500.0,6,71.3,0.0,40.2,-3.24,Highway,Medium,29.7,0.818,0,35.11,11.51,12.11,downhill_acceleration
V006,2026-08-22T15:00:37,Van,8,2.0,3051.0,Petrol,19.095125,72.852261,95.0,1.42,4500.0,6,59.3,0.0,46.3,-3.14,Highway,Medium,27.6,0.844,0,35.11,11.51,12.11,downhill_acceleration
V006,2026-08-22T15:00:38,Van,8,2.0,3051.0,Petrol,19.095362,72.852451,95.0,1.34,4500.0,6,49.5,0.0,61.6,-4.47,Highway,Medium,28.0,0.871,0,35.1,11.51,12.11,downhill_acceleration
V006,2026-08-22T15:00:39,Van,8,2.0,3051.0,Petrol,19.0956,72.852641,95.0,1.39,4500.0,6,66.5,0.0,56.6,-3.69,Highway,Medium,27.4,0.897,0,35.1,11.51,12.11,downhill_acceleration
V006,2026-08-22T15:00:40,Van,8,2.0,3051.0,Petrol,19.095837,72.852831,95.0,0.82,4500.0,6,49.9,0.0,53.2,-2.94,Highway,Medium,26.8,0.923,0,35.1,11.51,12.11,downhill_acceleration
V006,2026-08-22T15:00:41,Van,8,2.0,3051.0,Petrol,19.096075,72.853021,95.0,0.61,4500.0,6,47.5,0.0,50.9,-3.36,Highway,Medium,29.1,0.95,0,35.09,11.51,12.11,downhill_acceleration
V006,2026-08-22T15:00:42,Van,8,2.0,3051.0,Petrol,19.096312,72.853211,95.0,0.94,4500.0,6,74.4,0.0,58.3,-2.79,Highway,Medium,28.5,0.976,0,35.09,11.51,12.11,downhill_acceleration
V006,2026-08-22T15:00:43,Van,8,2.0,3051.0,Petrol,19.09655,72.853401,95.0,0.89,4500.0,6,54.2,0.0,40.4,-3.24,Highway,Medium,28.7,1.003,0,35.09,11.51,12.11,downhill_acceleration
V006,2026-08-22T15:00:44,Van,8,2.0,3051.0,Petrol,19.096787,72.853591,95.0,1.48,4500.0,6,62.3,0.0,49.3,-3.94,Highway,Medium,26.1,1.029,0,35.08,11.51,12.11,downhill_acceleration
V006,2026-08-22T15:00:45,Van,8,2.0,3051.0,Petrol,19.097025,72.853781,95.0,0.8,4500.0,6,55.2,0.0,55.0,-2.83,Highway,Medium,27.9,1.055,0,35.08,11.51,12.11,downhill_acceleration
V006,2026-08-22T15:00:46,Van,8,2.0,3051.0,Petrol,19.097262,72.853971,95.0,1.63,4500.0,6,65.5,0.0,42.4,-3.07,Highway,Medium,30.0,1.082,0,35.08,11.51,12.11,downhill_acceleration
V006,2026-08-22T15:00:47,Van,8,2.0,3051.0,Petrol,19.0975,72.854161,95.0,0.61,4500.0,6,55.5,0.0,61.6,-4.42,Highway,Medium,27.7,1.108,0,35.07,11.51,12.11,downhill_acceleration
V006,2026-08-22T15:00:48,Van,8,2.0,3051.0,Petrol,19.097737,72.854351,95.0,0.78,4500.0,6,66.1,0.0,47.4,-4.17,Highway,Medium,27.3,1.134,0,35.07,11.51,12.11,downhill_acceleration
V006,2026-08-22T15:00:49,Van,8,2.0,3051.0,Petrol,19.097975,72.854541,95.0,1.39,4500.0,6,45.9,0.0,50.2,-3.9,Highway,Medium,29.3,1.161,0,35.07,11.51,12.11,downhill_acceleration
V006,2026-08-22T15:00:50,Van,8,2.0,3051.0,Petrol,19.098212,72.854731,95.0,1.62,4500.0,6,59.8,0.0,53.2,-3.53,Highway,Medium,31.1,1.187,0,35.06,11.51,12.11,downhill_acceleration
V006,2026-08-22T15:00:51,Van,8,2.0,3051.0,Petrol,19.09845,72.854921,95.0,1.69,4500.0,6,47.9,0.0,46.2,-2.5,Highway,Medium,27.7,1.214,0,35.06,11.51,12.11,downhill_acceleration
V006,2026-08-22T15:00:52,Van,8,2.0,3051.0,Petrol,19.098687,72.855111,95.0,1.24,4500.0,6,69.4,0.0,56.3,-2.36,Highway,Medium,27.9,1.24,0,35.06,11.51,12.11,downhill_acceleration
V006,2026-08-22T15:00:53,Van,8,2.0,3051.0,Petrol,19.098925,72.855301,95.0,1.55,4500.0,6,68.3,0.0,41.5,-3.83,Highway,Medium,29.5,1.266,0,35.05,11.51,12.11,downhill_acceleration
V006,2026-08-22T15:00:54,Van,8,2.0,3051.0,Petrol,19.099162,72.855491,95.0,1.02,4500.0,6,59.4,0.0,43.3,-3.28,Highway,Medium,26.3,1.293,0,35.05,11.51,12.11,downhill_acceleration
V006,2026-08-22T15:00:55,Van,8,2.0,3051.0,Petrol,19.0994,72.855681,95.0,1.33,4500.0,6,50.0,0.0,58.6,-3.64,Highway,Medium,24.9,1.319,0,35.05,11.51,12.11,downhill_acceleration
V006,2026-08-22T15:00:56,Van,8,2.0,3051.0,Petrol,19.099637,72.855871,95.0,1.69,4500.0,6,64.3,0.0,63.6,-2.66,Highway,Medium,28.4,1.346,0,35.04,11.51,12.11,downhill_acceleration
V006,2026-08-22T15:00:57,Van,8,2.0,3051.0,Petrol,19.099875,72.856061,95.0,1.77,4500.0,6,46.1,0.0,51.8,-2.4,Highway,Medium,28.9,1.372,0,35.04,11.51,12.11,downhill_acceleration
V006,2026-08-22T15:00:58,Van,8,2.0,3051.0,Petrol,19.100112,72.856251,95.0,1.29,4500.0,6,62.5,0.0,50.3,-4.46,Highway,Medium,28.6,1.398,0,35.04,11.51,12.11,downhill_acceleration
V006,2026-08-22T15:00:59,Van,8,2.0,3051.0,Petrol,19.10035,72.856441,95.0,0.89,4500.0,6,70.8,0.0,63.3,-2.71,Highway,Medium,29.3,1.425,0,35.04,11.51,12.11,downhill_acceleration
V006,2026-08-22T15:01:00,Van,8,2.0,3051.0,Petrol,19.100587,72.856631,95.0,0.68,4500.0,6,61.6,0.0,40.4,-4.21,Highway,Medium,29.4,1.451,0,35.03,11.51,12.11,downhill_acceleration
V006,2026-08-22T15:01:01,Van,8,2.0,3051.0,Petrol,19.100825,72.856821,95.0,1.39,4500.0,6,54.5,0.0,47.6,-3.54,Highway,Medium,28.7,1.478,0,35.03,11.51,12.11,downhill_acceleration
V006,2026-08-22T15:01:02,Van,8,2.0,3051.0,Petrol,19.101062,72.857011,95.0,1.27,4500.0,6,49.4,0.0,40.7,-3.66,Highway,Medium,28.4,1.504,0,35.03,11.51,12.11,downhill_acceleration
V006,2026-08-22T15:01:03,Van,8,2.0,3051.0,Petrol,19.1013,72.857201,95.0,0.84,4500.0,6,49.0,0.0,55.0,-3.66,Highway,Medium,28.1,1.53,0,35.02,11.51,12.11,downhill_acceleration
V006,2026-08-22T15:01:04,Van,8,2.0,3051.0,Petrol,19.101537,72.857391,95.0,1.01,4500.0,6,58.4,0.0,63.2,-3.47,Highway,Medium,28.0,1.557,0,35.02,11.51,12.11,downhill_acceleration
V006,2026-08-22T15:01:05,Van,8,2.0,3051.0,Petrol,19.101775,72.857581,95.0,1.4,4500.0,6,53.5,0.0,42.0,-3.7,Highway,Medium,28.6,1.583,0,35.02,11.51,12.11,downhill_acceleration
V006,2026-08-22T15:01:06,Van,8,2.0,3051.0,Petrol,19.102012,72.857771,95.0,0.81,4500.0,6,70.1,0.0,63.0,-2.3,Highway,Medium,29.3,1.609,0,35.01,11.51,12.11,downhill_acceleration
V006,2026-08-22T15:01:07,Van,8,2.0,3051.0,Petrol,19.10225,72.857961,95.0,1.25,4500.0,6,64.3,0.0,43.0,-3.35,Highway,Medium,27.3,1.636,0,35.01,11.51,12.11,downhill_acceleration
V006,2026-08-22T15:01:08,Van,8,2.0,3051.0,Petrol,19.102487,72.858151,95.0,0.9,4500.0,6,72.5,0.0,64.7,-2.33,Highway,Medium,29.3,1.662,0,35.01,11.51,12.11,downhill_acceleration
V006,2026-08-22T15:01:09,Van,8,2.0,3051.0,Petrol,19.102725,72.858341,95.0,0.7,4500.0,6,62.9,0.0,62.3,-3.97,Highway,Medium,29.6,1.689,0,35.0,11.51,12.11,downhill_acceleration
V006,2026-08-22T15:01:10,Van,8,2.0,3051.0,Petrol,19.102962,72.858531,95.0,0.73,4500.0,6,73.2,0.0,58.7,-2.23,Highway,Medium,30.3,1.715,0,35.0,11.51,12.11,downhill_acceleration
V006,2026-08-22T15:01:11,Van,8,2.0,3051.0,Petrol,19.1032,72.858721,95.0,0.64,4500.0,6,70.3,0.0,42.2,-2.97,Highway,Medium,26.5,1.741,0,35.0,11.51,12.11,downhill_acceleration
V006,2026-08-22T15:01:12,Van,8,2.0,3051.0,Petrol,19.103437,72.858911,95.0,1.76,4500.0,6,51.7,0.0,49.9,-2.77,Highway,Medium,26.4,1.768,0,34.99,11.51,12.11,downhill_acceleration
V006,2026-08-22T15:01:13,Van,8,2.0,3051.0,Petrol,19.103675,72.859101,95.0,1.2,4500.0,6,53.7,0.0,53.6,-3.01,Highway,Medium,27.2,1.794,0,34.99,11.51,12.11,downhill_acceleration
V006,2026-08-22T15:01:14,Van,8,2.0,3051.0,Petrol,19.103912,72.859291,95.0,1.61,4500.0,6,69.8,0.0,43.9,-2.98,Highway,Medium,29.5,1.821,0,34.99,11.51,12.11,downhill_acceleration
V006,2026-08-22T15:01:15,Van,8,2.0,3051.0,Petrol,19.10415,72.859481,95.0,0.92,4500.0,6,67.4,0.0,50.7,-2.52,Highway,Medium,26.5,1.847,0,34.98,11.51,12.11,downhill_acceleration
V006,2026-08-22T15:01:16,Van,8,2.0,3051.0,Petrol,19.104387,72.859671,95.0,1.47,4500.0,6,66.6,0.0,62.5,-3.68,Highway,Medium,30.4,1.873,0,34.98,11.51,12.11,downhill_acceleration
V006,2026-08-22T15:01:17,Van,8,2.0,3051.0,Petrol,19.104625,72.859861,95.0,0.94,4500.0,6,67.4,0.0,60.2,-2.79,Highway,Medium,26.9,1.9,0,34.98,11.51,12.11,downhill_acceleration
V006,2026-08-22T15:01:18,Van,8,2.0,3051.0,Petrol,19.104862,72.860051,95.0,1.7,4500.0,6,64.0,0.0,46.4,-4.33,Highway,Medium,29.3,1.926,0,34.97,11.51,12.11,downhill_acceleration
V006,2026-08-22T15:01:19,Van,8,2.0,3051.0,Petrol,19.1051,72.860241,95.0,0.61,4500.0,6,66.1,0.0,40.5,-3.06,Highway,Medium,27.7,1.953,0,34.97,11.51,12.11,downhill_acceleration
V006,2026-08-22T15:01:20,Van,8,2.0,3051.0,Petrol,19.105337,72.860431,95.0,1.69,4500.0,6,74.0,0.0,46.6,-2.83,Highway,Medium,30.2,1.979,0,34.97,11.51,12.11,downhill_acceleration
V006,2026-08-22T15:01:21,Van,8,2.0,3051.0,Petrol,19.105575,72.860621,95.0,1.7,4500.0,6,60.0,0.0,50.1,-3.79,Highway,Medium,28.7,2.005,0,34.96,11.51,12.11,downhill_acceleration
V006,2026-08-22T15:01:22,Van,8,2.0,3051.0,Petrol,19.105812,72.860811,95.0,0.65,4500.0,6,52.8,0.0,47.7,-3.73,Highway,Medium,31.2,2.032,0,34.96,11.51,12.11,downhill_acceleration
V006,2026-08-22T15:01:23,Van,8,2.0,3051.0,Petrol,19.10605,72.861001,95.0,0.71,4500.0,6,46.3,0.0,58.7,-2.87,Highway,Medium,28.9,2.058,0,34.96,11.51,12.11,downhill_acceleration
V006,2026-08-22T15:01:24,Van,8,2.0,3051.0,Petrol,19.106287,72.861191,95.0,1.72,4500.0,6,74.9,0.0,54.1,-3.43,Highway,Medium,27.5,2.084,0,34.96,11.51,12.11,downhill_acceleration
V006,2026-08-22T15:01:25,Van,8,2.0,3051.0,Petrol,19.106525,72.861381,95.0,0.7,4500.0,6,65.8,0.0,44.5,-4.18,Highway,Medium,32.0,2.111,0,34.95,11.51,12.11,downhill_acceleration
V006,2026-08-22T15:01:26,Van,8,2.0,3051.0,Petrol,19.106762,72.861571,95.0,1.62,4500.0,6,51.8,0.0,43.4,-3.87,Highway,Medium,30.8,2.137,0,34.95,11.51,12.11,downhill_acceleration
V006,2026-08-22T15:01:27,Van,8,2.0,3051.0,Petrol,19.107,72.861761,95.0,0.89,4500.0,6,70.5,0.0,56.6,-2.39,Highway,Medium,28.2,2.164,0,34.95,11.51,12.11,downhill_acceleration
V006,2026-08-22T15:01:28,Van,8,2.0,3051.0,Petrol,19.107237,72.861951,95.0,1.05,4500.0,6,73.1,0.0,60.3,-4.43,Highway,Medium,31.3,2.19,0,34.94,11.51,12.11,downhill_acceleration
V006,2026-08-22T15:01:29,Van,8,2.0,3051.0,Petrol,19.107475,72.862141,95.0,1.25,4500.0,6,55.8,0.0,44.0,-3.58,Highway,Medium,30.7,2.216,0,34.94,11.51,12.11,downhill_acceleration
V006,2026-08-22T15:01:30,Van,8,2.0,3051.0,Petrol,19.107712,72.862331,95.0,1.0,4500.0,6,53.7,0.0,57.3,-4.28,Highway,Medium,28.3,2.243,0,34.94,11.51,12.11,downhill_acceleration
V006,2026-08-22T15:01:31,Van,8,2.0,3051.0,Petrol,19.10795,72.862521,95.0,1.35,4500.0,6,62.7,0.0,60.2,-3.88,Highway,Medium,30.1,2.269,0,34.93,11.51,12.11,downhill_acceleration
V006,2026-08-22T15:01:32,Van,8,2.0,3051.0,Petrol,19.108187,72.862711,95.0,0.76,4500.0,6,56.2,0.0,42.1,-2.44,Highway,Medium,28.4,2.296,0,34.93,11.51,12.11,downhill_acceleration
V006,2026-08-22T15:01:33,Van,8,2.0,3051.0,Petrol,19.108425,72.862901,95.0,1.79,4500.0,6,71.0,0.0,52.7,-3.88,Highway,Medium,30.0,2.322,0,34.93,11.51,12.11,downhill_acceleration
V006,2026-08-22T15:01:34,Van,8,2.0,3051.0,Petrol,19.108662,72.863091,95.0,1.21,4500.0,6,67.3,0.0,52.2,-4.36,Highway,Medium,29.7,2.348,0,34.92,11.51,12.11,downhill_acceleration
V006,2026-08-22T15:01:35,Van,8,2.0,3051.0,Petrol,19.1089,72.863281,95.0,1.8,4500.0,6,53.9,0.0,64.5,-2.46,Highway,Medium,26.1,2.375,0,34.92,11.51,12.11,downhill_acceleration
V006,2026-08-22T15:01:36,Van,8,2.0,3051.0,Petrol,19.109137,72.863471,95.0,0.79,4500.0,6,45.1,0.0,45.6,-3.59,Highway,Medium,28.1,2.401,0,34.92,11.51,12.11,downhill_acceleration
V006,2026-08-22T15:01:37,Van,8,2.0,3051.0,Petrol,19.109375,72.863661,95.0,0.82,4500.0,6,46.8,0.0,51.7,-4.27,Highway,Medium,27.6,2.428,0,34.91,11.51,12.11,downhill_acceleration
V006,2026-08-22T15:01:38,Van,8,2.0,3051.0,Petrol,19.109612,72.863851,95.0,1.16,4500.0,6,51.8,0.0,48.4,-3.11,Highway,Medium,28.1,2.454,0,34.91,11.51,12.11,downhill_acceleration
V006,2026-08-22T15:01:39,Van,8,2.0,3051.0,Petrol,19.10985,72.864041,95.0,0.94,4500.0,6,57.6,0.0,55.1,-4.2,Highway,Medium,28.8,2.48,0,34.91,11.51,12.11,downhill_acceleration
V006,2026-08-22T15:01:40,Van,8,2.0,3051.0,Petrol,19.110087,72.864231,95.0,0.8,4500.0,6,73.8,0.0,43.7,-2.48,Highway,Medium,27.6,2.507,0,34.9,11.51,12.11,downhill_acceleration
V006,2026-08-22T15:01:41,Van,8,2.0,3051.0,Petrol,19.110325,72.864421,95.0,1.39,4500.0,6,73.3,0.0,58.2,-2.78,Highway,Medium,28.3,2.533,0,34.9,11.51,12.11,downhill_acceleration
V006,2026-08-22T15:01:42,Van,8,2.0,3051.0,Petrol,19.110562,72.864611,95.0,1.8,4500.0,6,54.0,0.0,50.5,-2.7,Highway,Medium,28.5,2.559,0,34.9,11.51,12.11,downhill_acceleration
V006,2026-08-22T15:01:43,Van,8,2.0,3051.0,Petrol,19.1108,72.864801,95.0,1.23,4500.0,6,59.8,0.0,54.6,-2.68,Highway,Medium,26.0,2.586,0,34.89,11.51,12.11,downhill_acceleration
V006,2026-08-22T15:01:44,Van,8,2.0,3051.0,Petrol,19.111037,72.864991,95.0,0.65,4500.0,6,59.1,0.0,46.4,-4.06,Highway,Medium,25.7,2.612,0,34.89,11.51,12.11,downhill_acceleration
V006,2026-08-22T15:01:45,Van,8,2.0,3051.0,Petrol,19.111275,72.865181,95.0,0.64,4500.0,6,46.1,0.0,48.2,-3.43,Highway,Medium,27.4,2.639,0,34.89,11.51,12.11,downhill_acceleration
V006,2026-08-22T15:01:46,Van,8,2.0,3051.0,Petrol,19.111512,72.865371,95.0,0.63,4500.0,6,45.4,0.0,56.9,-3.44,Highway,Medium,26.1,2.665,0,34.88,11.51,12.11,downhill_acceleration
V006,2026-08-22T15:01:47,Van,8,2.0,3051.0,Petrol,19.11175,72.865561,95.0,0.85,4500.0,6,70.6,0.0,48.3,-2.38,Highway,Medium,28.3,2.691,0,34.88,11.51,12.11,downhill_acceleration
V006,2026-08-22T15:01:48,Van,8,2.0,3051.0,Petrol,19.111987,72.865751,95.0,0.72,4500.0,6,45.8,0.0,53.9,-4.38,Highway,Medium,27.5,2.718,0,34.88,11.51,12.11,downhill_acceleration
V006,2026-08-22T15:01:49,Van,8,2.0,3051.0,Petrol,19.112225,72.865941,95.0,1.42,4500.0,6,51.1,0.0,48.7,-2.74,Highway,Medium,27.7,2.744,0,34.88,11.51,12.11,downhill_acceleration
V006,2026-08-22T15:01:50,Van,8,2.0,3051.0,Petrol,19.112462,72.866131,95.0,1.04,4500.0,6,65.8,0.0,64.5,-4.38,Highway,Medium,28.0,2.771,0,34.87,11.51,12.11,downhill_acceleration
V006,2026-08-22T15:01:51,Van,8,2.0,3051.0,Petrol,19.1127,72.866321,95.0,1.06,4500.0,6,47.8,0.0,53.3,-4.36,Highway,Medium,28.1,2.797,0,34.87,11.51,12.11,downhill_acceleration
V006,2026-08-22T15:01:52,Van,8,2.0,3051.0,Petrol,19.112937,72.866511,95.0,0.68,4500.0,6,60.0,0.0,50.2,-4.05,Highway,Medium,29.9,2.823,0,34.87,11.51,12.11,downhill_acceleration
V006,2026-08-22T15:01:53,Van,8,2.0,3051.0,Petrol,19.113175,72.866701,95.0,0.66,4500.0,6,64.8,0.0,58.3,-3.08,Highway,Medium,27.2,2.85,0,34.86,11.51,12.11,downhill_acceleration
V006,2026-08-22T15:01:54,Van,8,2.0,3051.0,Petrol,19.113412,72.866891,95.0,1.03,4500.0,6,69.4,0.0,52.9,-2.87,Highway,Medium,28.8,2.876,0,34.86,11.51,12.11,downhill_acceleration
V006,2026-08-22T15:01:55,Van,8,2.0,3051.0,Petrol,19.11365,72.867081,95.0,0.68,4500.0,6,58.3,0.0,57.2,-3.67,Highway,Medium,28.4,2.903,0,34.86,11.51,12.11,downhill_acceleration
V006,2026-08-22T15:01:56,Van,8,2.0,3051.0,Petrol,19.113887,72.867271,95.0,0.79,4500.0,6,65.5,0.0,45.6,-3.7,Highway,Medium,29.9,2.929,0,34.85,11.51,12.11,downhill_acceleration
V006,2026-08-22T15:01:57,Van,8,2.0,3051.0,Petrol,19.114125,72.867461,95.0,1.05,4500.0,6,72.3,0.0,43.8,-3.41,Highway,Medium,28.7,2.955,0,34.85,11.51,12.11,downhill_acceleration
V006,2026-08-22T15:01:58,Van,8,2.0,3051.0,Petrol,19.114362,72.867651,95.0,0.78,4500.0,6,54.5,0.0,42.6,-4.46,Highway,Medium,27.7,2.982,0,34.85,11.51,12.11,downhill_acceleration
V006,2026-08-22T15:01:59,Van,8,2.0,3051.0,Petrol,19.1146,72.867841,95.0,1.03,4500.0,6,54.9,0.0,48.4,-2.62,Highway,Medium,27.8,3.008,0,34.84,11.51,12.11,downhill_acceleration
V007,2026-08-22T09:10:00,Light Commercial,1,2.8,5441.1,Hybrid,19.099023,72.91524,29.8,0.1,4000.0,1,84.7,0.0,70.6,-0.62,Urban,Low,26.2,0.008,0,57.32,9.23,30.97,excessive_revving
V007,2026-08-22T09:10:01,Light Commercial,1,2.8,5441.1,Hybrid,19.099098,72.9153,30.0,0.05,4000.0,1,78.6,0.0,83.5,-0.58,Urban,Low,28.8,0.017,0,57.32,9.29,30.97,excessive_revving
V007,2026-08-22T09:10:02,Light Commercial,1,2.8,5441.1,Hybrid,19.099173,72.91536,30.1,0.03,4000.0,1,65.6,0.0,89.7,0.79,Urban,Low,26.7,0.025,0,57.31,9.33,30.97,excessive_revving
V007,2026-08-22T09:10:03,Light Commercial,1,2.8,5441.1,Hybrid,19.099246,72.915418,29.3,-0.22,4000.0,1,77.7,0.0,73.8,2.19,Urban,Low,27.2,0.033,0,57.31,9.08,30.97,excessive_revving
V007,2026-08-22T09:10:04,Light Commercial,1,2.8,5441.1,Hybrid,19.099321,72.915478,29.9,0.15,4000.0,1,78.6,0.0,81.1,-0.41,Urban,Low,28.9,0.041,0,57.31,9.25,30.97,excessive_revving
V007,2026-08-22T09:10:05,Light Commercial,1,2.8,5441.1,Hybrid,19.099396,72.915538,30.1,0.07,4000.0,1,65.4,0.0,82.5,-0.2,Urban,Low,28.8,0.05,0,57.31,9.32,30.97,excessive_revving
V007,2026-08-22T09:10:06,Light Commercial,1,2.8,5441.1,Hybrid,19.099473,72.9156,30.7,0.16,4000.0,1,87.5,0.0,72.5,0.07,Urban,Low,27.9,0.058,0,57.3,9.51,30.97,excessive_revving
V007,2026-08-22T09:10:07,Light Commercial,1,2.8,5441.1,Hybrid,19.099552,72.915663,31.6,0.25,4000.0,1,78.8,0.0,73.9,1.86,Urban,Low,28.3,0.067,0,57.3,9.78,30.97,excessive_revving
V007,2026-08-22T09:10:08,Light Commercial,1,2.8,5441.1,Hybrid,19.099625,72.915721,29.1,-0.7,4000.0,1,74.4,0.0,89.8,1.3,Urban,Low,26.0,0.075,0,57.3,9.01,30.97,excessive_revving
V007,2026-08-22T09:10:09,Light Commercial,1,2.8,5441.1,Hybrid,19.099697,72.915779,29.0,-0.03,4000.0,1,68.3,0.0,77.0,-1.45,Urban,Low,26.9,0.083,0,57.3,8.98,30.97,excessive_revving
V007,2026-08-22T09:10:10,Light Commercial,1,2.8,5441.1,Hybrid,19.099769,72.915836,28.7,-0.1,4000.0,1,82.0,0.0,78.8,0.35,Urban,Low,29.0,0.091,0,57.29,8.87,30.97,excessive_revving
V007,2026-08-22T09:10:11,Light Commercial,1,2.8,5441.1,Hybrid,19.099839,72.915892,27.9,-0.2,4000.0,1,68.0,0.0,77.2,-0.99,Urban,Low,27.6,0.099,0,57.29,8.65,30.97,excessive_revving
V007,2026-08-22T09:10:12,Light Commercial,1,2.8,5441.1,Hybrid,19.099905,72.915945,26.4,-0.42,4000.0,1,74.1,0.0,79.7,-0.8,Urban,Low,25.7,0.106,0,57.29,8.18,30.97,excessive_revving
V007,2026-08-22T09:10:13,Light Commercial,1,2.8,5441.1,Hybrid,19.099969,72.915996,25.6,-0.22,4000.0,1,73.2,0.0,76.6,1.32,Urban,Low,31.4,0.113,0,57.29,7.94,30.97,excessive_revving
V007,2026-08-22T09:10:14,Light Commercial,1,2.8,5441.1,Hybrid,19.10003,72.916046,24.6,-0.29,4000.0,1,84.7,0.0,75.0,-1.11,Urban,Low,29.0,0.12,0,57.28,7.62,30.97,excessive_revving
V007,2026-08-22T09:10:15,Light Commercial,1,2.8,5441.1,Hybrid,19.100099,72.916101,27.5,0.8,4000.0,1,69.9,0.0,86.2,-0.35,Urban,Low,28.8,0.128,0,57.28,8.51,30.97,excessive_revving
V007,2026-08-22T09:10:16,Light Commercial,1,2.8,5441.1,Hybrid,19.100165,72.916153,26.3,-0.32,4000.0,1,82.4,0.0,86.5,0.85,Urban,Low,26.3,0.135,0,57.28,8.15,30.97,excessive_revving
V007,2026-08-22T09:10:17,Light Commercial,1,2.8,5441.1,Hybrid,19.10023,72.916205,26.1,-0.07,4000.0,1,71.6,0.0,88.6,0.99,Urban,Low,27.3,0.142,0,57.28,8.07,30.97,excessive_revving
V007,2026-08-22T09:10:18,Light Commercial,1,2.8,5441.1,Hybrid,19.100295,72.916257,25.9,-0.04,4000.0,1,68.7,0.0,83.4,1.5,Urban,Low,25.8,0.15,0,57.28,8.03,30.97,excessive_revving
V007,2026-08-22T09:10:19,Light Commercial,1,2.8,5441.1,Hybrid,19.10036,72.916309,26.0,0.02,4000.0,1,85.5,0.0,71.5,0.16,Urban,Low,27.0,0.157,0,57.27,8.05,30.97,excessive_revving
V007,2026-08-22T09:10:20,Light Commercial,1,2.8,5441.1,Hybrid,19.100425,72.916361,26.0,0.0,4000.0,1,81.3,0.0,82.3,0.92,Urban,Low,26.4,0.164,0,57.27,8.06,30.97,excessive_revving
V007,2026-08-22T09:10:21,Light Commercial,1,2.8,5441.1,Hybrid,19.100494,72.916416,27.5,0.42,4000.0,1,83.0,0.0,70.3,-2.4,Urban,Low,27.7,0.172,0,57.27,8.52,30.97,excessive_revving
V007,2026-08-22T09:10:22,Light Commercial,1,2.8,5441.1,Hybrid,19.100562,72.916471,27.5,0.01,4000.0,1,67.9,0.0,88.8,0.56,Urban,Low,26.3,0.179,0,57.27,8.53,30.97,excessive_revving
V007,2026-08-22T09:10:23,Light Commercial,1,2.8,5441.1,Hybrid,19.100632,72.916527,27.7,0.03,4000.0,1,74.6,0.0,76.5,0.31,Urban,Low,28.1,0.187,0,57.26,8.57,30.97,excessive_revving
V007,2026-08-22T09:10:24,Light Commercial,1,2.8,5441.1,Hybrid,19.100702,72.916583,28.1,0.11,4000.0,1,66.5,0.0,82.2,1.76,Urban,Low,27.7,0.195,0,57.26,8.69,30.97,excessive_revving
V007,2026-08-22T09:10:25,Light Commercial,1,2.8,5441.1,Hybrid,19.100773,72.916639,28.3,0.06,4000.0,1,69.0,0.0,87.5,1.3,Urban,Low,27.7,0.203,0,57.26,8.76,30.97,excessive_revving
V007,2026-08-22T09:10:26,Light Commercial,1,2.8,5441.1,Hybrid,19.100843,72.916696,28.3,0.01,4000.0,1,78.0,0.0,79.2,-0.1,Urban,Low,28.3,0.211,0,57.26,8.77,30.97,excessive_revving
V007,2026-08-22T09:10:27,Light Commercial,1,2.8,5441.1,Hybrid,19.100918,72.916756,29.9,0.44,4000.0,1,82.1,0.0,81.0,-0.56,Urban,Low,30.5,0.219,0,57.25,9.26,30.97,excessive_revving
V007,2026-08-22T09:10:28,Light Commercial,1,2.8,5441.1,Hybrid,19.100994,72.916817,30.5,0.17,4000.0,1,71.8,0.0,82.2,0.18,Urban,Low,27.9,0.227,0,57.25,9.45,30.97,excessive_revving
V007,2026-08-22T09:10:29,Light Commercial,1,2.8,5441.1,Hybrid,19.101078,72.916884,33.4,0.8,4000.0,1,76.5,0.0,73.6,-0.73,Urban,Low,29.1,0.237,0,57.25,10.34,30.97,excessive_revving
V007,2026-08-22T09:10:30,Light Commercial,1,2.8,5441.1,Hybrid,19.101157,72.916947,31.8,-0.45,4000.0,1,84.5,0.0,72.4,-0.24,Urban,Low,27.9,0.245,0,57.25,9.84,30.97,excessive_revving
V007,2026-08-22T09:10:31,Light Commercial,1,2.8,5441.1,Hybrid,19.101234,72.917009,30.7,-0.3,4000.0,1,75.2,0.0,70.6,-0.17,Urban,Low,27.7,0.254,0,57.24,9.51,30.97,excessive_revving
V007,2026-08-22T09:10:32,Light Commercial,1,2.8,5441.1,Hybrid,19.10131,72.91707,30.5,-0.05,4000.0,1,68.8,0.0,72.8,2.48,Urban,Low,25.4,0.262,0,57.24,9.45,30.97,excessive_revving
V007,2026-08-22T09:10:33,Light Commercial,1,2.8,5441.1,Hybrid,19.10139,72.917133,31.7,0.33,4000.0,1,78.5,0.0,85.1,-0.06,Urban,Low,27.9,0.271,0,57.24,9.81,30.97,excessive_revving
V007,2026-08-22T09:10:34,Light Commercial,1,2.8,5441.1,Hybrid,19.10147,72.917198,32.3,0.16,4000.0,1,76.9,0.0,76.3,-1.48,Urban,Low,28.5,0.28,0,57.24,9.99,30.97,excessive_revving
V007,2026-08-22T09:10:35,Light Commercial,1,2.8,5441.1,Hybrid,19.101548,72.91726,31.3,-0.28,4000.0,1,79.5,0.0,86.4,-1.26,Urban,Low,27.2,0.289,0,57.23,9.68,30.97,excessive_revving
V007,2026-08-22T09:10:36,Light Commercial,1,2.8,5441.1,Hybrid,19.101623,72.917319,29.7,-0.43,4000.0,1,69.2,0.0,83.6,-0.98,Urban,Low,27.5,0.297,0,57.23,9.19,30.97,excessive_revving
V007,2026-08-22T09:10:37,Light Commercial,1,2.8,5441.1,Hybrid,19.101691,72.917374,27.4,-0.64,4000.0,1,76.9,0.0,73.5,-0.61,Urban,Low,28.3,0.305,0,57.23,8.48,30.97,excessive_revving
V007,2026-08-22T09:10:38,Light Commercial,1,2.8,5441.1,Hybrid,19.101761,72.91743,27.8,0.12,4000.0,1,77.9,0.0,72.9,-1.93,Urban,Low,29.4,0.313,0,57.23,8.62,30.97,excessive_revving
V007,2026-08-22T09:10:39,Light Commercial,1,2.8,5441.1,Hybrid,19.101837,72.917491,30.4,0.73,4000.0,1,67.5,0.0,87.9,0.46,Urban,Low,24.2,0.321,0,57.22,9.43,30.97,excessive_revving
V007,2026-08-22T09:10:40,Light Commercial,1,2.8,5441.1,Hybrid,19.101913,72.917552,30.7,0.06,4000.0,1,71.4,0.0,89.1,0.01,Urban,Low,28.7,0.329,0,57.22,9.5,30.97,excessive_revving
V007,2026-08-22T09:10:41,Light Commercial,1,2.8,5441.1,Hybrid,19.101989,72.917613,30.2,-0.14,4000.0,1,82.8,0.0,81.0,-1.59,Urban,Low,29.5,0.338,0,57.22,9.34,30.97,excessive_revving
V007,2026-08-22T09:10:42,Light Commercial,1,2.8,5441.1,Hybrid,19.102065,72.917673,30.4,0.05,4000.0,1,75.9,0.0,89.9,-1.44,Urban,Low,28.8,0.346,0,57.21,9.4,30.97,excessive_revving
V007,2026-08-22T09:10:43,Light Commercial,1,2.8,5441.1,Hybrid,19.10215,72.917741,34.1,1.03,4000.0,1,73.5,0.0,72.4,0.73,Urban,Low,26.7,0.356,0,57.21,10.55,30.97,excessive_revving
V007,2026-08-22T09:10:44,Light Commercial,1,2.8,5441.1,Hybrid,19.102234,72.917809,33.6,-0.12,4000.0,1,85.9,0.0,89.7,1.24,Urban,Low,30.1,0.365,0,57.21,10.42,30.97,excessive_revving
V007,2026-08-22T09:10:45,Light Commercial,1,2.8,5441.1,Hybrid,19.102317,72.917875,33.3,-0.1,4000.0,1,65.9,0.0,84.9,0.16,Urban,Low,27.4,0.374,0,57.21,10.3,30.97,excessive_revving
V007,2026-08-22T09:10:46,Light Commercial,1,2.8,5441.1,Hybrid,19.102405,72.917946,35.3,0.56,4000.0,2,86.2,0.0,80.0,1.39,Urban,Low,26.9,0.384,0,57.2,10.93,30.97,excessive_revving
V007,2026-08-22T09:10:47,Light Commercial,1,2.8,5441.1,Hybrid,19.102491,72.918014,34.3,-0.28,4000.0,1,69.9,0.0,83.4,0.87,Urban,Low,27.9,0.394,0,57.2,10.62,30.97,excessive_revving
V007,2026-08-22T09:10:48,Light Commercial,1,2.8,5441.1,Hybrid,19.102578,72.918084,34.8,0.14,4000.0,1,83.2,0.0,77.0,1.08,Urban,Low,30.3,0.403,0,57.2,10.77,30.97,excessive_revving
V007,2026-08-22T09:10:49,Light Commercial,1,2.8,5441.1,Hybrid,19.102664,72.918153,34.4,-0.11,4000.0,1,69.9,0.0,83.7,-1.5,Urban,Low,26.9,0.413,0,57.19,10.65,30.97,excessive_revving
V007,2026-08-22T09:10:50,Light Commercial,1,2.8,5441.1,Hybrid,19.102758,72.918227,37.4,0.83,4000.0,2,77.3,0.0,87.4,-2.0,Urban,Low,29.6,0.423,0,57.19,11.58,30.97,excessive_revving
V007,2026-08-22T09:10:51,Light Commercial,1,2.8,5441.1,Hybrid,19.102851,72.918302,37.2,-0.05,4000.0,2,74.4,0.0,79.0,2.07,Urban,Low,28.3,0.434,0,57.19,11.52,30.97,excessive_revving
V007,2026-08-22T09:10:52,Light Commercial,1,2.8,5441.1,Hybrid,19.102944,72.918377,37.5,0.08,4000.0,2,81.4,0.0,70.2,-0.43,Urban,Low,30.3,0.444,0,57.18,11.61,30.97,excessive_revving
V007,2026-08-22T09:10:53,Light Commercial,1,2.8,5441.1,Hybrid,19.103037,72.918451,37.0,-0.13,4000.0,2,70.6,0.0,78.3,-1.35,Urban,Low,28.3,0.454,0,57.18,11.46,30.97,excessive_revving
V007,2026-08-22T09:10:54,Light Commercial,1,2.8,5441.1,Hybrid,19.103128,72.918524,36.5,-0.14,4000.0,2,85.1,0.0,82.7,0.78,Urban,Low,26.5,0.464,0,57.18,11.31,30.97,excessive_revving
V007,2026-08-22T09:10:55,Light Commercial,1,2.8,5441.1,Hybrid,19.103222,72.918599,37.4,0.26,4000.0,2,69.7,0.0,79.2,-2.22,Urban,Low,30.0,0.475,0,57.17,11.59,30.97,excessive_revving
V007,2026-08-22T09:10:56,Light Commercial,1,2.8,5441.1,Hybrid,19.103312,72.918671,36.2,-0.35,4000.0,2,83.1,0.0,75.4,-0.41,Urban,Low,25.4,0.485,0,57.17,11.2,30.97,excessive_revving
V007,2026-08-22T09:10:57,Light Commercial,1,2.8,5441.1,Hybrid,19.1034,72.918741,35.0,-0.33,4000.0,1,81.6,0.0,85.0,0.94,Urban,Low,27.9,0.495,0,57.17,10.83,30.97,excessive_revving
V007,2026-08-22T09:10:58,Light Commercial,1,2.8,5441.1,Hybrid,19.103487,72.918811,34.9,-0.02,4000.0,1,70.1,0.0,73.8,-1.32,Urban,Low,29.6,0.504,0,57.17,10.81,30.97,excessive_revving
V007,2026-08-22T09:10:59,Light Commercial,1,2.8,5441.1,Hybrid,19.103572,72.918879,34.0,-0.26,4000.0,1,86.7,0.0,78.2,0.24,Urban,Low,27.3,0.514,0,57.16,10.52,30.97,excessive_revving
V007,2026-08-22T09:11:00,Light Commercial,1,2.8,5441.1,Hybrid,19.10366,72.918949,35.1,0.33,4000.0,2,84.4,0.0,85.2,1.2,Urban,Low,29.0,0.524,0,57.16,10.88,30.97,excessive_revving
V007,2026-08-22T09:11:01,Light Commercial,1,2.8,5441.1,Hybrid,19.103749,72.919021,35.9,0.22,4000.0,2,67.2,0.0,88.2,-0.08,Urban,Low,29.6,0.533,0,57.16,11.12,30.97,excessive_revving
V007,2026-08-22T09:11:02,Light Commercial,1,2.8,5441.1,Hybrid,19.103839,72.919092,35.6,-0.08,4000.0,2,76.6,0.0,86.7,-0.57,Urban,Low,30.7,0.543,0,57.15,11.03,30.97,excessive_revving
V007,2026-08-22T09:11:03,Light Commercial,1,2.8,5441.1,Hybrid,19.103933,72.919168,37.8,0.6,4000.0,2,69.8,0.0,76.8,-0.54,Urban,Low,28.2,0.554,0,57.15,11.7,30.97,excessive_revving
V007,2026-08-22T09:11:04,Light Commercial,1,2.8,5441.1,Hybrid,19.104029,72.919245,38.5,0.2,4000.0,2,86.3,0.0,74.1,-1.38,Urban,Low,27.8,0.565,0,57.15,11.93,30.97,excessive_revving
V007,2026-08-22T09:11:05,Light Commercial,1,2.8,5441.1,Hybrid,19.104127,72.919323,39.1,0.16,4000.0,2,85.6,0.0,89.1,0.56,Urban,Low,28.5,0.575,0,57.14,12.11,30.97,excessive_revving
V007,2026-08-22T09:11:06,Light Commercial,1,2.8,5441.1,Hybrid,19.104227,72.919403,39.9,0.23,4000.0,2,80.9,0.0,78.2,-0.58,Urban,Low,29.8,0.587,0,57.14,12.37,30.97,excessive_revving
V007,2026-08-22T09:11:07,Light Commercial,1,2.8,5441.1,Hybrid,19.104333,72.919488,42.3,0.67,4000.0,2,82.7,0.0,84.0,0.41,Urban,Low,29.3,0.598,0,57.14,13.11,30.97,excessive_revving
V007,2026-08-22T09:11:08,Light Commercial,1,2.8,5441.1,Hybrid,19.104438,72.919572,42.1,-0.08,4000.0,2,71.8,0.0,86.3,0.25,Urban,Low,26.2,0.61,0,57.13,13.02,30.97,excessive_revving
V007,2026-08-22T09:11:09,Light Commercial,1,2.8,5441.1,Hybrid,19.104542,72.919655,41.7,-0.11,4000.0,2,83.6,0.0,86.6,-0.81,Urban,Low,28.9,0.622,0,57.13,12.9,30.97,excessive_revving
V007,2026-08-22T09:11:10,Light Commercial,1,2.8,5441.1,Hybrid,19.104646,72.919738,41.6,-0.03,4000.0,2,78.8,0.0,71.9,-0.27,Urban,Low,29.8,0.633,0,57.13,12.87,30.97,excessive_revving
V007,2026-08-22T09:11:11,Light Commercial,1,2.8,5441.1,Hybrid,19.104749,72.919821,41.2,-0.1,4000.0,2,89.4,0.0,84.6,-1.32,Urban,Low,28.0,0.645,0,57.12,12.76,30.97,excessive_revving
V007,2026-08-22T09:11:12,Light Commercial,1,2.8,5441.1,Hybrid,19.10485,72.919901,40.3,-0.26,4000.0,2,70.8,0.0,77.4,-0.42,Urban,Low,27.9,0.656,0,57.12,12.46,30.97,excessive_revving
V007,2026-08-22T09:11:13,Light Commercial,1,2.8,5441.1,Hybrid,19.104948,72.91998,39.4,-0.25,4000.0,2,76.3,0.0,87.6,1.24,Urban,Low,29.8,0.667,0,57.12,12.19,30.97,excessive_revving
V007,2026-08-22T09:11:14,Light Commercial,1,2.8,5441.1,Hybrid,19.105044,72.920057,38.5,-0.25,4000.0,2,73.3,0.0,84.0,-0.35,Urban,Low,29.8,0.677,0,57.11,11.91,30.97,excessive_revving
V007,2026-08-22T09:11:15,Light Commercial,1,2.8,5441.1,Hybrid,19.10514,72.920133,38.2,-0.07,4000.0,2,83.6,0.0,79.4,-0.51,Urban,Low,26.8,0.688,0,57.11,11.84,30.97,excessive_revving
V007,2026-08-22T09:11:16,Light Commercial,1,2.8,5441.1,Hybrid,19.105242,72.920215,41.0,0.77,4000.0,2,66.9,0.0,88.6,0.28,Urban,Low,27.9,0.699,0,57.11,12.7,30.97,excessive_revving
V007,2026-08-22T09:11:17,Light Commercial,1,2.8,5441.1,Hybrid,19.105345,72.920297,41.0,0.01,4000.0,2,87.0,0.0,81.9,1.44,Urban,Low,24.3,0.711,0,57.1,12.71,30.97,excessive_revving
V007,2026-08-22T09:11:18,Light Commercial,1,2.8,5441.1,Hybrid,19.105447,72.920379,40.9,-0.05,4000.0,2,70.3,0.0,88.6,-0.26,Urban,Low,28.4,0.722,0,57.1,12.66,30.97,excessive_revving
V007,2026-08-22T09:11:19,Light Commercial,1,2.8,5441.1,Hybrid,19.105547,72.920459,39.8,-0.3,4000.0,2,72.9,0.0,73.3,0.24,Urban,Low,28.0,0.733,0,57.09,12.33,30.97,excessive_revving
V007,2026-08-22T09:11:20,Light Commercial,1,2.8,5441.1,Hybrid,19.105649,72.920541,41.0,0.33,4000.0,2,84.3,0.0,77.8,0.34,Urban,Low,30.1,0.745,0,57.09,12.7,30.97,excessive_revving
V007,2026-08-22T09:11:21,Light Commercial,1,2.8,5441.1,Hybrid,19.10575,72.920622,40.5,-0.16,4000.0,2,68.7,0.0,88.7,-0.95,Urban,Low,27.8,0.756,0,57.09,12.53,30.97,excessive_revving
V007,2026-08-22T09:11:22,Light Commercial,1,2.8,5441.1,Hybrid,19.105855,72.920705,41.9,0.4,4000.0,2,68.9,0.0,86.5,0.32,Urban,Low,28.0,0.767,0,57.08,12.97,30.97,excessive_revving
V007,2026-08-22T09:11:23,Light Commercial,1,2.8,5441.1,Hybrid,19.105961,72.92079,42.3,0.11,4000.0,2,84.2,0.0,82.8,3.13,Urban,Low,29.4,0.779,0,57.08,13.09,30.97,excessive_revving
V007,2026-08-22T09:11:24,Light Commercial,1,2.8,5441.1,Hybrid,19.106066,72.920874,42.2,-0.03,4000.0,2,66.8,0.0,76.3,1.53,Urban,Low,29.3,0.791,0,57.08,13.06,30.97,excessive_revving
V007,2026-08-22T09:11:25,Light Commercial,1,2.8,5441.1,Hybrid,19.106173,72.92096,42.9,0.2,4000.0,2,77.8,0.0,71.6,0.78,Urban,Low,29.5,0.803,0,57.07,13.29,30.97,excessive_revving
V007,2026-08-22T09:11:26,Light Commercial,1,2.8,5441.1,Hybrid,19.106285,72.92105,44.8,0.52,4000.0,2,65.6,0.0,85.7,0.29,Urban,Low,29.2,0.815,0,57.07,13.86,30.97,excessive_revving
V007,2026-08-22T09:11:27,Light Commercial,1,2.8,5441.1,Hybrid,19.106399,72.921141,45.5,0.21,4000.0,2,83.8,0.0,77.4,-1.66,Urban,Low,28.7,0.828,0,57.07,14.09,30.97,excessive_revving
V007,2026-08-22T09:11:28,Light Commercial,1,2.8,5441.1,Hybrid,19.106515,72.921233,46.3,0.21,4000.0,2,67.6,0.0,75.0,1.12,Urban,Low,28.2,0.841,0,57.06,14.33,30.97,excessive_revving
V007,2026-08-22T09:11:29,Light Commercial,1,2.8,5441.1,Hybrid,19.106631,72.921326,46.4,0.04,4000.0,2,67.6,0.0,84.7,0.15,Urban,Low,28.5,0.854,0,57.06,14.37,30.97,excessive_revving
V007,2026-08-22T09:11:30,Light Commercial,1,2.8,5441.1,Hybrid,19.10675,72.921421,47.6,0.34,4000.0,2,84.2,0.0,78.6,1.19,Urban,Low,28.1,0.867,0,57.05,14.75,30.97,excessive_revving
V007,2026-08-22T09:11:31,Light Commercial,1,2.8,5441.1,Hybrid,19.10687,72.921518,48.2,0.15,4000.0,2,86.3,0.0,79.4,-1.74,Urban,Low,28.3,0.88,0,57.05,14.91,30.97,excessive_revving
V007,2026-08-22T09:11:32,Light Commercial,1,2.8,5441.1,Hybrid,19.106986,72.92161,46.3,-0.53,4000.0,2,89.2,0.0,87.3,-0.97,Urban,Low,26.0,0.893,0,57.05,14.33,30.97,excessive_revving
V007,2026-08-22T09:11:33,Light Commercial,1,2.8,5441.1,Hybrid,19.107101,72.921702,46.1,-0.04,4000.0,2,85.5,0.0,86.4,0.05,Urban,Low,28.6,0.906,0,57.04,14.28,30.97,excessive_revving
V007,2026-08-22T09:11:34,Light Commercial,1,2.8,5441.1,Hybrid,19.107221,72.921798,47.9,0.48,4000.0,2,68.4,0.0,73.3,-0.45,Urban,Low,27.1,0.919,0,57.04,14.82,30.97,excessive_revving
V007,2026-08-22T09:11:35,Light Commercial,1,2.8,5441.1,Hybrid,19.10734,72.921893,47.5,-0.09,4000.0,2,83.1,0.0,81.9,-2.16,Urban,Low,28.6,0.932,0,57.03,14.72,30.97,excessive_revving
V007,2026-08-22T09:11:36,Light Commercial,1,2.8,5441.1,Hybrid,19.107458,72.921988,47.1,-0.1,4000.0,2,77.1,0.0,70.3,-0.96,Urban,Low,25.9,0.945,0,57.03,14.6,30.97,excessive_revving
V007,2026-08-22T09:11:37,Light Commercial,1,2.8,5441.1,Hybrid,19.107576,72.922082,47.3,0.03,4000.0,2,67.3,0.0,81.2,-1.86,Urban,Low,27.2,0.959,0,57.03,14.63,30.97,excessive_revving
V007,2026-08-22T09:11:38,Light Commercial,1,2.8,5441.1,Hybrid,19.107696,72.922178,48.1,0.25,4000.0,2,78.6,0.0,70.0,1.22,Urban,Low,27.3,0.972,0,57.02,14.91,30.97,excessive_revving
V007,2026-08-22T09:11:39,Light Commercial,1,2.8,5441.1,Hybrid,19.10781,72.922269,45.5,-0.73,4000.0,2,79.8,0.0,78.1,0.82,Urban,Low,25.8,0.985,0,57.02,14.09,30.97,excessive_revving
V007,2026-08-22T09:11:40,Light Commercial,1,2.8,5441.1,Hybrid,19.107926,72.922362,46.6,0.3,4000.0,2,89.2,0.0,77.1,0.03,Urban,Low,27.6,0.998,0,57.01,14.42,30.97,excessive_revving
V007,2026-08-22T09:11:41,Light Commercial,1,2.8,5441.1,Hybrid,19.108043,72.922455,46.5,-0.01,4000.0,2,71.5,0.0,72.3,-0.6,Urban,Low,28.9,1.01,0,57.01,14.4,30.97,excessive_revving
V007,2026-08-22T09:11:42,Light Commercial,1,2.8,5441.1,Hybrid,19.108157,72.922547,45.9,-0.18,4000.0,2,78.4,0.0,88.7,-1.18,Urban,Low,29.3,1.023,0,57.01,14.2,30.97,excessive_revving
V007,2026-08-22T09:11:43,Light Commercial,1,2.8,5441.1,Hybrid,19.108273,72.92264,46.2,0.1,4000.0,2,86.1,0.0,88.3,0.33,Urban,Low,29.0,1.036,0,57.0,14.31,30.97,excessive_revving
V007,2026-08-22T09:11:44,Light Commercial,1,2.8,5441.1,Hybrid,19.108387,72.922731,45.6,-0.18,4000.0,2,81.4,0.0,84.0,1.38,Urban,Low,28.3,1.049,0,57.0,14.11,30.97,excessive_revving
V007,2026-08-22T09:11:45,Light Commercial,1,2.8,5441.1,Hybrid,19.108499,72.92282,44.8,-0.22,4000.0,2,87.1,0.0,80.8,1.51,Urban,Low,26.6,1.061,0,56.99,13.87,30.97,excessive_revving
V007,2026-08-22T09:11:46,Light Commercial,1,2.8,5441.1,Hybrid,19.108609,72.922909,44.4,-0.12,4000.0,2,74.2,0.0,89.4,-1.34,Urban,Low,26.7,1.073,0,56.99,13.74,30.97,excessive_revving
V007,2026-08-22T09:11:47,Light Commercial,1,2.8,5441.1,Hybrid,19.108722,72.922999,44.8,0.13,4000.0,2,84.8,0.0,88.5,-1.0,Urban,Low,27.3,1.086,0,56.99,13.87,30.97,excessive_revving
V007,2026-08-22T09:11:48,Light Commercial,1,2.8,5441.1,Hybrid,19.108829,72.923084,42.9,-0.53,4000.0,2,81.6,0.0,79.2,-3.75,Urban,Low,26.6,1.098,0,56.98,13.28,30.97,excessive_revving
V007,2026-08-22T09:11:49,Light Commercial,1,2.8,5441.1,Hybrid,19.108935,72.923169,42.4,-0.13,4000.0,2,75.0,0.0,72.8,2.26,Urban,Low,32.8,1.11,0,56.98,13.14,30.97,excessive_revving
V007,2026-08-22T09:11:50,Light Commercial,1,2.8,5441.1,Hybrid,19.10904,72.923253,42.0,-0.11,4000.0,2,75.4,0.0,87.0,1.06,Urban,Low,28.0,1.121,0,56.97,13.02,30.97,excessive_revving
V007,2026-08-22T09:11:51,Light Commercial,1,2.8,5441.1,Hybrid,19.109144,72.923336,41.4,-0.17,4000.0,2,86.3,0.0,89.8,-0.62,Urban,Low,28.0,1.133,0,56.97,12.83,30.97,excessive_revving
V007,2026-08-22T09:11:52,Light Commercial,1,2.8,5441.1,Hybrid,19.109249,72.923421,42.3,0.25,4000.0,2,82.3,0.0,81.4,2.57,Urban,Low,27.6,1.145,0,56.97,13.1,30.97,excessive_revving
V007,2026-08-22T09:11:53,Light Commercial,1,2.8,5441.1,Hybrid,19.109354,72.923505,41.9,-0.11,4000.0,2,80.4,0.0,86.6,0.46,Urban,Low,27.2,1.156,0,56.96,12.98,30.97,excessive_revving
V007,2026-08-22T09:11:54,Light Commercial,1,2.8,5441.1,Hybrid,19.109458,72.923587,41.4,-0.16,4000.0,2,88.4,0.0,86.9,-2.04,Urban,Low,29.2,1.168,0,56.96,12.81,30.97,excessive_revving
V007,2026-08-22T09:11:55,Light Commercial,1,2.8,5441.1,Hybrid,19.109565,72.923673,42.8,0.41,4000.0,2,66.0,0.0,85.2,0.2,Urban,Low,27.7,1.18,0,56.96,13.26,30.97,excessive_revving
V007,2026-08-22T09:11:56,Light Commercial,1,2.8,5441.1,Hybrid,19.10967,72.923757,42.1,-0.21,4000.0,2,80.8,0.0,72.5,-0.36,Urban,Low,26.0,1.191,0,56.95,13.02,30.97,excessive_revving
V007,2026-08-22T09:11:57,Light Commercial,1,2.8,5441.1,Hybrid,19.109773,72.92384,41.5,-0.15,4000.0,2,74.9,0.0,77.7,-0.19,Urban,Low,26.8,1.203,0,56.95,12.85,30.97,excessive_revving
V007,2026-08-22T09:11:58,Light Commercial,1,2.8,5441.1,Hybrid,19.109875,72.923921,40.4,-0.3,4000.0,2,86.6,0.0,74.1,0.61,Urban,Low,28.7,1.214,0,56.95,12.52,30.97,excessive_revving
V007,2026-08-22T09:11:59,Light Commercial,1,2.8,5441.1,Hybrid,19.109979,72.924004,41.7,0.34,4000.0,2,67.5,0.0,73.1,-0.36,Urban,Low,29.3,1.226,0,56.94,12.91,30.97,excessive_revving
V007,2026-08-22T11:10:00,Light Commercial,1,2.8,4262.9,Hybrid,19.041521,72.830569,27.0,2.9,4000.0,1,90.8,0.0,99.4,-1.23,Rural,High,25.6,0.007,0,45.02,6.04,22.37,harsh_acceleration
V007,2026-08-22T11:10:01,Light Commercial,1,2.8,4262.9,Hybrid,19.041622,72.83065,40.4,3.72,4000.0,2,86.6,0.0,93.9,-1.76,Rural,High,29.2,0.019,0,45.02,8.1,20.06,harsh_acceleration
V007,2026-08-22T11:10:02,Light Commercial,1,2.8,4262.9,Hybrid,19.041747,72.83075,50.0,2.98,4000.0,2,90.0,0.0,88.2,1.15,Rural,High,28.2,0.033,0,45.01,9.5,19.01,harsh_acceleration
V007,2026-08-22T11:10:03,Light Commercial,1,2.8,4262.9,Hybrid,19.041872,72.83085,50.0,3.79,4000.0,2,87.2,0.0,89.3,-1.13,Rural,High,27.0,0.046,0,45.01,9.5,19.01,harsh_acceleration
V007,2026-08-22T11:10:04,Light Commercial,1,2.8,4262.9,Hybrid,19.041997,72.83095,50.0,4.07,4000.0,2,93.9,0.0,89.1,0.07,Rural,High,26.8,0.06,0,45.01,9.5,19.01,harsh_acceleration
V007,2026-08-22T11:10:05,Light Commercial,1,2.8,4262.9,Hybrid,19.042122,72.83105,50.0,2.81,4000.0,2,95.0,0.0,97.0,2.03,Rural,High,29.1,0.074,0,45.01,9.5,19.01,harsh_acceleration
V007,2026-08-22T11:10:06,Light Commercial,1,2.8,4262.9,Hybrid,19.042247,72.83115,50.0,3.1,4000.0,2,90.2,0.0,88.0,-1.3,Rural,High,29.0,0.088,0,45.0,9.5,19.01,harsh_acceleration
V007,2026-08-22T11:10:07,Light Commercial,1,2.8,4262.9,Hybrid,19.042372,72.83125,50.0,3.22,4000.0,2,90.3,0.0,91.7,0.02,Rural,High,29.1,0.102,0,45.0,9.5,19.01,harsh_acceleration
V007,2026-08-22T11:10:08,Light Commercial,1,2.8,4262.9,Hybrid,19.042497,72.83135,50.0,3.72,4000.0,2,93.6,0.0,95.2,1.41,Rural,High,28.9,0.116,0,45.0,9.5,19.01,harsh_acceleration
V007,2026-08-22T11:10:09,Light Commercial,1,2.8,4262.9,Hybrid,19.042622,72.83145,50.0,3.08,4000.0,2,98.9,0.0,92.8,0.56,Rural,High,30.8,0.13,0,45.0,9.5,19.01,harsh_acceleration
V007,2026-08-22T11:10:10,Light Commercial,1,2.8,4262.9,Hybrid,19.042747,72.83155,50.0,3.93,4000.0,2,92.3,0.0,88.0,-1.02,Rural,High,30.6,0.144,0,44.99,9.5,19.01,harsh_acceleration
V007,2026-08-22T11:10:11,Light Commercial,1,2.8,4262.9,Hybrid,19.042872,72.83165,50.0,2.95,4000.0,2,96.8,0.0,98.5,-1.23,Rural,High,25.5,0.158,0,44.99,9.5,19.01,harsh_acceleration
V007,2026-08-22T11:10:12,Light Commercial,1,2.8,4262.9,Hybrid,19.042997,72.83175,50.0,2.9,4000.0,2,94.5,0.0,95.3,1.58,Rural,High,29.6,0.171,0,44.99,9.5,19.01,harsh_acceleration
V007,2026-08-22T11:10:13,Light Commercial,1,2.8,4262.9,Hybrid,19.043122,72.83185,50.0,2.67,4000.0,2,88.6,0.0,99.7,-0.19,Rural,High,28.1,0.185,0,44.98,9.5,19.01,harsh_acceleration
V007,2026-08-22T11:10:14,Light Commercial,1,2.8,4262.9,Hybrid,19.043247,72.83195,50.0,3.04,4000.0,2,90.3,0.0,94.9,-0.56,Rural,High,28.7,0.199,0,44.98,9.5,19.01,harsh_acceleration
V007,2026-08-22T11:10:15,Light Commercial,1,2.8,4262.9,Hybrid,19.043372,72.83205,50.0,3.81,4000.0,2,99.8,0.0,91.3,-0.83,Rural,High,27.3,0.213,0,44.98,9.5,19.01,harsh_acceleration
V007,2026-08-22T11:10:16,Light Commercial,1,2.8,4262.9,Hybrid,19.043497,72.83215,50.0,3.68,4000.0,2,90.3,0.0,89.9,0.56,Rural,High,28.2,0.227,0,44.98,9.5,19.01,harsh_acceleration
V007,2026-08-22T11:10:17,Light Commercial,1,2.8,4262.9,Hybrid,19.043622,72.83225,50.0,3.36,4000.0,2,93.9,0.0,89.0,-1.73,Rural,High,27.5,0.241,0,44.97,9.5,19.01,harsh_acceleration
V007,2026-08-22T11:10:18,Light Commercial,1,2.8,4262.9,Hybrid,19.043747,72.83235,50.0,3.76,4000.0,2,96.2,0.0,96.8,1.41,Rural,High,28.9,0.255,0,44.97,9.5,19.01,harsh_acceleration
V007,2026-08-22T11:10:19,Light Commercial,1,2.8,4262.9,Hybrid,19.043872,72.83245,50.0,3.78,4000.0,2,91.2,0.0,97.4,0.48,Rural,High,28.8,0.269,0,44.97,9.5,19.01,harsh_acceleration
V007,2026-08-22T11:10:20,Light Commercial,1,2.8,4262.9,Hybrid,19.043997,72.83255,50.0,3.46,4000.0,2,94.9,0.0,96.0,0.06,Rural,High,25.2,0.283,0,44.97,9.5,19.01,harsh_acceleration
V007,2026-08-22T11:10:21,Light Commercial,1,2.8,4262.9,Hybrid,19.044122,72.83265,50.0,3.91,4000.0,2,87.4,0.0,88.6,-0.13,Rural,High,30.5,0.296,0,44.96,9.5,19.01,harsh_acceleration
V007,2026-08-22T11:10:22,Light Commercial,1,2.8,4262.9,Hybrid,19.044247,72.83275,50.0,3.21,4000.0,2,85.8,0.0,97.1,0.57,Rural,High,27.6,0.31,0,44.96,9.5,19.01,harsh_acceleration
V007,2026-08-22T11:10:23,Light Commercial,1,2.8,4262.9,Hybrid,19.044372,72.83285,50.0,3.65,4000.0,2,86.7,0.0,98.4,-0.28,Rural,High,28.1,0.324,0,44.96,9.5,19.01,harsh_acceleration
V007,2026-08-22T11:10:24,Light Commercial,1,2.8,4262.9,Hybrid,19.044497,72.83295,50.0,3.27,4000.0,2,94.4,0.0,95.0,0.35,Rural,High,28.1,0.338,0,44.96,9.5,19.01,harsh_acceleration
V007,2026-08-22T11:10:25,Light Commercial,1,2.8,4262.9,Hybrid,19.044622,72.83305,50.0,4.05,4000.0,2,89.1,0.0,98.0,0.9,Rural,High,28.4,0.352,0,44.95,9.5,19.01,harsh_acceleration
V007,2026-08-22T11:10:26,Light Commercial,1,2.8,4262.9,Hybrid,19.044747,72.83315,50.0,3.1,4000.0,2,97.1,0.0,97.1,0.92,Rural,High,27.0,0.366,0,44.95,9.5,19.01,harsh_acceleration
V007,2026-08-22T11:10:27,Light Commercial,1,2.8,4262.9,Hybrid,19.044872,72.83325,50.0,2.66,4000.0,2,93.1,0.0,98.7,-1.06,Rural,High,29.6,0.38,0,44.95,9.5,19.01,harsh_acceleration
V007,2026-08-22T11:10:28,Light Commercial,1,2.8,4262.9,Hybrid,19.044997,72.83335,50.0,2.9,4000.0,2,88.7,0.0,91.3,0.72,Rural,High,29.4,0.394,0,44.94,9.5,19.01,harsh_acceleration
V007,2026-08-22T11:10:29,Light Commercial,1,2.8,4262.9,Hybrid,19.045122,72.83345,50.0,2.77,4000.0,2,98.4,0.0,98.0,3.15,Rural,High,28.6,0.408,0,44.94,9.5,19.01,harsh_acceleration
V007,2026-08-22T11:10:30,Light Commercial,1,2.8,4262.9,Hybrid,19.045247,72.83355,50.0,3.15,4000.0,2,98.2,0.0,94.5,-0.47,Rural,High,29.8,0.421,0,44.94,9.5,19.01,harsh_acceleration
V007,2026-08-22T11:10:31,Light Commercial,1,2.8,4262.9,Hybrid,19.045372,72.83365,50.0,2.69,4000.0,2,99.4,0.0,95.2,2.43,Rural,High,29.3,0.435,0,44.94,9.5,19.01,harsh_acceleration
V007,2026-08-22T11:10:32,Light Commercial,1,2.8,4262.9,Hybrid,19.045497,72.83375,50.0,3.04,4000.0,2,88.1,0.0,90.8,0.54,Rural,High,27.6,0.449,0,44.93,9.5,19.01,harsh_acceleration
V007,2026-08-22T11:10:33,Light Commercial,1,2.8,4262.9,Hybrid,19.045622,72.83385,50.0,2.68,4000.0,2,87.1,0.0,89.9,-1.76,Rural,High,28.9,0.463,0,44.93,9.5,19.01,harsh_acceleration
V007,2026-08-22T11:10:34,Light Commercial,1,2.8,4262.9,Hybrid,19.045747,72.83395,50.0,3.33,4000.0,2,90.8,0.0,88.6,-2.79,Rural,High,25.9,0.477,0,44.93,9.5,19.01,harsh_acceleration
V007,2026-08-22T11:10:35,Light Commercial,1,2.8,4262.9,Hybrid,19.045872,72.83405,50.0,4.13,4000.0,2,99.7,0.0,99.8,-1.58,Rural,High,27.9,0.491,0,44.93,9.5,19.01,harsh_acceleration
V007,2026-08-22T11:10:36,Light Commercial,1,2.8,4262.9,Hybrid,19.045997,72.83415,50.0,3.63,4000.0,2,87.1,0.0,88.4,0.99,Rural,High,27.6,0.505,0,44.92,9.5,19.01,harsh_acceleration
V007,2026-08-22T11:10:37,Light Commercial,1,2.8,4262.9,Hybrid,19.046122,72.83425,50.0,3.51,4000.0,2,96.9,0.0,99.9,-0.99,Rural,High,31.0,0.519,0,44.92,9.5,19.01,harsh_acceleration
V007,2026-08-22T11:10:38,Light Commercial,1,2.8,4262.9,Hybrid,19.046247,72.83435,50.0,2.87,4000.0,2,91.6,0.0,94.3,1.54,Rural,High,23.6,0.533,0,44.92,9.5,19.01,harsh_acceleration
V007,2026-08-22T11:10:39,Light Commercial,1,2.8,4262.9,Hybrid,19.046372,72.83445,50.0,2.94,4000.0,2,95.2,0.0,88.9,0.71,Rural,High,29.3,0.546,0,44.92,9.5,19.01,harsh_acceleration
V007,2026-08-22T11:10:40,Light Commercial,1,2.8,4262.9,Hybrid,19.046497,72.83455,50.0,2.76,4000.0,2,87.4,0.0,92.3,-0.54,Rural,High,28.3,0.56,0,44.91,9.5,19.01,harsh_acceleration
V007,2026-08-22T11:10:41,Light Commercial,1,2.8,4262.9,Hybrid,19.046622,72.83465,50.0,3.89,4000.0,2,96.4,0.0,89.2,0.04,Rural,High,27.8,0.574,0,44.91,9.5,19.01,harsh_acceleration
V007,2026-08-22T11:10:42,Light Commercial,1,2.8,4262.9,Hybrid,19.046747,72.83475,50.0,3.17,4000.0,2,90.5,0.0,98.2,1.26,Rural,High,29.6,0.588,0,44.91,9.5,19.01,harsh_acceleration
V007,2026-08-22T11:10:43,Light Commercial,1,2.8,4262.9,Hybrid,19.046872,72.83485,50.0,3.73,4000.0,2,96.8,0.0,97.7,0.54,Rural,High,27.4,0.602,0,44.91,9.5,19.01,harsh_acceleration
V007,2026-08-22T11:10:44,Light Commercial,1,2.8,4262.9,Hybrid,19.046997,72.83495,50.0,3.96,4000.0,2,85.4,0.0,92.6,1.82,Rural,High,27.5,0.616,0,44.9,9.5,19.01,harsh_acceleration
V007,2026-08-22T11:10:45,Light Commercial,1,2.8,4262.9,Hybrid,19.047122,72.83505,50.0,3.12,4000.0,2,96.1,0.0,91.0,0.32,Rural,High,28.4,0.63,0,44.9,9.5,19.01,harsh_acceleration
V007,2026-08-22T11:10:46,Light Commercial,1,2.8,4262.9,Hybrid,19.047247,72.83515,50.0,3.34,4000.0,2,90.5,0.0,98.0,-0.07,Rural,High,27.7,0.644,0,44.9,9.5,19.01,harsh_acceleration
V007,2026-08-22T11:10:47,Light Commercial,1,2.8,4262.9,Hybrid,19.047372,72.83525,50.0,3.99,4000.0,2,87.1,0.0,89.5,-2.22,Rural,High,26.6,0.658,0,44.89,9.5,19.01,harsh_acceleration
V007,2026-08-22T11:10:48,Light Commercial,1,2.8,4262.9,Hybrid,19.047497,72.83535,50.0,3.35,4000.0,2,92.2,0.0,90.7,-1.53,Rural,High,30.1,0.671,0,44.89,9.5,19.01,harsh_acceleration
V007,2026-08-22T11:10:49,Light Commercial,1,2.8,4262.9,Hybrid,19.047622,72.83545,50.0,3.91,4000.0,2,99.2,0.0,91.9,1.28,Rural,High,30.8,0.685,0,44.89,9.5,19.01,harsh_acceleration
V007,2026-08-22T11:10:50,Light Commercial,1,2.8,4262.9,Hybrid,19.047747,72.83555,50.0,3.55,4000.0,2,89.4,0.0,89.6,0.53,Rural,High,31.2,0.699,0,44.89,9.5,19.01,harsh_acceleration
V007,2026-08-22T11:10:51,Light Commercial,1,2.8,4262.9,Hybrid,19.047872,72.83565,50.0,3.86,4000.0,2,97.1,0.0,97.6,-0.43,Rural,High,27.4,0.713,0,44.88,9.5,19.01,harsh_acceleration
V007,2026-08-22T11:10:52,Light Commercial,1,2.8,4262.9,Hybrid,19.047997,72.83575,50.0,3.45,4000.0,2,90.7,0.0,91.9,-0.8,Rural,High,27.6,0.727,0,44.88,9.5,19.01,harsh_acceleration
V007,2026-08-22T11:10:53,Light Commercial,1,2.8,4262.9,Hybrid,19.048122,72.83585,50.0,3.97,4000.0,2,88.6,0.0,93.0,1.15,Rural,High,29.5,0.741,0,44.88,9.5,19.01,harsh_acceleration
V007,2026-08-22T11:10:54,Light Commercial,1,2.8,4262.9,Hybrid,19.048247,72.83595,50.0,3.87,4000.0,2,86.7,0.0,95.3,0.86,Rural,High,27.2,0.755,0,44.88,9.5,19.01,harsh_acceleration
V007,2026-08-22T11:10:55,Light Commercial,1,2.8,4262.9,Hybrid,19.048372,72.83605,50.0,3.69,4000.0,2,98.1,0.0,94.0,-0.65,Rural,High,28.5,0.769,0,44.87,9.5,19.01,harsh_acceleration
V007,2026-08-22T11:10:56,Light Commercial,1,2.8,4262.9,Hybrid,19.048497,72.83615,50.0,3.23,4000.0,2,90.3,0.0,97.2,-0.49,Rural,High,27.4,0.783,0,44.87,9.5,19.01,harsh_acceleration
V007,2026-08-22T11:10:57,Light Commercial,1,2.8,4262.9,Hybrid,19.048622,72.83625,50.0,2.78,4000.0,2,87.7,0.0,94.3,0.71,Rural,High,26.9,0.796,0,44.87,9.5,19.01,harsh_acceleration
V007,2026-08-22T11:10:58,Light Commercial,1,2.8,4262.9,Hybrid,19.048747,72.83635,50.0,4.09,4000.0,2,95.3,0.0,100.0,-0.82,Rural,High,28.1,0.81,0,44.87,9.5,19.01,harsh_acceleration
V007,2026-08-22T11:10:59,Light Commercial,1,2.8,4262.9,Hybrid,19.048872,72.83645,50.0,4.03,4000.0,2,88.2,0.0,98.6,-0.73,Rural,High,27.0,0.824,0,44.86,9.5,19.01,harsh_acceleration
V007,2026-08-22T11:11:00,Light Commercial,1,2.8,4262.9,Hybrid,19.048997,72.83655,50.0,2.89,4000.0,2,96.7,0.0,94.0,0.39,Rural,High,26.6,0.838,0,44.86,9.5,19.01,harsh_acceleration
V007,2026-08-22T11:11:01,Light Commercial,1,2.8,4262.9,Hybrid,19.049122,72.83665,50.0,3.97,4000.0,2,96.4,0.0,93.3,1.4,Rural,High,30.1,0.852,0,44.86,9.5,19.01,harsh_acceleration
V007,2026-08-22T11:11:02,Light Commercial,1,2.8,4262.9,Hybrid,19.049247,72.83675,50.0,3.12,4000.0,2,98.3,0.0,89.3,1.92,Rural,High,28.1,0.866,0,44.86,9.5,19.01,harsh_acceleration
V007,2026-08-22T11:11:03,Light Commercial,1,2.8,4262.9,Hybrid,19.049372,72.83685,50.0,3.75,4000.0,2,88.3,0.0,97.3,-0.69,Rural,High,26.5,0.88,0,44.85,9.5,19.01,harsh_acceleration
V007,2026-08-22T11:11:04,Light Commercial,1,2.8,4262.9,Hybrid,19.049497,72.83695,50.0,3.0,4000.0,2,96.7,0.0,88.1,0.7,Rural,High,28.7,0.894,0,44.85,9.5,19.01,harsh_acceleration
V007,2026-08-22T11:11:05,Light Commercial,1,2.8,4262.9,Hybrid,19.049622,72.83705,50.0,3.68,4000.0,2,96.9,0.0,97.1,-1.57,Rural,High,28.4,0.908,0,44.85,9.5,19.01,harsh_acceleration
V007,2026-08-22T11:11:06,Light Commercial,1,2.8,4262.9,Hybrid,19.049747,72.83715,50.0,2.79,4000.0,2,95.6,0.0,96.0,1.38,Rural,High,27.0,0.921,0,44.84,9.5,19.01,harsh_acceleration
V007,2026-08-22T11:11:07,Light Commercial,1,2.8,4262.9,Hybrid,19.049872,72.83725,50.0,4.19,4000.0,2,90.7,0.0,99.2,0.34,Rural,High,27.6,0.935,0,44.84,9.5,19.01,harsh_acceleration
V007,2026-08-22T11:11:08,Light Commercial,1,2.8,4262.9,Hybrid,19.049997,72.83735,50.0,3.27,4000.0,2,94.0,0.0,98.4,1.39,Rural,High,28.8,0.949,0,44.84,9.5,19.01,harsh_acceleration
V007,2026-08-22T11:11:09,Light Commercial,1,2.8,4262.9,Hybrid,19.050122,72.83745,50.0,2.6,4000.0,2,89.0,0.0,91.9,0.68,Rural,High,28.1,0.963,0,44.84,9.5,19.01,harsh_acceleration
V007,2026-08-22T11:11:10,Light Commercial,1,2.8,4262.9,Hybrid,19.050247,72.83755,50.0,3.16,4000.0,2,92.2,0.0,89.0,0.46,Rural,High,28.2,0.977,0,44.83,9.5,19.01,harsh_acceleration
V007,2026-08-22T11:11:11,Light Commercial,1,2.8,4262.9,Hybrid,19.050372,72.83765,50.0,2.62,4000.0,2,90.4,0.0,90.0,-0.43,Rural,High,28.0,0.991,0,44.83,9.5,19.01,harsh_acceleration
V007,2026-08-22T11:11:12,Light Commercial,1,2.8,4262.9,Hybrid,19.050497,72.83775,50.0,3.62,4000.0,2,97.3,0.0,93.2,0.28,Rural,High,30.2,1.005,0,44.83,9.5,19.01,harsh_acceleration
V007,2026-08-22T11:11:13,Light Commercial,1,2.8,4262.9,Hybrid,19.050622,72.83785,50.0,3.82,4000.0,2,93.7,0.0,97.6,0.02,Rural,High,28.6,1.019,0,44.83,9.5,19.01,harsh_acceleration
V007,2026-08-22T11:11:14,Light Commercial,1,2.8,4262.9,Hybrid,19.050747,72.83795,50.0,4.11,4000.0,2,98.0,0.0,95.0,-1.85,Rural,High,26.5,1.033,0,44.82,9.5,19.01,harsh_acceleration
V007,2026-08-22T11:11:15,Light Commercial,1,2.8,4262.9,Hybrid,19.050872,72.83805,50.0,3.42,4000.0,2,95.8,0.0,97.3,0.84,Rural,High,28.7,1.046,0,44.82,9.5,19.01,harsh_acceleration
V007,2026-08-22T11:11:16,Light Commercial,1,2.8,4262.9,Hybrid,19.050997,72.83815,50.0,3.67,4000.0,2,87.1,0.0,95.0,0.32,Rural,High,28.7,1.06,0,44.82,9.5,19.01,harsh_acceleration
V007,2026-08-22T11:11:17,Light Commercial,1,2.8,4262.9,Hybrid,19.051122,72.83825,50.0,3.84,4000.0,2,90.6,0.0,91.5,-0.95,Rural,High,29.8,1.074,0,44.82,9.5,19.01,harsh_acceleration
V007,2026-08-22T11:11:18,Light Commercial,1,2.8,4262.9,Hybrid,19.051247,72.83835,50.0,3.22,4000.0,2,98.0,0.0,96.5,-0.14,Rural,High,25.9,1.088,0,44.81,9.5,19.01,harsh_acceleration
V007,2026-08-22T11:11:19,Light Commercial,1,2.8,4262.9,Hybrid,19.051372,72.83845,50.0,3.73,4000.0,2,89.8,0.0,99.0,1.12,Rural,High,28.9,1.102,0,44.81,9.5,19.01,harsh_acceleration
V007,2026-08-22T11:11:20,Light Commercial,1,2.8,4262.9,Hybrid,19.051497,72.83855,50.0,2.96,4000.0,2,96.1,0.0,94.8,0.07,Rural,High,29.0,1.116,0,44.81,9.5,19.01,harsh_acceleration
V007,2026-08-22T11:11:21,Light Commercial,1,2.8,4262.9,Hybrid,19.051622,72.83865,50.0,4.01,4000.0,2,89.2,0.0,91.2,-0.23,Rural,High,26.4,1.13,0,44.81,9.5,19.01,harsh_acceleration
V007,2026-08-22T11:11:22,Light Commercial,1,2.8,4262.9,Hybrid,19.051747,72.83875,50.0,3.59,4000.0,2,93.6,0.0,96.4,0.77,Rural,High,31.6,1.144,0,44.8,9.5,19.01,harsh_acceleration
V007,2026-08-22T11:11:23,Light Commercial,1,2.8,4262.9,Hybrid,19.051872,72.83885,50.0,2.76,4000.0,2,90.3,0.0,97.8,-0.32,Rural,High,29.9,1.158,0,44.8,9.5,19.01,harsh_acceleration
V007,2026-08-22T11:11:24,Light Commercial,1,2.8,4262.9,Hybrid,19.051997,72.83895,50.0,3.77,4000.0,2,95.3,0.0,93.4,-1.11,Rural,High,26.3,1.171,0,44.8,9.5,19.01,harsh_acceleration
V007,2026-08-22T11:11:25,Light Commercial,1,2.8,4262.9,Hybrid,19.052122,72.83905,50.0,3.55,4000.0,2,90.1,0.0,95.7,-0.76,Rural,High,28.2,1.185,0,44.79,9.5,19.01,harsh_acceleration
V007,2026-08-22T11:11:26,Light Commercial,1,2.8,4262.9,Hybrid,19.052247,72.83915,50.0,3.54,4000.0,2,98.7,0.0,92.5,-1.15,Rural,High,27.7,1.199,0,44.79,9.5,19.01,harsh_acceleration
V007,2026-08-22T11:11:27,Light Commercial,1,2.8,4262.9,Hybrid,19.052372,72.83925,50.0,2.67,4000.0,2,97.5,0.0,88.2,-0.44,Rural,High,31.0,1.213,0,44.79,9.5,19.01,harsh_acceleration
V007,2026-08-22T11:11:28,Light Commercial,1,2.8,4262.9,Hybrid,19.052497,72.83935,50.0,3.67,4000.0,2,95.8,0.0,94.4,-0.35,Rural,High,27.7,1.227,0,44.79,9.5,19.01,harsh_acceleration
V007,2026-08-22T11:11:29,Light Commercial,1,2.8,4262.9,Hybrid,19.052622,72.83945,50.0,3.02,4000.0,2,97.5,0.0,93.3,-0.75,Rural,High,29.2,1.241,0,44.78,9.5,19.01,harsh_acceleration
V007,2026-08-22T11:11:30,Light Commercial,1,2.8,4262.9,Hybrid,19.052747,72.83955,50.0,2.98,4000.0,2,94.3,0.0,98.7,-2.3,Rural,High,28.1,1.255,0,44.78,9.5,19.01,harsh_acceleration
V007,2026-08-22T11:11:31,Light Commercial,1,2.8,4262.9,Hybrid,19.052872,72.83965,50.0,3.94,4000.0,2,89.5,0.0,96.6,-0.25,Rural,High,29.3,1.269,0,44.78,9.5,19.01,harsh_acceleration
V007,2026-08-22T11:11:32,Light Commercial,1,2.8,4262.9,Hybrid,19.052997,72.83975,50.0,3.51,4000.0,2,98.2,0.0,93.6,-0.61,Rural,High,29.1,1.283,0,44.78,9.5,19.01,harsh_acceleration
V007,2026-08-22T11:11:33,Light Commercial,1,2.8,4262.9,Hybrid,19.053122,72.83985,50.0,4.18,4000.0,2,97.9,0.0,93.8,-1.49,Rural,High,26.6,1.296,0,44.77,9.5,19.01,harsh_acceleration
V007,2026-08-22T11:11:34,Light Commercial,1,2.8,4262.9,Hybrid,19.053247,72.83995,50.0,4.1,4000.0,2,95.9,0.0,92.7,0.36,Rural,High,27.3,1.31,0,44.77,9.5,19.01,harsh_acceleration
V007,2026-08-22T11:11:35,Light Commercial,1,2.8,4262.9,Hybrid,19.053372,72.84005,50.0,3.61,4000.0,2,90.6,0.0,90.8,-0.83,Rural,High,29.7,1.324,0,44.77,9.5,19.01,harsh_acceleration
V007,2026-08-22T11:11:36,Light Commercial,1,2.8,4262.9,Hybrid,19.053497,72.84015,50.0,3.81,4000.0,2,85.9,0.0,99.9,0.57,Rural,High,28.0,1.338,0,44.77,9.5,19.01,harsh_acceleration
V007,2026-08-22T11:11:37,Light Commercial,1,2.8,4262.9,Hybrid,19.053622,72.84025,50.0,3.12,4000.0,2,91.9,0.0,90.9,2.35,Rural,High,28.4,1.352,0,44.76,9.5,19.01,harsh_acceleration
V007,2026-08-22T11:11:38,Light Commercial,1,2.8,4262.9,Hybrid,19.053747,72.84035,50.0,2.61,4000.0,2,94.7,0.0,94.8,2.16,Rural,High,27.4,1.366,0,44.76,9.5,19.01,harsh_acceleration
V007,2026-08-22T11:11:39,Light Commercial,1,2.8,4262.9,Hybrid,19.053872,72.84045,50.0,3.42,4000.0,2,92.6,0.0,90.2,0.52,Rural,High,27.8,1.38,0,44.76,9.5,19.01,harsh_acceleration
V007,2026-08-22T11:11:40,Light Commercial,1,2.8,4262.9,Hybrid,19.053997,72.84055,50.0,3.92,4000.0,2,90.2,0.0,98.3,0.08,Rural,High,27.3,1.394,0,44.75,9.5,19.01,harsh_acceleration
V007,2026-08-22T11:11:41,Light Commercial,1,2.8,4262.9,Hybrid,19.054122,72.84065,50.0,2.67,4000.0,2,95.2,0.0,98.0,1.76,Rural,High,26.1,1.408,0,44.75,9.5,19.01,harsh_acceleration
V007,2026-08-22T11:11:42,Light Commercial,1,2.8,4262.9,Hybrid,19.054247,72.84075,50.0,3.13,4000.0,2,88.4,0.0,94.3,-2.12,Rural,High,26.2,1.421,0,44.75,9.5,19.01,harsh_acceleration
V007,2026-08-22T11:11:43,Light Commercial,1,2.8,4262.9,Hybrid,19.054372,72.84085,50.0,3.02,4000.0,2,86.6,0.0,92.6,0.62,Rural,High,27.9,1.435,0,44.75,9.5,19.01,harsh_acceleration
V007,2026-08-22T11:11:44,Light Commercial,1,2.8,4262.9,Hybrid,19.054497,72.84095,50.0,3.35,4000.0,2,85.5,0.0,97.1,0.64,Rural,High,27.3,1.449,0,44.74,9.5,19.01,harsh_acceleration
V007,2026-08-22T11:11:45,Light Commercial,1,2.8,4262.9,Hybrid,19.054622,72.84105,50.0,3.3,4000.0,2,98.5,0.0,95.1,0.52,Rural,High,29.2,1.463,0,44.74,9.5,19.01,harsh_acceleration
V007,2026-08-22T11:11:46,Light Commercial,1,2.8,4262.9,Hybrid,19.054747,72.84115,50.0,3.11,4000.0,2,92.9,0.0,92.1,-1.24,Rural,High,29.6,1.477,0,44.74,9.5,19.01,harsh_acceleration
V007,2026-08-22T11:11:47,Light Commercial,1,2.8,4262.9,Hybrid,19.054872,72.84125,50.0,3.01,4000.0,2,93.3,0.0,88.7,1.11,Rural,High,29.6,1.491,0,44.74,9.5,19.01,harsh_acceleration
V007,2026-08-22T11:11:48,Light Commercial,1,2.8,4262.9,Hybrid,19.054997,72.84135,50.0,3.29,4000.0,2,87.0,0.0,89.4,-0.23,Rural,High,27.7,1.505,0,44.73,9.5,19.01,harsh_acceleration
V007,2026-08-22T11:11:49,Light Commercial,1,2.8,4262.9,Hybrid,19.055122,72.84145,50.0,3.97,4000.0,2,89.5,0.0,96.9,-0.44,Rural,High,29.6,1.519,0,44.73,9.5,19.01,harsh_acceleration
V007,2026-08-22T11:11:50,Light Commercial,1,2.8,4262.9,Hybrid,19.055247,72.84155,50.0,2.88,4000.0,2,97.2,0.0,96.3,-1.98,Rural,High,28.2,1.533,0,44.73,9.5,19.01,harsh_acceleration
V007,2026-08-22T11:11:51,Light Commercial,1,2.8,4262.9,Hybrid,19.055372,72.84165,50.0,3.39,4000.0,2,96.9,0.0,96.5,-1.68,Rural,High,26.2,1.546,0,44.73,9.5,19.01,harsh_acceleration
V007,2026-08-22T11:11:52,Light Commercial,1,2.8,4262.9,Hybrid,19.055497,72.84175,50.0,3.59,4000.0,2,86.3,0.0,89.5,1.43,Rural,High,30.4,1.56,0,44.72,9.5,19.01,harsh_acceleration
V007,2026-08-22T11:11:53,Light Commercial,1,2.8,4262.9,Hybrid,19.055622,72.84185,50.0,3.75,4000.0,2,95.5,0.0,99.6,2.96,Rural,High,29.1,1.574,0,44.72,9.5,19.01,harsh_acceleration
V007,2026-08-22T11:11:54,Light Commercial,1,2.8,4262.9,Hybrid,19.055747,72.84195,50.0,3.96,4000.0,2,98.3,0.0,95.2,-0.4,Rural,High,25.2,1.588,0,44.72,9.5,19.01,harsh_acceleration
V007,2026-08-22T11:11:55,Light Commercial,1,2.8,4262.9,Hybrid,19.055872,72.84205,50.0,3.5,4000.0,2,86.5,0.0,89.1,0.06,Rural,High,27.8,1.602,0,44.72,9.5,19.01,harsh_acceleration
V007,2026-08-22T11:11:56,Light Commercial,1,2.8,4262.9,Hybrid,19.055997,72.84215,50.0,4.1,4000.0,2,95.1,0.0,93.6,1.54,Rural,High,28.8,1.616,0,44.71,9.5,19.01,harsh_acceleration
V007,2026-08-22T11:11:57,Light Commercial,1,2.8,4262.9,Hybrid,19.056122,72.84225,50.0,3.38,4000.0,2,91.8,0.0,98.3,-0.18,Rural,High,29.8,1.63,0,44.71,9.5,19.01,harsh_acceleration
V007,2026-08-22T11:11:58,Light Commercial,1,2.8,4262.9,Hybrid,19.056247,72.84235,50.0,3.69,4000.0,2,90.9,0.0,90.0,-0.65,Rural,High,30.5,1.644,0,44.71,9.5,19.01,harsh_acceleration
V007,2026-08-22T11:11:59,Light Commercial,1,2.8,4262.9,Hybrid,19.056372,72.84245,50.0,3.57,4000.0,2,89.9,0.0,94.8,0.65,Rural,High,28.2,1.658,0,44.7,9.5,19.01,harsh_acceleration
V007,2026-08-22T13:10:00,Light Commercial,1,2.8,6000.0,Hybrid,19.081666,72.918095,35.5,1.46,4000.0,3,46.1,0.0,62.7,-4.4,Highway,Low,27.3,0.01,0,58.24,3.8,10.73,downhill_acceleration
V007,2026-08-22T13:10:01,Light Commercial,1,2.8,6000.0,Hybrid,19.081763,72.918173,38.8,0.93,4000.0,3,73.6,0.0,42.9,-4.34,Highway,Low,29.0,0.021,0,58.24,4.16,10.73,downhill_acceleration
V007,2026-08-22T13:10:02,Light Commercial,1,2.8,6000.0,Hybrid,19.081874,72.918262,44.3,1.51,4000.0,3,45.7,0.0,47.9,-2.59,Highway,Low,27.4,0.033,0,58.24,4.75,10.73,downhill_acceleration
V007,2026-08-22T13:10:03,Light Commercial,1,2.8,6000.0,Hybrid,19.081999,72.918362,50.0,1.6,4000.0,3,58.9,0.0,61.7,-2.52,Highway,Low,28.7,0.047,0,58.24,5.37,10.73,downhill_acceleration
V007,2026-08-22T13:10:04,Light Commercial,1,2.8,6000.0,Hybrid,19.082137,72.918472,55.1,1.41,4000.0,4,53.1,0.0,51.5,-3.26,Highway,Low,25.2,0.062,0,58.24,5.91,10.73,downhill_acceleration
V007,2026-08-22T13:10:05,Light Commercial,1,2.8,6000.0,Hybrid,19.082288,72.918593,60.4,1.48,4000.0,4,66.3,0.0,60.4,-4.12,Highway,Low,28.6,0.079,0,58.23,6.48,10.73,downhill_acceleration
V007,2026-08-22T13:10:06,Light Commercial,1,2.8,6000.0,Hybrid,19.08245,72.918722,64.8,1.22,4000.0,4,49.3,0.0,59.3,-2.34,Highway,Low,29.5,0.097,0,58.23,6.95,10.73,downhill_acceleration
V007,2026-08-22T13:10:07,Light Commercial,1,2.8,6000.0,Hybrid,19.082623,72.91886,69.0,1.18,4000.0,4,61.9,0.0,49.8,-2.97,Highway,Low,27.3,0.116,0,58.23,7.41,10.73,downhill_acceleration
V007,2026-08-22T13:10:08,Light Commercial,1,2.8,6000.0,Hybrid,19.082805,72.919006,72.8,1.05,4000.0,5,56.6,0.0,56.7,-3.38,Highway,Low,28.4,0.136,0,58.23,7.81,10.73,downhill_acceleration
V007,2026-08-22T13:10:09,Light Commercial,1,2.8,6000.0,Hybrid,19.082994,72.919158,76.0,0.87,4000.0,5,65.2,0.0,47.2,-3.13,Highway,Low,28.1,0.157,0,58.23,8.15,10.73,downhill_acceleration
V007,2026-08-22T13:10:10,Light Commercial,1,2.8,6000.0,Hybrid,19.08319,72.919315,78.4,0.67,4000.0,5,62.2,0.0,45.4,-2.43,Highway,Low,26.8,0.179,0,58.22,8.41,10.73,downhill_acceleration
V007,2026-08-22T13:10:11,Light Commercial,1,2.8,6000.0,Hybrid,19.083396,72.919479,82.3,1.08,4000.0,5,45.7,0.0,54.9,-4.04,Highway,Low,30.8,0.202,0,58.22,8.83,10.73,downhill_acceleration
V007,2026-08-22T13:10:12,Light Commercial,1,2.8,6000.0,Hybrid,19.083615,72.919655,87.7,1.51,4000.0,5,47.2,0.0,62.1,-2.81,Highway,Low,29.8,0.226,0,58.22,9.41,10.73,downhill_acceleration
V007,2026-08-22T13:10:13,Light Commercial,1,2.8,6000.0,Hybrid,19.083844,72.919837,91.4,1.03,4000.0,6,68.1,0.0,49.2,-3.91,Highway,Low,28.9,0.252,0,58.22,9.81,10.73,downhill_acceleration
V007,2026-08-22T13:10:14,Light Commercial,1,2.8,6000.0,Hybrid,19.084081,72.920027,95.0,1.79,4000.0,6,53.3,0.0,57.9,-2.39,Highway,Low,29.9,0.278,0,58.21,10.19,10.73,downhill_acceleration
V007,2026-08-22T13:10:15,Light Commercial,1,2.8,6000.0,Hybrid,19.084319,72.920217,95.0,1.17,4000.0,6,72.5,0.0,43.7,-4.02,Highway,Low,28.1,0.305,0,58.21,10.19,10.73,downhill_acceleration
V007,2026-08-22T13:10:16,Light Commercial,1,2.8,6000.0,Hybrid,19.084556,72.920407,95.0,1.22,4000.0,6,56.8,0.0,56.1,-4.29,Highway,Low,28.2,0.331,0,58.21,10.19,10.73,downhill_acceleration
V007,2026-08-22T13:10:17,Light Commercial,1,2.8,6000.0,Hybrid,19.084794,72.920597,95.0,1.65,4000.0,6,74.7,0.0,64.5,-4.21,Highway,Low,28.3,0.357,0,58.2,10.19,10.73,downhill_acceleration
V007,2026-08-22T13:10:18,Light Commercial,1,2.8,6000.0,Hybrid,19.085031,72.920787,95.0,0.78,4000.0,6,50.0,0.0,41.0,-3.61,Highway,Low,27.5,0.384,0,58.2,10.19,10.73,downhill_acceleration
V007,2026-08-22T13:10:19,Light Commercial,1,2.8,6000.0,Hybrid,19.085269,72.920977,95.0,1.13,4000.0,6,56.1,0.0,55.0,-2.7,Highway,Low,23.9,0.41,0,58.2,10.19,10.73,downhill_acceleration
V007,2026-08-22T13:10:20,Light Commercial,1,2.8,6000.0,Hybrid,19.085506,72.921167,95.0,1.44,4000.0,6,60.9,0.0,51.2,-2.83,Highway,Low,26.7,0.437,0,58.2,10.19,10.73,downhill_acceleration
V007,2026-08-22T13:10:21,Light Commercial,1,2.8,6000.0,Hybrid,19.085744,72.921357,95.0,1.51,4000.0,6,63.7,0.0,44.3,-3.54,Highway,Low,25.2,0.463,0,58.19,10.19,10.73,downhill_acceleration
V007,2026-08-22T13:10:22,Light Commercial,1,2.8,6000.0,Hybrid,19.085981,72.921547,95.0,0.79,4000.0,6,54.9,0.0,43.6,-4.32,Highway,Low,29.9,0.489,0,58.19,10.19,10.73,downhill_acceleration
V007,2026-08-22T13:10:23,Light Commercial,1,2.8,6000.0,Hybrid,19.086219,72.921737,95.0,1.56,4000.0,6,52.1,0.0,46.9,-3.27,Highway,Low,26.0,0.516,0,58.19,10.19,10.73,downhill_acceleration
V007,2026-08-22T13:10:24,Light Commercial,1,2.8,6000.0,Hybrid,19.086456,72.921927,95.0,0.81,4000.0,6,48.6,0.0,57.2,-2.66,Highway,Low,28.2,0.542,0,58.18,10.19,10.73,downhill_acceleration
V007,2026-08-22T13:10:25,Light Commercial,1,2.8,6000.0,Hybrid,19.086694,72.922117,95.0,1.1,4000.0,6,50.9,0.0,60.1,-3.95,Highway,Low,29.0,0.568,0,58.18,10.19,10.73,downhill_acceleration
V007,2026-08-22T13:10:26,Light Commercial,1,2.8,6000.0,Hybrid,19.086931,72.922307,95.0,0.64,4000.0,6,47.3,0.0,41.7,-2.74,Highway,Low,26.0,0.595,0,58.18,10.19,10.73,downhill_acceleration
V007,2026-08-22T13:10:27,Light Commercial,1,2.8,6000.0,Hybrid,19.087169,72.922497,95.0,1.34,4000.0,6,64.1,0.0,45.8,-3.98,Highway,Low,27.8,0.621,0,58.18,10.19,10.73,downhill_acceleration
V007,2026-08-22T13:10:28,Light Commercial,1,2.8,6000.0,Hybrid,19.087406,72.922687,95.0,1.01,4000.0,6,53.1,0.0,50.7,-4.3,Highway,Low,29.9,0.648,0,58.17,10.19,10.73,downhill_acceleration
V007,2026-08-22T13:10:29,Light Commercial,1,2.8,6000.0,Hybrid,19.087644,72.922877,95.0,1.43,4000.0,6,56.6,0.0,59.9,-3.72,Highway,Low,24.7,0.674,0,58.17,10.19,10.73,downhill_acceleration
V007,2026-08-22T13:10:30,Light Commercial,1,2.8,6000.0,Hybrid,19.087881,72.923067,95.0,1.67,4000.0,6,64.9,0.0,45.5,-2.86,Highway,Low,26.3,0.7,0,58.17,10.19,10.73,downhill_acceleration
V007,2026-08-22T13:10:31,Light Commercial,1,2.8,6000.0,Hybrid,19.088119,72.923257,95.0,0.74,4000.0,6,48.5,0.0,55.6,-2.28,Highway,Low,27.3,0.727,0,58.16,10.19,10.73,downhill_acceleration
V007,2026-08-22T13:10:32,Light Commercial,1,2.8,6000.0,Hybrid,19.088356,72.923447,95.0,1.04,4000.0,6,49.8,0.0,52.8,-2.72,Highway,Low,26.9,0.753,0,58.16,10.19,10.73,downhill_acceleration
V007,2026-08-22T13:10:33,Light Commercial,1,2.8,6000.0,Hybrid,19.088594,72.923637,95.0,1.54,4000.0,6,71.4,0.0,44.3,-3.52,Highway,Low,28.8,0.78,0,58.16,10.19,10.73,downhill_acceleration
V007,2026-08-22T13:10:34,Light Commercial,1,2.8,6000.0,Hybrid,19.088831,72.923827,95.0,1.58,4000.0,6,62.9,0.0,56.7,-3.69,Highway,Low,27.1,0.806,0,58.16,10.19,10.73,downhill_acceleration
V007,2026-08-22T13:10:35,Light Commercial,1,2.8,6000.0,Hybrid,19.089069,72.924017,95.0,1.26,4000.0,6,67.2,0.0,54.5,-3.56,Highway,Low,29.0,0.832,0,58.15,10.19,10.73,downhill_acceleration
V007,2026-08-22T13:10:36,Light Commercial,1,2.8,6000.0,Hybrid,19.089306,72.924207,95.0,1.54,4000.0,6,56.8,0.0,57.9,-3.89,Highway,Low,29.6,0.859,0,58.15,10.19,10.73,downhill_acceleration
V007,2026-08-22T13:10:37,Light Commercial,1,2.8,6000.0,Hybrid,19.089544,72.924397,95.0,0.66,4000.0,6,63.6,0.0,45.0,-3.4,Highway,Low,28.8,0.885,0,58.15,10.19,10.73,downhill_acceleration
V007,2026-08-22T13:10:38,Light Commercial,1,2.8,6000.0,Hybrid,19.089781,72.924587,95.0,1.02,4000.0,6,72.4,0.0,52.5,-4.25,Highway,Low,27.3,0.912,0,58.14,10.19,10.73,downhill_acceleration
V007,2026-08-22T13:10:39,Light Commercial,1,2.8,6000.0,Hybrid,19.090019,72.924777,95.0,0.77,4000.0,6,48.8,0.0,50.2,-3.68,Highway,Low,29.3,0.938,0,58.14,10.19,10.73,downhill_acceleration
V007,2026-08-22T13:10:40,Light Commercial,1,2.8,6000.0,Hybrid,19.090256,72.924967,95.0,1.46,4000.0,6,63.9,0.0,45.1,-4.22,Highway,Low,28.3,0.964,0,58.14,10.19,10.73,downhill_acceleration
V007,2026-08-22T13:10:41,Light Commercial,1,2.8,6000.0,Hybrid,19.090494,72.925157,95.0,1.15,4000.0,6,48.3,0.0,41.1,-4.08,Highway,Low,30.0,0.991,0,58.14,10.19,10.73,downhill_acceleration
V007,2026-08-22T13:10:42,Light Commercial,1,2.8,6000.0,Hybrid,19.090731,72.925347,95.0,1.0,4000.0,6,50.9,0.0,50.0,-3.84,Highway,Low,28.8,1.017,0,58.13,10.19,10.73,downhill_acceleration
V007,2026-08-22T13:10:43,Light Commercial,1,2.8,6000.0,Hybrid,19.090969,72.925537,95.0,1.15,4000.0,6,65.6,0.0,63.4,-3.66,Highway,Low,26.7,1.043,0,58.13,10.19,10.73,downhill_acceleration
V007,2026-08-22T13:10:44,Light Commercial,1,2.8,6000.0,Hybrid,19.091206,72.925727,95.0,1.73,4000.0,6,64.9,0.0,61.6,-3.44,Highway,Low,27.4,1.07,0,58.13,10.19,10.73,downhill_acceleration
V007,2026-08-22T13:10:45,Light Commercial,1,2.8,6000.0,Hybrid,19.091444,72.925917,95.0,0.68,4000.0,6,69.3,0.0,43.8,-3.03,Highway,Low,30.2,1.096,0,58.13,10.19,10.73,downhill_acceleration
V007,2026-08-22T13:10:46,Light Commercial,1,2.8,6000.0,Hybrid,19.091681,72.926107,95.0,0.93,4000.0,6,49.5,0.0,46.1,-3.74,Highway,Low,29.3,1.123,0,58.12,10.19,10.73,downhill_acceleration
V007,2026-08-22T13:10:47,Light Commercial,1,2.8,6000.0,Hybrid,19.091919,72.926297,95.0,1.1,4000.0,6,63.2,0.0,41.4,-3.27,Highway,Low,27.1,1.149,0,58.12,10.19,10.73,downhill_acceleration
V007,2026-08-22T13:10:48,Light Commercial,1,2.8,6000.0,Hybrid,19.092156,72.926487,95.0,0.97,4000.0,6,66.9,0.0,50.5,-3.54,Highway,Low,26.7,1.175,0,58.12,10.19,10.73,downhill_acceleration
V007,2026-08-22T13:10:49,Light Commercial,1,2.8,6000.0,Hybrid,19.092394,72.926677,95.0,1.49,4000.0,6,60.1,0.0,63.7,-3.14,Highway,Low,29.2,1.202,0,58.11,10.19,10.73,downhill_acceleration
V007,2026-08-22T13:10:50,Light Commercial,1,2.8,6000.0,Hybrid,19.092631,72.926867,95.0,1.45,4000.0,6,50.6,0.0,53.9,-4.35,Highway,Low,24.5,1.228,0,58.11,10.19,10.73,downhill_acceleration
V007,2026-08-22T13:10:51,Light Commercial,1,2.8,6000.0,Hybrid,19.092869,72.927057,95.0,0.68,4000.0,6,67.5,0.0,55.7,-2.68,Highway,Low,25.8,1.255,0,58.11,10.19,10.73,downhill_acceleration
V007,2026-08-22T13:10:52,Light Commercial,1,2.8,6000.0,Hybrid,19.093106,72.927247,95.0,0.9,4000.0,6,47.3,0.0,51.1,-4.1,Highway,Low,25.3,1.281,0,58.11,10.19,10.73,downhill_acceleration
V007,2026-08-22T13:10:53,Light Commercial,1,2.8,6000.0,Hybrid,19.093344,72.927437,95.0,0.61,4000.0,6,71.2,0.0,54.0,-3.43,Highway,Low,26.2,1.307,0,58.1,10.19,10.73,downhill_acceleration
V007,2026-08-22T13:10:54,Light Commercial,1,2.8,6000.0,Hybrid,19.093581,72.927627,95.0,1.69,4000.0,6,66.1,0.0,52.0,-3.83,Highway,Low,28.0,1.334,0,58.1,10.19,10.73,downhill_acceleration
V007,2026-08-22T13:10:55,Light Commercial,1,2.8,6000.0,Hybrid,19.093819,72.927817,95.0,1.27,4000.0,6,59.9,0.0,57.7,-3.23,Highway,Low,26.8,1.36,0,58.1,10.19,10.73,downhill_acceleration
V007,2026-08-22T13:10:56,Light Commercial,1,2.8,6000.0,Hybrid,19.094056,72.928007,95.0,0.82,4000.0,6,51.0,0.0,57.9,-3.56,Highway,Low,24.1,1.387,0,58.09,10.19,10.73,downhill_acceleration
V007,2026-08-22T13:10:57,Light Commercial,1,2.8,6000.0,Hybrid,19.094294,72.928197,95.0,0.65,4000.0,6,73.9,0.0,60.6,-3.77,Highway,Low,28.6,1.413,0,58.09,10.19,10.73,downhill_acceleration
V007,2026-08-22T13:10:58,Light Commercial,1,2.8,6000.0,Hybrid,19.094531,72.928387,95.0,1.58,4000.0,6,63.0,0.0,55.5,-3.06,Highway,Low,27.1,1.439,0,58.09,10.19,10.73,downhill_acceleration
V007,2026-08-22T13:10:59,Light Commercial,1,2.8,6000.0,Hybrid,19.094769,72.928577,95.0,0.77,4000.0,6,63.4,0.0,54.1,-2.85,Highway,Low,29.2,1.466,0,58.09,10.19,10.73,downhill_acceleration
V007,2026-08-22T13:11:00,Light Commercial,1,2.8,6000.0,Hybrid,19.095006,72.928767,95.0,0.82,4000.0,6,54.0,0.0,51.5,-2.47,Highway,Low,25.8,1.492,0,58.08,10.19,10.73,downhill_acceleration
V007,2026-08-22T13:11:01,Light Commercial,1,2.8,6000.0,Hybrid,19.095244,72.928957,95.0,1.28,4000.0,6,74.9,0.0,45.5,-3.99,Highway,Low,28.4,1.518,0,58.08,10.19,10.73,downhill_acceleration
V007,2026-08-22T13:11:02,Light Commercial,1,2.8,6000.0,Hybrid,19.095481,72.929147,95.0,0.69,4000.0,6,47.5,0.0,52.6,-3.7,Highway,Low,30.4,1.545,0,58.08,10.19,10.73,downhill_acceleration
V007,2026-08-22T13:11:03,Light Commercial,1,2.8,6000.0,Hybrid,19.095719,72.929337,95.0,0.64,4000.0,6,63.7,0.0,49.1,-3.02,Highway,Low,28.2,1.571,0,58.07,10.19,10.73,downhill_acceleration
V007,2026-08-22T13:11:04,Light Commercial,1,2.8,6000.0,Hybrid,19.095956,72.929527,95.0,1.09,4000.0,6,47.1,0.0,55.8,-2.73,Highway,Low,28.6,1.598,0,58.07,10.19,10.73,downhill_acceleration
V007,2026-08-22T13:11:05,Light Commercial,1,2.8,6000.0,Hybrid,19.096194,72.929717,95.0,1.02,4000.0,6,50.0,0.0,60.1,-4.1,Highway,Low,28.0,1.624,0,58.07,10.19,10.73,downhill_acceleration
V007,2026-08-22T13:11:06,Light Commercial,1,2.8,6000.0,Hybrid,19.096431,72.929907,95.0,1.36,4000.0,6,64.5,0.0,63.5,-2.23,Highway,Low,27.9,1.65,0,58.07,10.19,10.73,downhill_acceleration
V007,2026-08-22T13:11:07,Light Commercial,1,2.8,6000.0,Hybrid,19.096669,72.930097,95.0,0.68,4000.0,6,68.9,0.0,61.5,-3.08,Highway,Low,27.1,1.677,0,58.06,10.19,10.73,downhill_acceleration
V007,2026-08-22T13:11:08,Light Commercial,1,2.8,6000.0,Hybrid,19.096906,72.930287,95.0,0.86,4000.0,6,63.1,0.0,62.8,-4.01,Highway,Low,28.0,1.703,0,58.06,10.19,10.73,downhill_acceleration
V007,2026-08-22T13:11:09,Light Commercial,1,2.8,6000.0,Hybrid,19.097144,72.930477,95.0,1.42,4000.0,6,48.1,0.0,56.8,-3.28,Highway,Low,29.2,1.73,0,58.06,10.19,10.73,downhill_acceleration
V007,2026-08-22T13:11:10,Light Commercial,1,2.8,6000.0,Hybrid,19.097381,72.930667,95.0,1.11,4000.0,6,52.9,0.0,63.8,-2.76,Highway,Low,27.4,1.756,0,58.05,10.19,10.73,downhill_acceleration
V007,2026-08-22T13:11:11,Light Commercial,1,2.8,6000.0,Hybrid,19.097619,72.930857,95.0,0.98,4000.0,6,64.6,0.0,62.5,-3.85,Highway,Low,27.7,1.782,0,58.05,10.19,10.73,downhill_acceleration
V007,2026-08-22T13:11:12,Light Commercial,1,2.8,6000.0,Hybrid,19.097856,72.931047,95.0,0.65,4000.0,6,59.6,0.0,63.8,-3.23,Highway,Low,26.5,1.809,0,58.05,10.19,10.73,downhill_acceleration
V007,2026-08-22T13:11:13,Light Commercial,1,2.8,6000.0,Hybrid,19.098094,72.931237,95.0,1.13,4000.0,6,61.9,0.0,54.7,-2.3,Highway,Low,27.5,1.835,0,58.05,10.19,10.73,downhill_acceleration
V007,2026-08-22T13:11:14,Light Commercial,1,2.8,6000.0,Hybrid,19.098331,72.931427,95.0,1.78,4000.0,6,65.8,0.0,49.3,-4.32,Highway,Low,27.4,1.862,0,58.04,10.19,10.73,downhill_acceleration
V007,2026-08-22T13:11:15,Light Commercial,1,2.8,6000.0,Hybrid,19.098569,72.931617,95.0,1.64,4000.0,6,72.9,0.0,63.4,-2.88,Highway,Low,27.9,1.888,0,58.04,10.19,10.73,downhill_acceleration
V007,2026-08-22T13:11:16,Light Commercial,1,2.8,6000.0,Hybrid,19.098806,72.931807,95.0,0.68,4000.0,6,66.2,0.0,41.0,-3.67,Highway,Low,25.0,1.914,0,58.04,10.19,10.73,downhill_acceleration
V007,2026-08-22T13:11:17,Light Commercial,1,2.8,6000.0,Hybrid,19.099044,72.931997,95.0,1.62,4000.0,6,45.4,0.0,59.5,-2.51,Highway,Low,26.8,1.941,0,58.03,10.19,10.73,downhill_acceleration
V007,2026-08-22T13:11:18,Light Commercial,1,2.8,6000.0,Hybrid,19.099281,72.932187,95.0,0.73,4000.0,6,65.8,0.0,59.0,-4.26,Highway,Low,27.9,1.967,0,58.03,10.19,10.73,downhill_acceleration
V007,2026-08-22T13:11:19,Light Commercial,1,2.8,6000.0,Hybrid,19.099519,72.932377,95.0,1.8,4000.0,6,55.1,0.0,48.6,-3.35,Highway,Low,29.4,1.993,0,58.03,10.19,10.73,downhill_acceleration
V007,2026-08-22T13:11:20,Light Commercial,1,2.8,6000.0,Hybrid,19.099756,72.932567,95.0,0.85,4000.0,6,47.7,0.0,50.1,-4.36,Highway,Low,28.8,2.02,0,58.03,10.19,10.73,downhill_acceleration
V007,2026-08-22T13:11:21,Light Commercial,1,2.8,6000.0,Hybrid,19.099994,72.932757,95.0,1.08,4000.0,6,63.1,0.0,60.3,-3.74,Highway,Low,28.7,2.046,0,58.02,10.19,10.73,downhill_acceleration
V007,2026-08-22T13:11:22,Light Commercial,1,2.8,6000.0,Hybrid,19.100231,72.932947,95.0,1.19,4000.0,6,57.6,0.0,55.9,-2.94,Highway,Low,29.1,2.073,0,58.02,10.19,10.73,downhill_acceleration
V007,2026-08-22T13:11:23,Light Commercial,1,2.8,6000.0,Hybrid,19.100469,72.933137,95.0,1.18,4000.0,6,49.8,0.0,51.1,-3.46,Highway,Low,28.1,2.099,0,58.02,10.19,10.73,downhill_acceleration
V007,2026-08-22T13:11:24,Light Commercial,1,2.8,6000.0,Hybrid,19.100706,72.933327,95.0,1.55,4000.0,6,64.3,0.0,64.6,-2.95,Highway,Low,31.3,2.125,0,58.01,10.19,10.73,downhill_acceleration
V007,2026-08-22T13:11:25,Light Commercial,1,2.8,6000.0,Hybrid,19.100944,72.933517,95.0,1.01,4000.0,6,46.1,0.0,59.0,-2.39,Highway,Low,28.1,2.152,0,58.01,10.19,10.73,downhill_acceleration
V007,2026-08-22T13:11:26,Light Commercial,1,2.8,6000.0,Hybrid,19.101181,72.933707,95.0,0.85,4000.0,6,48.3,0.0,56.7,-3.61,Highway,Low,26.6,2.178,0,58.01,10.19,10.73,downhill_acceleration
V007,2026-08-22T13:11:27,Light Commercial,1,2.8,6000.0,Hybrid,19.101419,72.933897,95.0,0.66,4000.0,6,63.0,0.0,45.6,-3.91,Highway,Low,27.6,2.205,0,58.01,10.19,10.73,downhill_acceleration
V007,2026-08-22T13:11:28,Light Commercial,1,2.8,6000.0,Hybrid,19.101656,72.934087,95.0,1.79,4000.0,6,49.4,0.0,50.9,-2.42,Highway,Low,28.0,2.231,0,58.0,10.19,10.73,downhill_acceleration
V007,2026-08-22T13:11:29,Light Commercial,1,2.8,6000.0,Hybrid,19.101894,72.934277,95.0,1.53,4000.0,6,66.5,0.0,57.7,-3.12,Highway,Low,30.1,2.257,0,58.0,10.19,10.73,downhill_acceleration
V007,2026-08-22T13:11:30,Light Commercial,1,2.8,6000.0,Hybrid,19.102131,72.934467,95.0,0.89,4000.0,6,74.3,0.0,56.8,-3.17,Highway,Low,26.6,2.284,0,58.0,10.19,10.73,downhill_acceleration
V007,2026-08-22T13:11:31,Light Commercial,1,2.8,6000.0,Hybrid,19.102369,72.934657,95.0,0.79,4000.0,6,73.0,0.0,54.5,-2.24,Highway,Low,26.8,2.31,0,57.99,10.19,10.73,downhill_acceleration
V007,2026-08-22T13:11:32,Light Commercial,1,2.8,6000.0,Hybrid,19.102606,72.934847,95.0,1.61,4000.0,6,47.4,0.0,50.4,-3.87,Highway,Low,27.8,2.337,0,57.99,10.19,10.73,downhill_acceleration
V007,2026-08-22T13:11:33,Light Commercial,1,2.8,6000.0,Hybrid,19.102844,72.935037,95.0,1.6,4000.0,6,63.6,0.0,59.0,-2.42,Highway,Low,24.9,2.363,0,57.99,10.19,10.73,downhill_acceleration
V007,2026-08-22T13:11:34,Light Commercial,1,2.8,6000.0,Hybrid,19.103081,72.935227,95.0,0.96,4000.0,6,46.7,0.0,48.4,-4.05,Highway,Low,27.5,2.389,0,57.99,10.19,10.73,downhill_acceleration
V007,2026-08-22T13:11:35,Light Commercial,1,2.8,6000.0,Hybrid,19.103319,72.935417,95.0,1.79,4000.0,6,66.4,0.0,47.4,-3.62,Highway,Low,29.9,2.416,0,57.98,10.19,10.73,downhill_acceleration
V007,2026-08-22T13:11:36,Light Commercial,1,2.8,6000.0,Hybrid,19.103556,72.935607,95.0,0.65,4000.0,6,70.1,0.0,58.3,-2.69,Highway,Low,27.8,2.442,0,57.98,10.19,10.73,downhill_acceleration
V007,2026-08-22T13:11:37,Light Commercial,1,2.8,6000.0,Hybrid,19.103794,72.935797,95.0,0.79,4000.0,6,51.7,0.0,51.4,-2.29,Highway,Low,30.0,2.468,0,57.98,10.19,10.73,downhill_acceleration
V007,2026-08-22T13:11:38,Light Commercial,1,2.8,6000.0,Hybrid,19.104031,72.935987,95.0,1.67,4000.0,6,62.7,0.0,64.8,-3.53,Highway,Low,26.0,2.495,0,57.98,10.19,10.73,downhill_acceleration
V007,2026-08-22T13:11:39,Light Commercial,1,2.8,6000.0,Hybrid,19.104269,72.936177,95.0,1.67,4000.0,6,71.4,0.0,60.2,-3.24,Highway,Low,28.8,2.521,0,57.97,10.19,10.73,downhill_acceleration
V007,2026-08-22T13:11:40,Light Commercial,1,2.8,6000.0,Hybrid,19.104506,72.936367,95.0,0.66,4000.0,6,53.3,0.0,61.7,-2.94,Highway,Low,29.4,2.548,0,57.97,10.19,10.73,downhill_acceleration
V007,2026-08-22T13:11:41,Light Commercial,1,2.8,6000.0,Hybrid,19.104744,72.936557,95.0,1.76,4000.0,6,52.6,0.0,53.8,-4.06,Highway,Low,28.6,2.574,0,57.97,10.19,10.73,downhill_acceleration
V007,2026-08-22T13:11:42,Light Commercial,1,2.8,6000.0,Hybrid,19.104981,72.936747,95.0,1.31,4000.0,6,47.2,0.0,48.8,-4.44,Highway,Low,29.4,2.6,0,57.96,10.19,10.73,downhill_acceleration
V007,2026-08-22T13:11:43,Light Commercial,1,2.8,6000.0,Hybrid,19.105219,72.936937,95.0,1.61,4000.0,6,53.0,0.0,63.3,-2.63,Highway,Low,26.0,2.627,0,57.96,10.19,10.73,downhill_acceleration
V007,2026-08-22T13:11:44,Light Commercial,1,2.8,6000.0,Hybrid,19.105456,72.937127,95.0,0.65,4000.0,6,64.0,0.0,47.7,-4.14,Highway,Low,27.1,2.653,0,57.96,10.19,10.73,downhill_acceleration
V007,2026-08-22T13:11:45,Light Commercial,1,2.8,6000.0,Hybrid,19.105694,72.937317,95.0,0.82,4000.0,6,66.1,0.0,61.6,-3.52,Highway,Low,25.4,2.68,0,57.96,10.19,10.73,downhill_acceleration
V007,2026-08-22T13:11:46,Light Commercial,1,2.8,6000.0,Hybrid,19.105931,72.937507,95.0,0.6,4000.0,6,52.4,0.0,54.5,-4.0,Highway,Low,27.4,2.706,0,57.95,10.19,10.73,downhill_acceleration
V007,2026-08-22T13:11:47,Light Commercial,1,2.8,6000.0,Hybrid,19.106169,72.937697,95.0,1.42,4000.0,6,74.8,0.0,60.3,-4.45,Highway,Low,27.0,2.732,0,57.95,10.19,10.73,downhill_acceleration
V007,2026-08-22T13:11:48,Light Commercial,1,2.8,6000.0,Hybrid,19.106406,72.937887,95.0,0.77,4000.0,6,66.0,0.0,42.1,-3.53,Highway,Low,30.3,2.759,0,57.95,10.19,10.73,downhill_acceleration
V007,2026-08-22T13:11:49,Light Commercial,1,2.8,6000.0,Hybrid,19.106644,72.938077,95.0,0.97,4000.0,6,49.5,0.0,51.2,-3.62,Highway,Low,27.9,2.785,0,57.94,10.19,10.73,downhill_acceleration
V007,2026-08-22T13:11:50,Light Commercial,1,2.8,6000.0,Hybrid,19.106881,72.938267,95.0,1.11,4000.0,6,54.3,0.0,50.7,-2.6,Highway,Low,27.5,2.812,0,57.94,10.19,10.73,downhill_acceleration
V007,2026-08-22T13:11:51,Light Commercial,1,2.8,6000.0,Hybrid,19.107119,72.938457,95.0,1.49,4000.0,6,51.7,0.0,50.1,-4.34,Highway,Low,27.4,2.838,0,57.94,10.19,10.73,downhill_acceleration
V007,2026-08-22T13:11:52,Light Commercial,1,2.8,6000.0,Hybrid,19.107356,72.938647,95.0,1.05,4000.0,6,65.1,0.0,57.1,-4.44,Highway,Low,28.1,2.864,0,57.94,10.19,10.73,downhill_acceleration
V007,2026-08-22T13:11:53,Light Commercial,1,2.8,6000.0,Hybrid,19.107594,72.938837,95.0,0.72,4000.0,6,59.9,0.0,49.3,-2.87,Highway,Low,30.6,2.891,0,57.93,10.19,10.73,downhill_acceleration
V007,2026-08-22T13:11:54,Light Commercial,1,2.8,6000.0,Hybrid,19.107831,72.939027,95.0,1.63,4000.0,6,73.5,0.0,48.3,-2.28,Highway,Low,27.5,2.917,0,57.93,10.19,10.73,downhill_acceleration
V007,2026-08-22T13:11:55,Light Commercial,1,2.8,6000.0,Hybrid,19.108069,72.939217,95.0,1.58,4000.0,6,67.5,0.0,61.0,-3.74,Highway,Low,26.7,2.943,0,57.93,10.19,10.73,downhill_acceleration
V007,2026-08-22T13:11:56,Light Commercial,1,2.8,6000.0,Hybrid,19.108306,72.939407,95.0,1.77,4000.0,6,47.2,0.0,42.9,-2.87,Highway,Low,25.1,2.97,0,57.92,10.19,10.73,downhill_acceleration
V007,2026-08-22T13:11:57,Light Commercial,1,2.8,6000.0,Hybrid,19.108544,72.939597,95.0,1.7,4000.0,6,58.6,0.0,40.6,-4.22,Highway,Low,29.8,2.996,0,57.92,10.19,10.73,downhill_acceleration
V007,2026-08-22T13:11:58,Light Commercial,1,2.8,6000.0,Hybrid,19.108781,72.939787,95.0,1.3,4000.0,6,66.8,0.0,61.9,-4.42,Highway,Low,27.1,3.023,0,57.92,10.19,10.73,downhill_acceleration
V007,2026-08-22T13:11:59,Light Commercial,1,2.8,6000.0,Hybrid,19.109019,72.939977,95.0,1.65,4000.0,6,62.6,0.0,40.5,-3.15,Highway,Low,28.5,3.049,0,57.92,10.19,10.73,downhill_acceleration
V007,2026-08-22T15:10:00,Light Commercial,1,2.8,6244.7,Hybrid,19.063283,72.90781,25.3,0.39,3318.0,5,72.7,0.0,88.8,0.0,Mountain,High,28.3,0.007,0,61.28,3.92,15.5,inefficient_gear
V007,2026-08-22T15:10:01,Light Commercial,1,2.8,6244.7,Hybrid,19.063347,72.907861,25.6,0.09,3320.0,5,77.8,0.0,76.7,0.16,Mountain,High,28.5,0.014,0,61.28,3.97,15.5,inefficient_gear
V007,2026-08-22T15:10:02,Light Commercial,1,2.8,6244.7,Hybrid,19.063413,72.907914,26.4,0.22,1603.0,5,63.7,0.0,78.5,0.31,Mountain,High,29.4,0.021,0,61.28,4.1,15.5,inefficient_gear
V007,2026-08-22T15:10:03,Light Commercial,1,2.8,6244.7,Hybrid,19.063481,72.907968,27.2,0.21,3231.0,5,64.5,0.0,81.1,0.47,Mountain,High,29.3,0.029,0,61.28,4.21,15.5,inefficient_gear
V007,2026-08-22T15:10:04,Light Commercial,1,2.8,6244.7,Hybrid,19.063548,72.908021,26.6,-0.15,3258.0,5,69.4,0.0,88.1,0.63,Mountain,High,28.4,0.036,0,61.28,4.13,15.5,inefficient_gear
V007,2026-08-22T15:10:05,Light Commercial,1,2.8,6244.7,Hybrid,19.063616,72.908076,27.3,0.19,1646.0,5,76.0,0.0,81.6,0.78,Mountain,High,28.7,0.044,0,61.28,4.23,15.5,inefficient_gear
V007,2026-08-22T15:10:06,Light Commercial,1,2.8,6244.7,Hybrid,19.063685,72.908131,27.4,0.03,1636.0,5,71.9,0.0,82.9,0.94,Mountain,High,25.2,0.052,0,61.28,4.25,15.5,inefficient_gear
V007,2026-08-22T15:10:07,Light Commercial,1,2.8,6244.7,Hybrid,19.063752,72.908185,27.0,-0.1,3275.0,5,74.7,0.0,80.0,1.09,Mountain,High,30.0,0.059,0,61.28,4.19,15.5,inefficient_gear
V007,2026-08-22T15:10:08,Light Commercial,1,2.8,6244.7,Hybrid,19.063823,72.908242,28.4,0.37,3369.0,5,57.1,0.0,77.5,1.25,Mountain,High,28.0,0.067,0,61.27,4.4,15.5,inefficient_gear
V007,2026-08-22T15:10:09,Light Commercial,1,2.8,6244.7,Hybrid,19.063896,72.9083,29.3,0.25,1697.0,5,69.8,0.0,76.4,1.4,Mountain,High,28.0,0.075,0,61.27,4.54,15.5,inefficient_gear
V007,2026-08-22T15:10:10,Light Commercial,1,2.8,6244.7,Hybrid,19.063974,72.908362,30.9,0.45,1810.0,5,75.1,0.0,88.4,1.55,Mountain,High,28.4,0.084,0,61.27,4.79,15.5,inefficient_gear
V007,2026-08-22T15:10:11,Light Commercial,1,2.8,6244.7,Hybrid,19.064054,72.908426,32.1,0.33,3295.0,5,79.9,0.0,79.4,1.7,Mountain,High,27.3,0.093,0,61.27,4.97,15.5,inefficient_gear
V007,2026-08-22T15:10:12,Light Commercial,1,2.8,6244.7,Hybrid,19.064136,72.908492,33.0,0.27,3321.0,5,65.9,0.0,85.4,1.85,Mountain,High,30.5,0.102,0,61.27,5.12,15.5,inefficient_gear
V007,2026-08-22T15:10:13,Light Commercial,1,2.8,6244.7,Hybrid,19.064217,72.908557,32.4,-0.19,1889.0,5,55.6,0.0,90.3,2.0,Mountain,High,29.4,0.111,0,61.27,5.02,15.5,inefficient_gear
V007,2026-08-22T15:10:14,Light Commercial,1,2.8,6244.7,Hybrid,19.0643,72.908623,32.9,0.15,1926.0,5,73.0,0.0,77.3,2.14,Mountain,High,27.4,0.12,0,61.27,5.1,15.5,inefficient_gear
V007,2026-08-22T15:10:15,Light Commercial,1,2.8,6244.7,Hybrid,19.064383,72.908689,33.3,0.1,3274.0,5,65.4,0.0,89.0,2.29,Mountain,High,29.7,0.129,0,61.27,5.16,15.5,inefficient_gear
V007,2026-08-22T15:10:16,Light Commercial,1,2.8,6244.7,Hybrid,19.064467,72.908756,33.7,0.11,3353.0,5,73.8,0.0,91.8,2.43,Mountain,High,24.2,0.139,0,61.26,5.22,15.5,inefficient_gear
V007,2026-08-22T15:10:17,Light Commercial,1,2.8,6244.7,Hybrid,19.064551,72.908824,33.6,-0.0,3310.0,5,69.1,0.0,85.7,2.57,Mountain,High,28.6,0.148,0,61.26,5.22,15.5,inefficient_gear
V007,2026-08-22T15:10:18,Light Commercial,1,2.8,6244.7,Hybrid,19.064631,72.908887,31.9,-0.5,1904.0,5,76.9,0.0,89.8,2.71,Mountain,High,24.9,0.157,0,61.26,4.94,15.5,inefficient_gear
V007,2026-08-22T15:10:19,Light Commercial,1,2.8,6244.7,Hybrid,19.064713,72.908953,32.8,0.26,1914.0,5,66.6,0.0,78.5,2.84,Mountain,High,30.0,0.166,0,61.26,5.09,15.5,inefficient_gear
V007,2026-08-22T15:10:20,Light Commercial,1,2.8,6244.7,Hybrid,19.064794,72.909018,32.4,-0.12,3292.0,5,63.6,0.0,78.5,2.97,Mountain,High,30.8,0.175,0,61.26,5.02,15.5,inefficient_gear
V007,2026-08-22T15:10:21,Light Commercial,1,2.8,6244.7,Hybrid,19.064875,72.909083,32.6,0.06,1878.0,5,68.0,0.0,76.4,3.11,Mountain,High,25.1,0.184,0,61.26,5.06,15.5,inefficient_gear
V007,2026-08-22T15:10:22,Light Commercial,1,2.8,6244.7,Hybrid,19.06496,72.909151,33.9,0.34,1983.0,5,56.5,0.0,79.9,3.23,Mountain,High,27.1,0.193,0,61.26,5.25,15.5,inefficient_gear
V007,2026-08-22T15:10:23,Light Commercial,1,2.8,6244.7,Hybrid,19.065047,72.90922,34.7,0.24,2000.0,5,71.4,0.0,84.3,3.36,Mountain,High,26.3,0.203,0,61.25,5.38,15.5,inefficient_gear
V007,2026-08-22T15:10:24,Light Commercial,1,2.8,6244.7,Hybrid,19.065133,72.909289,34.6,-0.04,2023.0,5,75.9,0.0,79.9,3.48,Mountain,High,26.3,0.213,0,61.25,5.36,15.5,inefficient_gear
V007,2026-08-22T15:10:25,Light Commercial,1,2.8,6244.7,Hybrid,19.06522,72.909359,35.0,0.11,3249.0,5,60.4,0.0,81.5,3.6,Mountain,High,29.2,0.222,0,61.25,5.42,15.5,inefficient_gear
V007,2026-08-22T15:10:26,Light Commercial,1,2.8,6244.7,Hybrid,19.065307,72.909428,34.5,-0.12,3363.0,5,59.4,0.0,91.9,3.72,Mountain,High,29.7,0.232,0,61.25,5.35,15.5,inefficient_gear
V007,2026-08-22T15:10:27,Light Commercial,1,2.8,6244.7,Hybrid,19.065393,72.909497,34.6,0.02,3287.0,5,67.7,0.0,90.3,3.83,Mountain,High,29.0,0.241,0,61.25,5.36,15.5,inefficient_gear
V007,2026-08-22T15:10:28,Light Commercial,1,2.8,6244.7,Hybrid,19.065479,72.909566,34.4,-0.06,3296.0,5,55.5,0.0,81.3,3.95,Mountain,High,28.7,0.251,0,61.25,5.33,15.5,inefficient_gear
V007,2026-08-22T15:10:29,Light Commercial,1,2.8,6244.7,Hybrid,19.065566,72.909636,34.9,0.14,3348.0,5,67.6,0.0,89.5,4.05,Mountain,High,30.4,0.261,0,61.24,5.41,15.5,inefficient_gear
V007,2026-08-22T15:10:30,Light Commercial,1,2.8,6244.7,Hybrid,19.065654,72.909706,35.2,0.07,1962.0,5,63.8,0.0,85.9,4.16,Mountain,High,27.8,0.27,0,61.24,5.45,15.5,inefficient_gear
V007,2026-08-22T15:10:31,Light Commercial,1,2.8,6244.7,Hybrid,19.065745,72.909779,36.1,0.27,2023.0,5,60.5,0.0,84.1,4.26,Mountain,High,28.2,0.281,0,61.24,5.6,15.5,inefficient_gear
V007,2026-08-22T15:10:32,Light Commercial,1,2.8,6244.7,Hybrid,19.065838,72.909853,37.2,0.28,3287.0,5,77.2,0.0,85.7,4.36,Mountain,High,28.5,0.291,0,61.24,5.76,15.5,inefficient_gear
V007,2026-08-22T15:10:33,Light Commercial,1,2.8,6244.7,Hybrid,19.065933,72.909929,38.1,0.27,3309.0,5,76.2,0.0,87.8,4.45,Mountain,High,30.2,0.301,0,61.24,5.91,15.5,inefficient_gear
V007,2026-08-22T15:10:34,Light Commercial,1,2.8,6244.7,Hybrid,19.066029,72.910006,38.4,0.08,2099.0,5,63.3,0.0,87.4,4.54,Mountain,High,26.7,0.312,0,61.24,5.95,15.5,inefficient_gear
V007,2026-08-22T15:10:35,Light Commercial,1,2.8,6244.7,Hybrid,19.066124,72.910082,38.1,-0.1,2059.0,5,68.4,0.0,82.5,4.63,Mountain,High,28.4,0.323,0,61.24,5.9,15.5,inefficient_gear
V007,2026-08-22T15:10:36,Light Commercial,1,2.8,6244.7,Hybrid,19.06622,72.910159,38.3,0.06,2191.0,5,68.5,0.0,91.3,4.71,Mountain,High,30.8,0.333,0,61.23,5.93,15.5,inefficient_gear
V007,2026-08-22T15:10:37,Light Commercial,1,2.8,6244.7,Hybrid,19.066314,72.910234,37.6,-0.19,2065.0,5,55.9,0.0,83.6,4.79,Mountain,High,29.3,0.344,0,61.23,5.82,15.5,inefficient_gear
V007,2026-08-22T15:10:38,Light Commercial,1,2.8,6244.7,Hybrid,19.066408,72.91031,37.9,0.09,3305.0,5,62.2,0.0,78.1,4.87,Mountain,High,28.4,0.354,0,61.23,5.88,15.5,inefficient_gear
V007,2026-08-22T15:10:39,Light Commercial,1,2.8,6244.7,Hybrid,19.066503,72.910385,37.8,-0.02,3293.0,5,60.6,0.0,84.6,4.94,Mountain,High,27.7,0.365,0,61.23,5.87,15.5,inefficient_gear
V007,2026-08-22T15:10:40,Light Commercial,1,2.8,6244.7,Hybrid,19.066598,72.910461,38.0,0.06,2117.0,5,64.7,0.0,86.2,5.0,Mountain,High,30.3,0.375,0,61.23,5.9,15.5,inefficient_gear
V007,2026-08-22T15:10:41,Light Commercial,1,2.8,6244.7,Hybrid,19.066693,72.910537,37.9,-0.03,3289.0,5,56.1,0.0,87.1,5.07,Mountain,High,26.2,0.386,0,61.23,5.88,15.5,inefficient_gear
V007,2026-08-22T15:10:42,Light Commercial,1,2.8,6244.7,Hybrid,19.066789,72.910614,38.3,0.11,2109.0,5,56.9,0.0,79.9,5.13,Mountain,High,26.8,0.397,0,61.22,5.94,15.5,inefficient_gear
V007,2026-08-22T15:10:43,Light Commercial,1,2.8,6244.7,Hybrid,19.066886,72.910691,38.8,0.14,2123.0,5,57.9,0.0,82.9,5.18,Mountain,High,28.4,0.407,0,61.22,6.02,15.5,inefficient_gear
V007,2026-08-22T15:10:44,Light Commercial,1,2.8,6244.7,Hybrid,19.066982,72.910768,38.6,-0.07,3298.0,5,60.9,0.0,82.8,5.23,Mountain,High,31.5,0.418,0,61.22,5.98,15.5,inefficient_gear
V007,2026-08-22T15:10:45,Light Commercial,1,2.8,6244.7,Hybrid,19.067079,72.910846,38.8,0.07,3309.0,5,78.8,0.0,90.6,5.28,Mountain,High,25.8,0.429,0,61.22,6.02,15.5,inefficient_gear
V007,2026-08-22T15:10:46,Light Commercial,1,2.8,6244.7,Hybrid,19.067177,72.910925,39.3,0.14,3301.0,5,56.4,0.0,90.1,5.32,Mountain,High,27.8,0.44,0,61.22,6.09,15.5,inefficient_gear
V007,2026-08-22T15:10:47,Light Commercial,1,2.8,6244.7,Hybrid,19.067279,72.911006,40.6,0.36,3334.0,2,78.8,0.0,84.6,5.36,Mountain,High,27.3,0.451,0,61.22,6.3,15.5,inefficient_gear
V007,2026-08-22T15:10:48,Light Commercial,1,2.8,6244.7,Hybrid,19.067381,72.911087,40.8,0.04,4000.0,2,73.6,0.0,83.0,5.39,Mountain,High,28.9,0.462,0,61.21,6.32,15.5,inefficient_gear
V007,2026-08-22T15:10:49,Light Commercial,1,2.8,6244.7,Hybrid,19.067482,72.911169,40.7,-0.01,4000.0,2,64.9,0.0,78.8,5.42,Mountain,High,25.0,0.474,0,61.21,6.31,15.5,inefficient_gear
V007,2026-08-22T15:10:50,Light Commercial,1,2.8,6244.7,Hybrid,19.067585,72.911251,41.0,0.08,3324.0,2,74.2,0.0,78.3,5.44,Mountain,High,27.8,0.485,0,61.21,6.36,15.5,inefficient_gear
V007,2026-08-22T15:10:51,Light Commercial,1,2.8,6244.7,Hybrid,19.067688,72.911333,41.3,0.08,4000.0,2,61.1,0.0,83.9,5.46,Mountain,High,24.9,0.496,0,61.21,6.4,15.5,inefficient_gear
V007,2026-08-22T15:10:52,Light Commercial,1,2.8,6244.7,Hybrid,19.067791,72.911416,41.1,-0.06,3308.0,2,57.6,0.0,78.1,5.48,Mountain,High,27.0,0.508,0,61.21,6.37,15.5,inefficient_gear
V007,2026-08-22T15:10:53,Light Commercial,1,2.8,6244.7,Hybrid,19.067894,72.911498,41.4,0.1,3275.0,2,67.6,0.0,80.4,5.49,Mountain,High,29.3,0.519,0,61.2,6.42,15.5,inefficient_gear
V007,2026-08-22T15:10:54,Light Commercial,1,2.8,6244.7,Hybrid,19.068,72.911583,42.2,0.22,4000.0,2,63.1,0.0,78.1,5.5,Mountain,High,28.7,0.531,0,61.2,6.55,15.5,inefficient_gear
V007,2026-08-22T15:10:55,Light Commercial,1,2.8,6244.7,Hybrid,19.068106,72.911667,42.2,-0.0,4000.0,2,79.6,0.0,88.7,5.5,Mountain,High,29.7,0.543,0,61.2,6.55,15.5,inefficient_gear
V007,2026-08-22T15:10:56,Light Commercial,1,2.8,6244.7,Hybrid,19.068213,72.911754,43.1,0.26,4000.0,2,73.7,0.0,90.3,5.5,Mountain,High,23.9,0.555,0,61.2,6.69,15.5,inefficient_gear
V007,2026-08-22T15:10:57,Light Commercial,1,2.8,6244.7,Hybrid,19.068323,72.911842,44.0,0.24,3315.0,2,63.8,0.0,78.5,5.49,Mountain,High,30.9,0.567,0,61.2,6.82,15.5,inefficient_gear
V007,2026-08-22T15:10:58,Light Commercial,1,2.8,6244.7,Hybrid,19.068434,72.91193,44.4,0.11,4000.0,2,59.4,0.0,79.9,5.48,Mountain,High,27.5,0.579,0,61.2,6.88,15.5,inefficient_gear
V007,2026-08-22T15:10:59,Light Commercial,1,2.8,6244.7,Hybrid,19.068547,72.91202,44.9,0.15,4000.0,2,61.5,0.0,91.6,5.46,Mountain,High,28.2,0.592,0,61.19,6.96,15.5,inefficient_gear
V007,2026-08-22T15:11:00,Light Commercial,1,2.8,6244.7,Hybrid,19.06866,72.912111,45.2,0.07,4000.0,2,55.7,0.0,84.3,5.44,Mountain,High,30.0,0.604,0,61.19,7.0,15.5,inefficient_gear
V007,2026-08-22T15:11:01,Light Commercial,1,2.8,6244.7,Hybrid,19.068776,72.912203,46.4,0.33,3242.0,2,60.9,0.0,79.0,5.42,Mountain,High,25.9,0.617,0,61.19,7.19,15.5,inefficient_gear
V007,2026-08-22T15:11:02,Light Commercial,1,2.8,6244.7,Hybrid,19.068895,72.912299,47.7,0.37,4000.0,2,69.5,0.0,87.0,5.39,Mountain,High,28.5,0.631,0,61.19,7.39,15.5,inefficient_gear
V007,2026-08-22T15:11:03,Light Commercial,1,2.8,6244.7,Hybrid,19.069017,72.912396,48.8,0.3,4000.0,2,61.8,0.0,83.3,5.36,Mountain,High,29.9,0.644,0,61.19,7.56,15.5,inefficient_gear
V007,2026-08-22T15:11:04,Light Commercial,1,2.8,6244.7,Hybrid,19.069141,72.912495,49.5,0.21,3265.0,2,58.6,0.0,80.2,5.32,Mountain,High,29.0,0.658,0,61.18,7.68,15.5,inefficient_gear
V007,2026-08-22T15:11:05,Light Commercial,1,2.8,6244.7,Hybrid,19.069269,72.912598,51.2,0.47,4000.0,2,63.5,0.0,88.2,5.28,Mountain,High,30.1,0.672,0,61.18,7.94,15.5,inefficient_gear
V007,2026-08-22T15:11:06,Light Commercial,1,2.8,6244.7,Hybrid,19.069397,72.912701,51.5,0.06,3287.0,2,55.4,0.0,76.2,5.23,Mountain,High,28.0,0.686,0,61.18,7.98,15.5,inefficient_gear
V007,2026-08-22T15:11:07,Light Commercial,1,2.8,6244.7,Hybrid,19.069528,72.912805,52.3,0.23,4000.0,2,68.5,0.0,87.3,5.18,Mountain,High,27.5,0.701,0,61.18,8.1,15.5,inefficient_gear
V007,2026-08-22T15:11:08,Light Commercial,1,2.8,6244.7,Hybrid,19.06966,72.912911,52.8,0.15,4000.0,2,77.5,0.0,87.5,5.12,Mountain,High,27.0,0.716,0,61.17,8.19,15.5,inefficient_gear
V007,2026-08-22T15:11:09,Light Commercial,1,2.8,6244.7,Hybrid,19.069791,72.913015,52.3,-0.14,4000.0,2,66.7,0.0,85.5,5.06,Mountain,High,28.6,0.73,0,61.17,8.11,15.5,inefficient_gear
V007,2026-08-22T15:11:10,Light Commercial,1,2.8,6244.7,Hybrid,19.069923,72.913121,52.8,0.13,4000.0,2,75.9,0.0,84.2,5.0,Mountain,High,29.4,0.745,0,61.17,8.18,15.5,inefficient_gear
V007,2026-08-22T15:11:11,Light Commercial,1,2.8,6244.7,Hybrid,19.070059,72.91323,54.6,0.52,4000.0,2,61.2,0.0,83.2,4.93,Mountain,High,30.5,0.76,0,61.17,8.47,15.5,inefficient_gear
V007,2026-08-22T15:11:12,Light Commercial,1,2.8,6244.7,Hybrid,19.070197,72.913341,55.2,0.16,3290.0,2,78.9,0.0,81.0,4.86,Mountain,High,27.4,0.775,0,61.17,8.56,15.5,inefficient_gear
V007,2026-08-22T15:11:13,Light Commercial,1,2.8,6244.7,Hybrid,19.070334,72.91345,54.8,-0.12,3268.0,2,71.9,0.0,91.8,4.79,Mountain,High,27.1,0.79,0,61.16,8.49,15.5,inefficient_gear
V007,2026-08-22T15:11:14,Light Commercial,1,2.8,6244.7,Hybrid,19.070473,72.913561,55.6,0.24,3295.0,2,59.7,0.0,75.8,4.71,Mountain,High,27.9,0.806,0,61.16,8.63,15.5,inefficient_gear
V007,2026-08-22T15:11:15,Light Commercial,1,2.8,6244.7,Hybrid,19.070613,72.913674,56.1,0.12,4000.0,2,76.6,0.0,77.8,4.62,Mountain,High,27.3,0.821,0,61.16,8.69,15.5,inefficient_gear
V007,2026-08-22T15:11:16,Light Commercial,1,2.8,6244.7,Hybrid,19.070756,72.913788,57.2,0.3,3317.0,2,74.5,0.0,85.3,4.54,Mountain,High,28.1,0.837,0,61.16,8.86,15.5,inefficient_gear
V007,2026-08-22T15:11:17,Light Commercial,1,2.8,6244.7,Hybrid,19.070903,72.913905,58.7,0.42,4000.0,2,66.0,0.0,86.7,4.45,Mountain,High,26.7,0.854,0,61.15,9.1,15.5,inefficient_gear
V007,2026-08-22T15:11:18,Light Commercial,1,2.8,6244.7,Hybrid,19.07105,72.914023,58.8,0.04,3276.0,2,68.9,0.0,75.3,4.35,Mountain,High,28.7,0.87,0,61.15,9.12,15.5,inefficient_gear
V007,2026-08-22T15:11:19,Light Commercial,1,2.8,6244.7,Hybrid,19.071196,72.914139,58.2,-0.17,4000.0,2,67.8,0.0,82.2,4.25,Mountain,High,29.5,0.886,0,61.15,9.03,15.5,inefficient_gear
V007,2026-08-22T15:11:20,Light Commercial,1,2.8,6244.7,Hybrid,19.071343,72.914257,59.0,0.21,4000.0,2,56.4,0.0,85.6,4.15,Mountain,High,29.6,0.903,0,61.15,9.14,15.5,inefficient_gear
V007,2026-08-22T15:11:21,Light Commercial,1,2.8,6244.7,Hybrid,19.07149,72.914375,58.9,-0.03,3311.0,2,75.7,0.0,89.3,4.05,Mountain,High,28.4,0.919,0,61.14,9.13,15.5,inefficient_gear
V007,2026-08-22T15:11:22,Light Commercial,1,2.8,6244.7,Hybrid,19.07164,72.914495,59.7,0.22,4000.0,2,64.9,0.0,86.0,3.94,Mountain,High,26.8,0.935,0,61.14,9.25,15.5,inefficient_gear
V007,2026-08-22T15:11:23,Light Commercial,1,2.8,6244.7,Hybrid,19.071789,72.914614,59.7,0.01,3242.0,2,69.3,0.0,86.8,3.83,Mountain,High,27.8,0.952,0,61.14,9.26,15.5,inefficient_gear
V007,2026-08-22T15:11:24,Light Commercial,1,2.8,6244.7,Hybrid,19.071942,72.914736,61.1,0.38,4000.0,2,63.3,0.0,78.3,3.72,Mountain,High,27.5,0.969,0,61.13,9.48,15.5,inefficient_gear
V007,2026-08-22T15:11:25,Light Commercial,1,2.8,6244.7,Hybrid,19.072097,72.91486,62.0,0.25,3315.0,2,66.0,0.0,75.3,3.6,Mountain,High,27.5,0.986,0,61.13,9.61,15.5,inefficient_gear
V007,2026-08-22T15:11:26,Light Commercial,1,2.8,6244.7,Hybrid,19.072251,72.914984,61.9,-0.04,4000.0,2,70.5,0.0,77.0,3.48,Mountain,High,29.6,1.003,0,61.13,9.59,15.5,inefficient_gear
V007,2026-08-22T15:11:27,Light Commercial,1,2.8,6244.7,Hybrid,19.072408,72.915109,62.6,0.2,4000.0,2,61.5,0.0,91.0,3.35,Mountain,High,27.8,1.021,0,61.13,9.7,15.5,inefficient_gear
V007,2026-08-22T15:11:28,Light Commercial,1,2.8,6244.7,Hybrid,19.072566,72.915236,63.4,0.24,3289.0,2,78.7,0.0,83.7,3.23,Mountain,High,26.5,1.038,0,61.12,9.84,15.5,inefficient_gear
V007,2026-08-22T15:11:29,Light Commercial,1,2.8,6244.7,Hybrid,19.072725,72.915363,63.5,0.01,4000.0,2,72.8,0.0,86.5,3.1,Mountain,High,29.9,1.056,0,61.12,9.84,15.5,inefficient_gear
V007,2026-08-22T15:11:30,Light Commercial,1,2.8,6244.7,Hybrid,19.072887,72.915492,64.6,0.31,4000.0,2,64.0,0.0,79.7,2.97,Mountain,High,28.5,1.074,0,61.12,10.02,15.5,inefficient_gear
V007,2026-08-22T15:11:31,Light Commercial,1,2.8,6244.7,Hybrid,19.073047,72.915621,64.3,-0.08,4000.0,2,66.1,0.0,85.4,2.84,Mountain,High,26.6,1.092,0,61.12,9.97,15.5,inefficient_gear
V007,2026-08-22T15:11:32,Light Commercial,1,2.8,6244.7,Hybrid,19.073209,72.91575,64.7,0.11,3294.0,2,66.7,0.0,84.1,2.7,Mountain,High,30.3,1.11,0,61.11,10.04,15.5,inefficient_gear
V007,2026-08-22T15:11:33,Light Commercial,1,2.8,6244.7,Hybrid,19.073368,72.915877,63.5,-0.33,4000.0,2,58.9,0.0,88.9,2.56,Mountain,High,29.9,1.128,0,61.11,9.85,15.5,inefficient_gear
V007,2026-08-22T15:11:34,Light Commercial,1,2.8,6244.7,Hybrid,19.073527,72.916005,63.6,0.02,4000.0,2,66.6,0.0,90.8,2.42,Mountain,High,27.8,1.145,0,61.11,9.86,15.5,inefficient_gear
V007,2026-08-22T15:11:35,Light Commercial,1,2.8,6244.7,Hybrid,19.073684,72.91613,62.9,-0.19,4000.0,2,65.2,0.0,78.1,2.28,Mountain,High,25.2,1.163,0,61.1,9.76,15.5,inefficient_gear
V007,2026-08-22T15:11:36,Light Commercial,1,2.8,6244.7,Hybrid,19.073846,72.91626,64.7,0.49,4000.0,2,66.5,0.0,89.8,2.14,Mountain,High,30.0,1.181,0,61.1,10.03,15.5,inefficient_gear
V007,2026-08-22T15:11:37,Light Commercial,1,2.8,6244.7,Hybrid,19.074008,72.916389,64.7,0.01,4000.0,2,62.5,0.0,89.9,1.99,Mountain,High,29.3,1.199,0,61.1,10.04,15.5,inefficient_gear
V007,2026-08-22T15:11:38,Light Commercial,1,2.8,6244.7,Hybrid,19.074176,72.916524,67.2,0.69,3341.0,2,58.8,0.0,84.8,1.84,Mountain,High,29.9,1.217,0,61.1,10.42,15.5,inefficient_gear
V007,2026-08-22T15:11:39,Light Commercial,1,2.8,6244.7,Hybrid,19.074344,72.916658,67.1,-0.04,4000.0,2,69.0,0.0,91.4,1.69,Mountain,High,24.5,1.236,0,61.09,10.4,15.5,inefficient_gear
V007,2026-08-22T15:11:40,Light Commercial,1,2.8,6244.7,Hybrid,19.074509,72.91679,66.1,-0.27,3273.0,2,75.7,0.0,77.1,1.54,Mountain,High,26.7,1.254,0,61.09,10.25,15.5,inefficient_gear
V007,2026-08-22T15:11:41,Light Commercial,1,2.8,6244.7,Hybrid,19.074675,72.916923,66.5,0.12,4000.0,2,72.8,0.0,87.6,1.39,Mountain,High,28.9,1.273,0,61.09,10.32,15.5,inefficient_gear
V007,2026-08-22T15:11:42,Light Commercial,1,2.8,6244.7,Hybrid,19.074841,72.917056,66.5,-0.02,4000.0,2,67.2,0.0,80.8,1.24,Mountain,High,28.5,1.291,0,61.09,10.31,15.5,inefficient_gear
V007,2026-08-22T15:11:43,Light Commercial,1,2.8,6244.7,Hybrid,19.075008,72.91719,66.8,0.09,4000.0,2,70.6,0.0,87.8,1.09,Mountain,High,29.9,1.31,0,61.08,10.35,15.5,inefficient_gear
V007,2026-08-22T15:11:44,Light Commercial,1,2.8,6244.7,Hybrid,19.075177,72.917325,67.6,0.23,4000.0,2,65.2,0.0,90.2,0.93,Mountain,High,27.3,1.329,0,61.08,10.48,15.5,inefficient_gear
V007,2026-08-22T15:11:45,Light Commercial,1,2.8,6244.7,Hybrid,19.075348,72.917461,68.3,0.2,4000.0,2,57.7,0.0,77.9,0.78,Mountain,High,26.9,1.348,0,61.08,10.59,15.5,inefficient_gear
V007,2026-08-22T15:11:46,Light Commercial,1,2.8,6244.7,Hybrid,19.075524,72.917602,70.1,0.5,3333.0,2,73.5,0.0,82.5,0.62,Mountain,High,30.8,1.367,0,61.07,10.87,15.5,inefficient_gear
V007,2026-08-22T15:11:47,Light Commercial,1,2.8,6244.7,Hybrid,19.075701,72.917744,70.9,0.22,3298.0,2,65.4,0.0,79.6,0.46,Mountain,High,26.3,1.387,0,61.07,11.0,15.5,inefficient_gear
V007,2026-08-22T15:11:48,Light Commercial,1,2.8,6244.7,Hybrid,19.075877,72.917884,70.3,-0.16,3303.0,2,73.3,0.0,82.0,0.31,Mountain,High,31.6,1.406,0,61.07,10.91,15.5,inefficient_gear
V007,2026-08-22T15:11:49,Light Commercial,1,2.8,6244.7,Hybrid,19.076055,72.918027,71.2,0.23,4000.0,2,57.5,0.0,79.5,0.15,Mountain,High,27.8,1.426,0,61.06,11.03,15.5,inefficient_gear
V007,2026-08-22T15:11:50,Light Commercial,1,2.8,6244.7,Hybrid,19.076234,72.91817,71.5,0.11,3288.0,2,67.5,0.0,81.7,-0.01,Mountain,High,29.5,1.446,0,61.06,11.09,15.5,inefficient_gear
V007,2026-08-22T15:11:51,Light Commercial,1,2.8,6244.7,Hybrid,19.076415,72.918315,72.6,0.28,3318.0,2,70.6,0.0,77.2,-0.16,Mountain,High,26.7,1.466,0,61.06,11.25,15.5,inefficient_gear
V007,2026-08-22T15:11:52,Light Commercial,1,2.8,6244.7,Hybrid,19.076599,72.918462,73.4,0.24,3321.0,2,77.7,0.0,77.8,-0.32,Mountain,High,25.4,1.486,0,61.05,11.39,15.5,inefficient_gear
V007,2026-08-22T15:11:53,Light Commercial,1,2.8,6244.7,Hybrid,19.076783,72.918609,73.8,0.09,4000.0,2,67.4,0.0,79.8,-0.48,Mountain,High,26.8,1.507,0,61.05,11.44,15.5,inefficient_gear
V007,2026-08-22T15:11:54,Light Commercial,1,2.8,6244.7,Hybrid,19.076967,72.918756,73.5,-0.09,4000.0,2,74.4,0.0,84.0,-0.63,Mountain,High,28.0,1.527,0,61.05,11.39,15.5,inefficient_gear
V007,2026-08-22T15:11:55,Light Commercial,1,2.8,6244.7,Hybrid,19.077152,72.918905,74.2,0.21,3329.0,2,62.7,0.0,78.2,-0.79,Mountain,High,28.3,1.548,0,61.05,11.51,15.5,inefficient_gear
V007,2026-08-22T15:11:56,Light Commercial,1,2.8,6244.7,Hybrid,19.077335,72.919051,73.2,-0.27,4000.0,2,65.0,0.0,91.4,-0.95,Mountain,High,29.7,1.568,0,61.04,11.35,15.5,inefficient_gear
V007,2026-08-22T15:11:57,Light Commercial,1,2.8,6244.7,Hybrid,19.077517,72.919197,72.9,-0.1,3314.0,2,59.4,0.0,90.4,-1.1,Mountain,High,30.1,1.589,0,61.04,11.3,15.5,inefficient_gear
V007,2026-08-22T15:11:58,Light Commercial,1,2.8,6244.7,Hybrid,19.0777,72.919343,73.1,0.07,3316.0,2,63.4,0.0,80.4,-1.25,Mountain,High,28.0,1.609,0,61.04,11.34,15.5,inefficient_gear
V007,2026-08-22T15:11:59,Light Commercial,1,2.8,6244.7,Hybrid,19.077883,72.91949,73.2,0.03,4000.0,2,61.3,0.0,76.7,-1.41,Mountain,High,26.6,1.629,0,61.03,11.36,15.5,inefficient_gear
V008,2026-08-22T09:20:00,Truck,7,6.7,15871.8,Diesel,19.081322,72.927455,29.1,3.36,2761.0,2,97.8,0.0,92.2,0.74,Highway,High,26.9,0.008,0,114.45,20.91,71.86,harsh_acceleration
V008,2026-08-22T09:20:01,Truck,7,6.7,15871.8,Diesel,19.081431,72.927542,43.3,3.95,2800.0,3,98.7,0.0,98.1,0.18,Highway,High,26.3,0.02,0,114.44,27.92,64.47,harsh_acceleration
V008,2026-08-22T09:20:02,Truck,7,6.7,15871.8,Diesel,19.081556,72.927642,50.0,3.6,2586.0,4,95.5,0.0,98.3,0.01,Highway,High,27.1,0.034,0,114.43,31.12,62.25,harsh_acceleration
V008,2026-08-22T09:20:03,Truck,7,6.7,15871.8,Diesel,19.081681,72.927742,50.0,3.06,2526.0,4,95.3,0.0,90.1,-0.03,Highway,High,29.6,0.048,0,114.42,31.12,62.25,harsh_acceleration
V008,2026-08-22T09:20:04,Truck,7,6.7,15871.8,Diesel,19.081806,72.927842,50.0,3.24,2541.0,4,92.4,0.0,88.3,-0.2,Highway,High,28.5,0.062,0,114.42,31.12,62.25,harsh_acceleration
V008,2026-08-22T09:20:05,Truck,7,6.7,15871.8,Diesel,19.081931,72.927942,50.0,3.57,2542.0,4,94.8,0.0,95.3,-0.67,Highway,High,26.5,0.076,0,114.41,31.12,62.25,harsh_acceleration
V008,2026-08-22T09:20:06,Truck,7,6.7,15871.8,Diesel,19.082056,72.928042,50.0,3.25,2492.0,4,90.0,0.0,98.1,0.93,Highway,High,31.3,0.09,0,114.4,31.12,62.25,harsh_acceleration
V008,2026-08-22T09:20:07,Truck,7,6.7,15871.8,Diesel,19.082181,72.928142,50.0,3.79,2527.0,4,86.0,0.0,93.3,0.62,Highway,High,27.9,0.103,0,114.39,31.12,62.25,harsh_acceleration
V008,2026-08-22T09:20:08,Truck,7,6.7,15871.8,Diesel,19.082306,72.928242,50.0,3.26,2552.0,4,94.5,0.0,94.9,0.26,Highway,High,29.8,0.117,0,114.38,31.12,62.25,harsh_acceleration
V008,2026-08-22T09:20:09,Truck,7,6.7,15871.8,Diesel,19.082431,72.928342,50.0,3.44,2459.0,4,87.2,0.0,89.1,0.02,Highway,High,26.1,0.131,0,114.37,31.12,62.25,harsh_acceleration
V008,2026-08-22T09:20:10,Truck,7,6.7,15871.8,Diesel,19.082556,72.928442,50.0,4.17,2528.0,4,85.7,0.0,96.5,0.12,Highway,High,28.7,0.145,0,114.36,31.12,62.25,harsh_acceleration
V008,2026-08-22T09:20:11,Truck,7,6.7,15871.8,Diesel,19.082681,72.928542,50.0,4.11,2555.0,4,90.2,0.0,93.4,-0.0,Highway,High,26.8,0.159,0,114.35,31.12,62.25,harsh_acceleration
V008,2026-08-22T09:20:12,Truck,7,6.7,15871.8,Diesel,19.082806,72.928642,50.0,3.04,2544.0,4,96.8,0.0,98.9,-0.5,Highway,High,29.0,0.173,0,114.35,31.12,62.25,harsh_acceleration
V008,2026-08-22T09:20:13,Truck,7,6.7,15871.8,Diesel,19.082931,72.928742,50.0,3.52,2537.0,4,94.0,0.0,99.3,-1.21,Highway,High,28.2,0.187,0,114.34,31.12,62.25,harsh_acceleration
V008,2026-08-22T09:20:14,Truck,7,6.7,15871.8,Diesel,19.083056,72.928842,50.0,3.19,2548.0,4,88.8,0.0,95.1,-0.64,Highway,High,26.8,0.201,0,114.33,31.12,62.25,harsh_acceleration
V008,2026-08-22T09:20:15,Truck,7,6.7,15871.8,Diesel,19.083181,72.928942,50.0,2.81,2470.0,4,98.5,0.0,95.1,-0.02,Highway,High,24.7,0.215,0,114.32,31.12,62.25,harsh_acceleration
V008,2026-08-22T09:20:16,Truck,7,6.7,15871.8,Diesel,19.083306,72.929042,50.0,3.91,2569.0,4,95.2,0.0,97.8,-0.6,Highway,High,24.6,0.228,0,114.31,31.12,62.25,harsh_acceleration
V008,2026-08-22T09:20:17,Truck,7,6.7,15871.8,Diesel,19.083431,72.929142,50.0,4.02,2490.0,4,92.6,0.0,94.4,-1.5,Highway,High,29.8,0.242,0,114.3,31.12,62.25,harsh_acceleration
V008,2026-08-22T09:20:18,Truck,7,6.7,15871.8,Diesel,19.083556,72.929242,50.0,3.76,2523.0,4,100.0,0.0,97.5,-0.83,Highway,High,25.4,0.256,0,114.29,31.12,62.25,harsh_acceleration
V008,2026-08-22T09:20:19,Truck,7,6.7,15871.8,Diesel,19.083681,72.929342,50.0,3.66,2493.0,4,90.8,0.0,89.8,-0.21,Highway,High,26.1,0.27,0,114.29,31.12,62.25,harsh_acceleration
V008,2026-08-22T09:20:20,Truck,7,6.7,15871.8,Diesel,19.083806,72.929442,50.0,3.47,2531.0,4,89.6,0.0,92.7,-0.96,Highway,High,27.3,0.284,0,114.28,31.12,62.25,harsh_acceleration
V008,2026-08-22T09:20:21,Truck,7,6.7,15871.8,Diesel,19.083931,72.929542,50.0,2.71,2541.0,4,94.1,0.0,99.8,0.77,Highway,High,28.3,0.298,0,114.27,31.12,62.25,harsh_acceleration
V008,2026-08-22T09:20:22,Truck,7,6.7,15871.8,Diesel,19.084056,72.929642,50.0,3.43,2536.0,4,87.5,0.0,95.4,-0.52,Highway,High,27.1,0.312,0,114.26,31.12,62.25,harsh_acceleration
V008,2026-08-22T09:20:23,Truck,7,6.7,15871.8,Diesel,19.084181,72.929742,50.0,3.8,2509.0,4,99.0,0.0,89.2,-0.51,Highway,High,28.4,0.326,0,114.25,31.12,62.25,harsh_acceleration
V008,2026-08-22T09:20:24,Truck,7,6.7,15871.8,Diesel,19.084306,72.929842,50.0,3.34,2555.0,4,93.4,0.0,98.9,0.07,Highway,High,28.0,0.34,0,114.24,31.12,62.25,harsh_acceleration
V008,2026-08-22T09:20:25,Truck,7,6.7,15871.8,Diesel,19.084431,72.929942,50.0,4.03,2571.0,4,90.5,0.0,92.3,0.3,Highway,High,28.7,0.353,0,114.23,31.12,62.25,harsh_acceleration
V008,2026-08-22T09:20:26,Truck,7,6.7,15871.8,Diesel,19.084556,72.930042,50.0,3.79,2528.0,4,99.7,0.0,98.1,0.04,Highway,High,28.6,0.367,0,114.23,31.12,62.25,harsh_acceleration
V008,2026-08-22T09:20:27,Truck,7,6.7,15871.8,Diesel,19.084681,72.930142,50.0,3.6,2534.0,4,99.9,0.0,90.2,-0.24,Highway,High,28.2,0.381,0,114.22,31.12,62.25,harsh_acceleration
V008,2026-08-22T09:20:28,Truck,7,6.7,15871.8,Diesel,19.084806,72.930242,50.0,3.55,2568.0,4,91.7,0.0,94.4,1.07,Highway,High,29.3,0.395,0,114.21,31.12,62.25,harsh_acceleration
V008,2026-08-22T09:20:29,Truck,7,6.7,15871.8,Diesel,19.084931,72.930342,50.0,2.93,2467.0,4,100.0,0.0,91.5,-0.02,Highway,High,26.1,0.409,0,114.2,31.12,62.25,harsh_acceleration
V008,2026-08-22T09:20:30,Truck,7,6.7,15871.8,Diesel,19.085056,72.930442,50.0,3.78,2524.0,4,95.8,0.0,91.0,-0.94,Highway,High,29.0,0.423,0,114.19,31.12,62.25,harsh_acceleration
V008,2026-08-22T09:20:31,Truck,7,6.7,15871.8,Diesel,19.085181,72.930542,50.0,4.16,2577.0,4,89.5,0.0,91.0,0.78,Highway,High,28.2,0.437,0,114.18,31.12,62.25,harsh_acceleration
V008,2026-08-22T09:20:32,Truck,7,6.7,15871.8,Diesel,19.085306,72.930642,50.0,2.67,2506.0,4,94.8,0.0,94.0,-0.57,Highway,High,31.2,0.451,0,114.17,31.12,62.25,harsh_acceleration
V008,2026-08-22T09:20:33,Truck,7,6.7,15871.8,Diesel,19.085431,72.930742,50.0,4.12,2503.0,4,89.2,0.0,90.1,0.64,Highway,High,25.8,0.465,0,114.16,31.12,62.25,harsh_acceleration
V008,2026-08-22T09:20:34,Truck,7,6.7,15871.8,Diesel,19.085556,72.930842,50.0,3.1,2553.0,4,96.5,0.0,96.3,-1.35,Highway,High,25.8,0.478,0,114.16,31.12,62.25,harsh_acceleration
V008,2026-08-22T09:20:35,Truck,7,6.7,15871.8,Diesel,19.085681,72.930942,50.0,3.42,2571.0,4,90.8,0.0,95.8,0.24,Highway,High,29.2,0.492,0,114.15,31.12,62.25,harsh_acceleration
V008,2026-08-22T09:20:36,Truck,7,6.7,15871.8,Diesel,19.085806,72.931042,50.0,2.64,2486.0,4,88.6,0.0,96.4,0.73,Highway,High,26.3,0.506,0,114.14,31.12,62.25,harsh_acceleration
V008,2026-08-22T09:20:37,Truck,7,6.7,15871.8,Diesel,19.085931,72.931142,50.0,4.11,2558.0,4,96.2,0.0,95.4,0.52,Highway,High,27.5,0.52,0,114.13,31.12,62.25,harsh_acceleration
V008,2026-08-22T09:20:38,Truck,7,6.7,15871.8,Diesel,19.086056,72.931242,50.0,3.03,2570.0,4,95.9,0.0,90.9,-0.04,Highway,High,29.1,0.534,0,114.12,31.12,62.25,harsh_acceleration
V008,2026-08-22T09:20:39,Truck,7,6.7,15871.8,Diesel,19.086181,72.931342,50.0,3.65,2522.0,4,97.9,0.0,96.9,0.07,Highway,High,25.9,0.548,0,114.11,31.12,62.25,harsh_acceleration
V008,2026-08-22T09:20:40,Truck,7,6.7,15871.8,Diesel,19.086306,72.931442,50.0,3.09,2532.0,4,95.0,0.0,92.3,0.1,Highway,High,28.8,0.562,0,114.1,31.12,62.25,harsh_acceleration
V008,2026-08-22T09:20:41,Truck,7,6.7,15871.8,Diesel,19.086431,72.931542,50.0,2.71,2498.0,4,91.0,0.0,93.4,-1.22,Highway,High,27.0,0.576,0,114.1,31.12,62.25,harsh_acceleration
V008,2026-08-22T09:20:42,Truck,7,6.7,15871.8,Diesel,19.086556,72.931642,50.0,2.93,2483.0,4,96.5,0.0,96.2,-0.29,Highway,High,25.8,0.59,0,114.09,31.12,62.25,harsh_acceleration
V008,2026-08-22T09:20:43,Truck,7,6.7,15871.8,Diesel,19.086681,72.931742,50.0,3.07,2551.0,4,97.2,0.0,95.9,0.37,Highway,High,29.9,0.603,0,114.08,31.12,62.25,harsh_acceleration
V008,2026-08-22T09:20:44,Truck,7,6.7,15871.8,Diesel,19.086806,72.931842,50.0,3.69,2471.0,4,94.7,0.0,98.2,0.28,Highway,High,25.3,0.617,0,114.07,31.12,62.25,harsh_acceleration
V008,2026-08-22T09:20:45,Truck,7,6.7,15871.8,Diesel,19.086931,72.931942,50.0,2.86,2556.0,4,88.9,0.0,94.6,0.62,Highway,High,29.5,0.631,0,114.06,31.12,62.25,harsh_acceleration
V008,2026-08-22T09:20:46,Truck,7,6.7,15871.8,Diesel,19.087056,72.932042,50.0,2.68,2509.0,4,93.3,0.0,90.5,1.07,Highway,High,28.1,0.645,0,114.05,31.12,62.25,harsh_acceleration
V008,2026-08-22T09:20:47,Truck,7,6.7,15871.8,Diesel,19.087181,72.932142,50.0,3.09,2490.0,4,98.2,0.0,94.7,-0.71,Highway,High,27.1,0.659,0,114.04,31.12,62.25,harsh_acceleration
V008,2026-08-22T09:20:48,Truck,7,6.7,15871.8,Diesel,19.087306,72.932242,50.0,2.97,2517.0,4,98.0,0.0,95.1,0.52,Highway,High,29.4,0.673,0,114.03,31.12,62.25,harsh_acceleration
V008,2026-08-22T09:20:49,Truck,7,6.7,15871.8,Diesel,19.087431,72.932342,50.0,3.91,2548.0,4,97.9,0.0,99.9,-0.46,Highway,High,26.7,0.687,0,114.03,31.12,62.25,harsh_acceleration
V008,2026-08-22T09:20:50,Truck,7,6.7,15871.8,Diesel,19.087556,72.932442,50.0,2.74,2539.0,4,86.8,0.0,94.8,0.51,Highway,High,28.6,0.701,0,114.02,31.12,62.25,harsh_acceleration
V008,2026-08-22T09:20:51,Truck,7,6.7,15871.8,Diesel,19.087681,72.932542,50.0,2.66,2497.0,4,86.9,0.0,98.0,0.22,Highway,High,27.6,0.715,0,114.01,31.12,62.25,harsh_acceleration
V008,2026-08-22T09:20:52,Truck,7,6.7,15871.8,Diesel,19.087806,72.932642,50.0,3.91,2526.0,4,97.7,0.0,98.5,-0.38,Highway,High,29.3,0.728,0,114.0,31.12,62.25,harsh_acceleration
V008,2026-08-22T09:20:53,Truck,7,6.7,15871.8,Diesel,19.087931,72.932742,50.0,3.76,2544.0,4,97.7,0.0,95.0,0.14,Highway,High,28.8,0.742,0,113.99,31.12,62.25,harsh_acceleration
V008,2026-08-22T09:20:54,Truck,7,6.7,15871.8,Diesel,19.088056,72.932842,50.0,3.84,2540.0,4,95.0,0.0,98.6,-0.43,Highway,High,28.3,0.756,0,113.98,31.12,62.25,harsh_acceleration
V008,2026-08-22T09:20:55,Truck,7,6.7,15871.8,Diesel,19.088181,72.932942,50.0,3.76,2558.0,4,92.6,0.0,97.9,-0.65,Highway,High,28.5,0.77,0,113.97,31.12,62.25,harsh_acceleration
V008,2026-08-22T09:20:56,Truck,7,6.7,15871.8,Diesel,19.088306,72.933042,50.0,3.41,2603.0,4,93.9,0.0,92.5,0.74,Highway,High,27.1,0.784,0,113.97,31.12,62.25,harsh_acceleration
V008,2026-08-22T09:20:57,Truck,7,6.7,15871.8,Diesel,19.088431,72.933142,50.0,3.76,2492.0,4,89.6,0.0,93.9,-0.48,Highway,High,28.7,0.798,0,113.96,31.12,62.25,harsh_acceleration
V008,2026-08-22T09:20:58,Truck,7,6.7,15871.8,Diesel,19.088556,72.933242,50.0,2.92,2512.0,4,97.7,0.0,89.1,-0.15,Highway,High,29.4,0.812,0,113.95,31.12,62.25,harsh_acceleration
V008,2026-08-22T09:20:59,Truck,7,6.7,15871.8,Diesel,19.088681,72.933342,50.0,3.45,2552.0,4,89.1,0.0,91.0,0.3,Highway,High,26.7,0.826,0,113.94,31.12,62.25,harsh_acceleration
V008,2026-08-22T09:21:00,Truck,7,6.7,15871.8,Diesel,19.088806,72.933442,50.0,4.04,2513.0,4,86.3,0.0,96.5,-0.15,Highway,High,28.2,0.84,0,113.93,31.12,62.25,harsh_acceleration
V008,2026-08-22T09:21:01,Truck,7,6.7,15871.8,Diesel,19.088931,72.933542,50.0,3.27,2572.0,4,90.5,0.0,95.1,-0.54,Highway,High,24.6,0.853,0,113.92,31.12,62.25,harsh_acceleration
V008,2026-08-22T09:21:02,Truck,7,6.7,15871.8,Diesel,19.089056,72.933642,50.0,2.61,2540.0,4,89.9,0.0,95.1,0.63,Highway,High,27.2,0.867,0,113.91,31.12,62.25,harsh_acceleration
V008,2026-08-22T09:21:03,Truck,7,6.7,15871.8,Diesel,19.089181,72.933742,50.0,4.08,2500.0,4,97.2,0.0,99.1,0.62,Highway,High,29.7,0.881,0,113.91,31.12,62.25,harsh_acceleration
V008,2026-08-22T09:21:04,Truck,7,6.7,15871.8,Diesel,19.089306,72.933842,50.0,4.03,2576.0,4,98.8,0.0,92.1,0.09,Highway,High,28.0,0.895,0,113.9,31.12,62.25,harsh_acceleration
V008,2026-08-22T09:21:05,Truck,7,6.7,15871.8,Diesel,19.089431,72.933942,50.0,3.7,2559.0,4,91.6,0.0,89.7,-0.37,Highway,High,27.3,0.909,0,113.89,31.12,62.25,harsh_acceleration
V008,2026-08-22T09:21:06,Truck,7,6.7,15871.8,Diesel,19.089556,72.934042,50.0,3.17,2529.0,4,90.8,0.0,99.5,-1.19,Highway,High,27.9,0.923,0,113.88,31.12,62.25,harsh_acceleration
V008,2026-08-22T09:21:07,Truck,7,6.7,15871.8,Diesel,19.089681,72.934142,50.0,3.74,2530.0,4,86.5,0.0,88.1,0.85,Highway,High,27.1,0.937,0,113.87,31.12,62.25,harsh_acceleration
V008,2026-08-22T09:21:08,Truck,7,6.7,15871.8,Diesel,19.089806,72.934242,50.0,3.26,2542.0,4,90.7,0.0,88.5,0.86,Highway,High,30.4,0.951,0,113.86,31.12,62.25,harsh_acceleration
V008,2026-08-22T09:21:09,Truck,7,6.7,15871.8,Diesel,19.089931,72.934342,50.0,3.57,2540.0,4,94.2,0.0,95.6,-0.13,Highway,High,28.3,0.965,0,113.85,31.12,62.25,harsh_acceleration
V008,2026-08-22T09:21:10,Truck,7,6.7,15871.8,Diesel,19.090056,72.934442,50.0,2.86,2435.0,4,89.9,0.0,89.4,0.62,Highway,High,27.9,0.978,0,113.84,31.12,62.25,harsh_acceleration
V008,2026-08-22T09:21:11,Truck,7,6.7,15871.8,Diesel,19.090181,72.934542,50.0,3.65,2484.0,4,87.3,0.0,98.5,1.63,Highway,High,27.8,0.992,0,113.84,31.12,62.25,harsh_acceleration
V008,2026-08-22T09:21:12,Truck,7,6.7,15871.8,Diesel,19.090306,72.934642,50.0,2.83,2513.0,4,90.7,0.0,92.1,-0.62,Highway,High,26.2,1.006,0,113.83,31.12,62.25,harsh_acceleration
V008,2026-08-22T09:21:13,Truck,7,6.7,15871.8,Diesel,19.090431,72.934742,50.0,3.65,2504.0,4,95.3,0.0,94.4,0.49,Highway,High,28.2,1.02,0,113.82,31.12,62.25,harsh_acceleration
V008,2026-08-22T09:21:14,Truck,7,6.7,15871.8,Diesel,19.090556,72.934842,50.0,3.8,2525.0,4,96.4,0.0,92.0,0.92,Highway,High,27.3,1.034,0,113.81,31.12,62.25,harsh_acceleration
V008,2026-08-22T09:21:15,Truck,7,6.7,15871.8,Diesel,19.090681,72.934942,50.0,3.98,2526.0,4,98.4,0.0,94.0,0.41,Highway,High,26.3,1.048,0,113.8,31.12,62.25,harsh_acceleration
V008,2026-08-22T09:21:16,Truck,7,6.7,15871.8,Diesel,19.090806,72.935042,50.0,3.32,2543.0,4,99.0,0.0,90.6,-1.42,Highway,High,27.3,1.062,0,113.79,31.12,62.25,harsh_acceleration
V008,2026-08-22T09:21:17,Truck,7,6.7,15871.8,Diesel,19.090931,72.935142,50.0,3.96,2580.0,4,94.6,0.0,89.6,1.62,Highway,High,26.9,1.076,0,113.78,31.12,62.25,harsh_acceleration
V008,2026-08-22T09:21:18,Truck,7,6.7,15871.8,Diesel,19.091056,72.935242,50.0,2.91,2489.0,4,87.7,0.0,97.9,0.06,Highway,High,27.8,1.09,0,113.78,31.12,62.25,harsh_acceleration
V008,2026-08-22T09:21:19,Truck,7,6.7,15871.8,Diesel,19.091181,72.935342,50.0,3.05,2564.0,4,94.6,0.0,90.0,0.23,Highway,High,29.1,1.103,0,113.77,31.12,62.25,harsh_acceleration
V008,2026-08-22T09:21:20,Truck,7,6.7,15871.8,Diesel,19.091306,72.935442,50.0,3.88,2514.0,4,97.4,0.0,95.9,-0.25,Highway,High,27.1,1.117,0,113.76,31.12,62.25,harsh_acceleration
V008,2026-08-22T09:21:21,Truck,7,6.7,15871.8,Diesel,19.091431,72.935542,50.0,3.28,2515.0,4,85.9,0.0,96.8,-2.15,Highway,High,29.0,1.131,0,113.75,31.12,62.25,harsh_acceleration
V008,2026-08-22T09:21:22,Truck,7,6.7,15871.8,Diesel,19.091556,72.935642,50.0,4.07,2531.0,4,85.8,0.0,92.3,0.44,Highway,High,27.2,1.145,0,113.74,31.12,62.25,harsh_acceleration
V008,2026-08-22T09:21:23,Truck,7,6.7,15871.8,Diesel,19.091681,72.935742,50.0,3.03,2554.0,4,98.2,0.0,99.4,-0.06,Highway,High,26.7,1.159,0,113.73,31.12,62.25,harsh_acceleration
V008,2026-08-22T09:21:24,Truck,7,6.7,15871.8,Diesel,19.091806,72.935842,50.0,3.7,2521.0,4,88.8,0.0,91.6,0.01,Highway,High,27.7,1.173,0,113.72,31.12,62.25,harsh_acceleration
V008,2026-08-22T09:21:25,Truck,7,6.7,15871.8,Diesel,19.091931,72.935942,50.0,3.14,2502.0,4,95.2,0.0,97.9,-0.99,Highway,High,27.1,1.187,0,113.71,31.12,62.25,harsh_acceleration
V008,2026-08-22T09:21:26,Truck,7,6.7,15871.8,Diesel,19.092056,72.936042,50.0,3.37,2522.0,4,86.5,0.0,98.1,0.23,Highway,High,29.4,1.201,0,113.71,31.12,62.25,harsh_acceleration
V008,2026-08-22T09:21:27,Truck,7,6.7,15871.8,Diesel,19.092181,72.936142,50.0,3.52,2584.0,4,99.8,0.0,99.0,-0.09,Highway,High,24.7,1.215,0,113.7,31.12,62.25,harsh_acceleration
V008,2026-08-22T09:21:28,Truck,7,6.7,15871.8,Diesel,19.092306,72.936242,50.0,2.71,2533.0,4,94.8,0.0,94.0,0.49,Highway,High,29.5,1.228,0,113.69,31.12,62.25,harsh_acceleration
V008,2026-08-22T09:21:29,Truck,7,6.7,15871.8,Diesel,19.092431,72.936342,50.0,2.71,2522.0,4,96.1,0.0,97.3,-0.16,Highway,High,29.0,1.242,0,113.68,31.12,62.25,harsh_acceleration
V008,2026-08-22T09:21:30,Truck,7,6.7,15871.8,Diesel,19.092556,72.936442,50.0,3.39,2496.0,4,95.5,0.0,92.1,-0.35,Highway,High,27.5,1.256,0,113.67,31.12,62.25,harsh_acceleration
V008,2026-08-22T09:21:31,Truck,7,6.7,15871.8,Diesel,19.092681,72.936542,50.0,3.01,2504.0,4,94.2,0.0,99.6,0.12,Highway,High,30.3,1.27,0,113.66,31.12,62.25,harsh_acceleration
V008,2026-08-22T09:21:32,Truck,7,6.7,15871.8,Diesel,19.092806,72.936642,50.0,3.1,2541.0,4,90.5,0.0,88.0,-0.42,Highway,High,28.7,1.284,0,113.65,31.12,62.25,harsh_acceleration
V008,2026-08-22T09:21:33,Truck,7,6.7,15871.8,Diesel,19.092931,72.936742,50.0,3.28,2512.0,4,88.5,0.0,97.3,-0.66,Highway,High,26.4,1.298,0,113.65,31.12,62.25,harsh_acceleration
V008,2026-08-22T09:21:34,Truck,7,6.7,15871.8,Diesel,19.093056,72.936842,50.0,2.99,2560.0,4,99.8,0.0,89.8,0.73,Highway,High,26.6,1.312,0,113.64,31.12,62.25,harsh_acceleration
V008,2026-08-22T09:21:35,Truck,7,6.7,15871.8,Diesel,19.093181,72.936942,50.0,3.41,2566.0,4,89.4,0.0,97.1,0.07,Highway,High,30.4,1.326,0,113.63,31.12,62.25,harsh_acceleration
V008,2026-08-22T09:21:36,Truck,7,6.7,15871.8,Diesel,19.093306,72.937042,50.0,3.53,2561.0,4,87.3,0.0,89.3,-0.64,Highway,High,30.0,1.34,0,113.62,31.12,62.25,harsh_acceleration
V008,2026-08-22T09:21:37,Truck,7,6.7,15871.8,Diesel,19.093431,72.937142,50.0,4.05,2499.0,4,90.1,0.0,88.3,-0.99,Highway,High,27.8,1.353,0,113.61,31.12,62.25,harsh_acceleration
V008,2026-08-22T09:21:38,Truck,7,6.7,15871.8,Diesel,19.093556,72.937242,50.0,3.85,2534.0,4,90.9,0.0,98.8,-0.55,Highway,High,28.5,1.367,0,113.6,31.12,62.25,harsh_acceleration
V008,2026-08-22T09:21:39,Truck,7,6.7,15871.8,Diesel,19.093681,72.937342,50.0,3.91,2491.0,4,87.6,0.0,93.7,0.73,Highway,High,28.2,1.381,0,113.59,31.12,62.25,harsh_acceleration
V008,2026-08-22T09:21:40,Truck,7,6.7,15871.8,Diesel,19.093806,72.937442,50.0,3.88,2512.0,4,97.0,0.0,91.4,-1.07,Highway,High,30.2,1.395,0,113.59,31.12,62.25,harsh_acceleration
V008,2026-08-22T09:21:41,Truck,7,6.7,15871.8,Diesel,19.093931,72.937542,50.0,3.38,2515.0,4,85.3,0.0,98.0,-0.09,Highway,High,28.2,1.409,0,113.58,31.12,62.25,harsh_acceleration
V008,2026-08-22T09:21:42,Truck,7,6.7,15871.8,Diesel,19.094056,72.937642,50.0,4.15,2548.0,4,89.5,0.0,97.9,0.59,Highway,High,27.6,1.423,0,113.57,31.12,62.25,harsh_acceleration
V008,2026-08-22T09:21:43,Truck,7,6.7,15871.8,Diesel,19.094181,72.937742,50.0,3.08,2569.0,4,92.5,0.0,92.2,0.29,Highway,High,28.0,1.437,0,113.56,31.12,62.25,harsh_acceleration
V008,2026-08-22T09:21:44,Truck,7,6.7,15871.8,Diesel,19.094306,72.937842,50.0,4.14,2507.0,4,85.6,0.0,94.6,0.2,Highway,High,30.3,1.451,0,113.55,31.12,62.25,harsh_acceleration
V008,2026-08-22T09:21:45,Truck,7,6.7,15871.8,Diesel,19.094431,72.937942,50.0,3.41,2520.0,4,97.2,0.0,89.8,-1.21,Highway,High,27.5,1.465,0,113.54,31.12,62.25,harsh_acceleration
V008,2026-08-22T09:21:46,Truck,7,6.7,15871.8,Diesel,19.094556,72.938042,50.0,2.71,2515.0,4,97.7,0.0,96.5,-0.5,Highway,High,28.5,1.478,0,113.53,31.12,62.25,harsh_acceleration
V008,2026-08-22T09:21:47,Truck,7,6.7,15871.8,Diesel,19.094681,72.938142,50.0,3.64,2488.0,4,99.8,0.0,97.0,0.27,Highway,High,26.6,1.492,0,113.52,31.12,62.25,harsh_acceleration
V008,2026-08-22T09:21:48,Truck,7,6.7,15871.8,Diesel,19.094806,72.938242,50.0,2.87,2553.0,4,96.7,0.0,99.2,-0.48,Highway,High,29.6,1.506,0,113.52,31.12,62.25,harsh_acceleration
V008,2026-08-22T09:21:49,Truck,7,6.7,15871.8,Diesel,19.094931,72.938342,50.0,3.76,2486.0,4,95.3,0.0,99.8,-0.68,Highway,High,27.1,1.52,0,113.51,31.12,62.25,harsh_acceleration
V008,2026-08-22T09:21:50,Truck,7,6.7,15871.8,Diesel,19.095056,72.938442,50.0,2.7,2560.0,4,87.2,0.0,94.9,0.02,Highway,High,28.3,1.534,0,113.5,31.12,62.25,harsh_acceleration
V008,2026-08-22T09:21:51,Truck,7,6.7,15871.8,Diesel,19.095181,72.938542,50.0,3.48,2526.0,4,92.6,0.0,94.5,-0.04,Highway,High,26.7,1.548,0,113.49,31.12,62.25,harsh_acceleration
V008,2026-08-22T09:21:52,Truck,7,6.7,15871.8,Diesel,19.095306,72.938642,50.0,4.0,2575.0,4,96.7,0.0,95.2,-0.47,Highway,High,27.6,1.562,0,113.48,31.12,62.25,harsh_acceleration
V008,2026-08-22T09:21:53,Truck,7,6.7,15871.8,Diesel,19.095431,72.938742,50.0,2.61,2533.0,4,91.5,0.0,92.1,-1.13,Highway,High,30.3,1.576,0,113.47,31.12,62.25,harsh_acceleration
V008,2026-08-22T09:21:54,Truck,7,6.7,15871.8,Diesel,19.095556,72.938842,50.0,3.98,2560.0,4,88.7,0.0,91.5,1.05,Highway,High,28.8,1.59,0,113.46,31.12,62.25,harsh_acceleration
V008,2026-08-22T09:21:55,Truck,7,6.7,15871.8,Diesel,19.095681,72.938942,50.0,4.13,2547.0,4,88.4,0.0,99.3,-1.04,Highway,High,28.8,1.603,0,113.46,31.12,62.25,harsh_acceleration
V008,2026-08-22T09:21:56,Truck,7,6.7,15871.8,Diesel,19.095806,72.939042,50.0,3.75,2526.0,4,88.5,0.0,99.3,-0.88,Highway,High,30.7,1.617,0,113.45,31.12,62.25,harsh_acceleration
V008,2026-08-22T09:21:57,Truck,7,6.7,15871.8,Diesel,19.095931,72.939142,50.0,3.53,2595.0,4,91.0,0.0,96.8,-0.42,Highway,High,25.3,1.631,0,113.44,31.12,62.25,harsh_acceleration
V008,2026-08-22T09:21:58,Truck,7,6.7,15871.8,Diesel,19.096056,72.939242,50.0,4.04,2532.0,4,93.3,0.0,92.5,-0.08,Highway,High,26.9,1.645,0,113.43,31.12,62.25,harsh_acceleration
V008,2026-08-22T09:21:59,Truck,7,6.7,15871.8,Diesel,19.096181,72.939342,50.0,3.33,2528.0,4,90.3,0.0,95.2,0.4,Highway,High,28.5,1.659,0,113.42,31.12,62.25,harsh_acceleration
V008,2026-08-22T11:20:00,Truck,7,6.7,9598.4,Diesel,19.122989,72.843923,48.1,1.49,2084.0,5,59.4,0.0,47.6,-4.39,Highway,Medium,25.6,0.013,0,101.34,12.65,26.27,downhill_acceleration
V008,2026-08-22T11:20:01,Truck,7,6.7,9598.4,Diesel,19.123122,72.84403,53.3,1.42,2228.0,5,53.0,0.0,61.6,-4.27,Highway,Medium,28.6,0.028,0,101.33,13.99,26.27,downhill_acceleration
V008,2026-08-22T11:20:02,Truck,7,6.7,9598.4,Diesel,19.12326,72.84414,55.4,0.61,2317.0,5,53.1,0.0,61.9,-3.1,Highway,Medium,27.0,0.044,0,101.33,14.56,26.27,downhill_acceleration
V008,2026-08-22T11:20:03,Truck,7,6.7,9598.4,Diesel,19.123409,72.844259,59.3,1.08,2190.0,6,52.8,0.0,53.5,-2.87,Highway,Medium,26.2,0.06,0,101.33,15.58,26.27,downhill_acceleration
V008,2026-08-22T11:20:04,Truck,7,6.7,9598.4,Diesel,19.123568,72.844386,63.7,1.21,2276.0,6,69.2,0.0,40.2,-3.39,Highway,Medium,28.3,0.078,0,101.32,16.73,26.27,downhill_acceleration
V008,2026-08-22T11:20:05,Truck,7,6.7,9598.4,Diesel,19.123736,72.844521,67.1,0.94,2365.0,6,56.9,0.0,63.0,-2.52,Highway,Medium,27.4,0.096,0,101.32,17.62,26.27,downhill_acceleration
V008,2026-08-22T11:20:06,Truck,7,6.7,9598.4,Diesel,19.123913,72.844662,70.7,1.02,2195.0,7,63.2,0.0,64.8,-2.24,Highway,Medium,27.8,0.116,0,101.31,18.59,26.27,downhill_acceleration
V008,2026-08-22T11:20:07,Truck,7,6.7,9598.4,Diesel,19.124101,72.844813,75.4,1.3,2330.0,7,60.6,0.0,52.5,-2.25,Highway,Medium,28.0,0.137,0,101.31,19.82,26.27,downhill_acceleration
V008,2026-08-22T11:20:08,Truck,7,6.7,9598.4,Diesel,19.124302,72.844974,80.5,1.39,2115.0,8,57.9,0.0,51.5,-3.39,Highway,Medium,27.6,0.159,0,101.3,21.14,26.27,downhill_acceleration
V008,2026-08-22T11:20:09,Truck,7,6.7,9598.4,Diesel,19.124517,72.845145,85.8,1.48,2275.0,8,47.3,0.0,53.0,-4.17,Highway,Medium,24.5,0.183,0,101.29,22.53,26.27,downhill_acceleration
V008,2026-08-22T11:20:10,Truck,7,6.7,9598.4,Diesel,19.124739,72.845323,89.0,0.91,2317.0,8,60.9,0.0,44.8,-3.98,Highway,Medium,26.1,0.208,0,101.29,23.39,26.27,downhill_acceleration
V008,2026-08-22T11:20:11,Truck,7,6.7,9598.4,Diesel,19.12497,72.845508,92.2,0.89,2388.0,8,65.6,0.0,47.3,-2.96,Highway,Medium,29.1,0.234,0,101.28,24.23,26.27,downhill_acceleration
V008,2026-08-22T11:20:12,Truck,7,6.7,9598.4,Diesel,19.125207,72.845698,95.0,1.05,2437.0,8,56.0,0.0,40.6,-4.23,Highway,Medium,28.5,0.26,0,101.27,24.96,26.27,downhill_acceleration
V008,2026-08-22T11:20:13,Truck,7,6.7,9598.4,Diesel,19.125445,72.845888,95.0,1.16,2454.0,8,62.5,0.0,52.6,-2.35,Highway,Medium,28.6,0.286,0,101.27,24.96,26.27,downhill_acceleration
V008,2026-08-22T11:20:14,Truck,7,6.7,9598.4,Diesel,19.125682,72.846078,95.0,1.43,2448.0,8,69.0,0.0,60.3,-4.31,Highway,Medium,28.7,0.313,0,101.26,24.96,26.27,downhill_acceleration
V008,2026-08-22T11:20:15,Truck,7,6.7,9598.4,Diesel,19.12592,72.846268,95.0,1.71,2410.0,8,58.2,0.0,44.6,-4.1,Highway,Medium,27.4,0.339,0,101.25,24.96,26.27,downhill_acceleration
V008,2026-08-22T11:20:16,Truck,7,6.7,9598.4,Diesel,19.126157,72.846458,95.0,1.15,2435.0,8,60.3,0.0,40.4,-2.33,Highway,Medium,30.4,0.365,0,101.25,24.96,26.27,downhill_acceleration
V008,2026-08-22T11:20:17,Truck,7,6.7,9598.4,Diesel,19.126395,72.846648,95.0,0.86,2437.0,8,50.7,0.0,46.2,-3.64,Highway,Medium,28.3,0.392,0,101.24,24.96,26.27,downhill_acceleration
V008,2026-08-22T11:20:18,Truck,7,6.7,9598.4,Diesel,19.126632,72.846838,95.0,1.17,2414.0,8,60.6,0.0,63.5,-3.04,Highway,Medium,29.9,0.418,0,101.23,24.96,26.27,downhill_acceleration
V008,2026-08-22T11:20:19,Truck,7,6.7,9598.4,Diesel,19.12687,72.847028,95.0,1.62,2431.0,8,72.9,0.0,63.3,-2.99,Highway,Medium,27.2,0.445,0,101.23,24.96,26.27,downhill_acceleration
V008,2026-08-22T11:20:20,Truck,7,6.7,9598.4,Diesel,19.127107,72.847218,95.0,1.57,2456.0,8,72.3,0.0,62.1,-4.38,Highway,Medium,28.9,0.471,0,101.22,24.96,26.27,downhill_acceleration
V008,2026-08-22T11:20:21,Truck,7,6.7,9598.4,Diesel,19.127345,72.847408,95.0,0.96,2442.0,8,49.4,0.0,58.2,-3.02,Highway,Medium,26.5,0.497,0,101.21,24.96,26.27,downhill_acceleration
V008,2026-08-22T11:20:22,Truck,7,6.7,9598.4,Diesel,19.127582,72.847598,95.0,1.27,2409.0,8,54.3,0.0,64.4,-2.66,Highway,Medium,29.9,0.524,0,101.2,24.96,26.27,downhill_acceleration
V008,2026-08-22T11:20:23,Truck,7,6.7,9598.4,Diesel,19.12782,72.847788,95.0,1.49,2402.0,8,74.0,0.0,50.1,-4.41,Highway,Medium,27.2,0.55,0,101.2,24.96,26.27,downhill_acceleration
V008,2026-08-22T11:20:24,Truck,7,6.7,9598.4,Diesel,19.128057,72.847978,95.0,1.24,2378.0,8,70.7,0.0,61.7,-2.97,Highway,Medium,25.2,0.577,0,101.19,24.96,26.27,downhill_acceleration
V008,2026-08-22T11:20:25,Truck,7,6.7,9598.4,Diesel,19.128295,72.848168,95.0,1.72,2410.0,8,52.1,0.0,52.0,-4.5,Highway,Medium,27.4,0.603,0,101.18,24.96,26.27,downhill_acceleration
V008,2026-08-22T11:20:26,Truck,7,6.7,9598.4,Diesel,19.128532,72.848358,95.0,0.89,2439.0,8,62.0,0.0,53.0,-3.48,Highway,Medium,27.6,0.629,0,101.18,24.96,26.27,downhill_acceleration
V008,2026-08-22T11:20:27,Truck,7,6.7,9598.4,Diesel,19.12877,72.848548,95.0,0.99,2399.0,8,62.1,0.0,64.9,-2.48,Highway,Medium,28.4,0.656,0,101.17,24.96,26.27,downhill_acceleration
V008,2026-08-22T11:20:28,Truck,7,6.7,9598.4,Diesel,19.129007,72.848738,95.0,1.37,2439.0,8,66.2,0.0,54.1,-3.42,Highway,Medium,30.5,0.682,0,101.16,24.96,26.27,downhill_acceleration
V008,2026-08-22T11:20:29,Truck,7,6.7,9598.4,Diesel,19.129245,72.848928,95.0,1.74,2409.0,8,74.0,0.0,48.2,-3.81,Highway,Medium,27.6,0.709,0,101.16,24.96,26.27,downhill_acceleration
V008,2026-08-22T11:20:30,Truck,7,6.7,9598.4,Diesel,19.129482,72.849118,95.0,1.18,2493.0,8,67.5,0.0,40.4,-4.21,Highway,Medium,27.7,0.735,0,101.15,24.96,26.27,downhill_acceleration
V008,2026-08-22T11:20:31,Truck,7,6.7,9598.4,Diesel,19.12972,72.849308,95.0,1.77,2451.0,8,69.6,0.0,52.0,-4.06,Highway,Medium,26.6,0.761,0,101.14,24.96,26.27,downhill_acceleration
V008,2026-08-22T11:20:32,Truck,7,6.7,9598.4,Diesel,19.129957,72.849498,95.0,1.44,2428.0,8,62.6,0.0,50.1,-4.24,Highway,Medium,28.1,0.788,0,101.14,24.96,26.27,downhill_acceleration
V008,2026-08-22T11:20:33,Truck,7,6.7,9598.4,Diesel,19.130195,72.849688,95.0,1.57,2452.0,8,49.6,0.0,40.3,-4.46,Highway,Medium,25.9,0.814,0,101.13,24.96,26.27,downhill_acceleration
V008,2026-08-22T11:20:34,Truck,7,6.7,9598.4,Diesel,19.130432,72.849878,95.0,1.07,2430.0,8,47.4,0.0,56.5,-3.76,Highway,Medium,27.7,0.84,0,101.12,24.96,26.27,downhill_acceleration
V008,2026-08-22T11:20:35,Truck,7,6.7,9598.4,Diesel,19.13067,72.850068,95.0,1.07,2457.0,8,69.1,0.0,59.5,-3.06,Highway,Medium,27.2,0.867,0,101.11,24.96,26.27,downhill_acceleration
V008,2026-08-22T11:20:36,Truck,7,6.7,9598.4,Diesel,19.130907,72.850258,95.0,1.43,2477.0,8,47.2,0.0,42.7,-3.79,Highway,Medium,29.5,0.893,0,101.11,24.96,26.27,downhill_acceleration
V008,2026-08-22T11:20:37,Truck,7,6.7,9598.4,Diesel,19.131145,72.850448,95.0,1.47,2436.0,8,46.9,0.0,43.0,-4.4,Highway,Medium,26.5,0.92,0,101.1,24.96,26.27,downhill_acceleration
V008,2026-08-22T11:20:38,Truck,7,6.7,9598.4,Diesel,19.131382,72.850638,95.0,1.3,2442.0,8,74.9,0.0,57.2,-2.64,Highway,Medium,25.2,0.946,0,101.09,24.96,26.27,downhill_acceleration
V008,2026-08-22T11:20:39,Truck,7,6.7,9598.4,Diesel,19.13162,72.850828,95.0,1.59,2514.0,8,66.0,0.0,50.7,-2.82,Highway,Medium,31.3,0.972,0,101.09,24.96,26.27,downhill_acceleration
V008,2026-08-22T11:20:40,Truck,7,6.7,9598.4,Diesel,19.131857,72.851018,95.0,1.51,2447.0,8,55.3,0.0,63.4,-3.88,Highway,Medium,30.2,0.999,0,101.08,24.96,26.27,downhill_acceleration
V008,2026-08-22T11:20:41,Truck,7,6.7,9598.4,Diesel,19.132095,72.851208,95.0,0.62,2389.0,8,53.6,0.0,46.2,-2.48,Highway,Medium,25.9,1.025,0,101.07,24.96,26.27,downhill_acceleration
V008,2026-08-22T11:20:42,Truck,7,6.7,9598.4,Diesel,19.132332,72.851398,95.0,1.2,2455.0,8,68.3,0.0,42.1,-3.39,Highway,Medium,29.6,1.052,0,101.07,24.96,26.27,downhill_acceleration
V008,2026-08-22T11:20:43,Truck,7,6.7,9598.4,Diesel,19.13257,72.851588,95.0,1.79,2455.0,8,69.8,0.0,63.1,-2.79,Highway,Medium,26.0,1.078,0,101.06,24.96,26.27,downhill_acceleration
V008,2026-08-22T11:20:44,Truck,7,6.7,9598.4,Diesel,19.132807,72.851778,95.0,0.92,2464.0,8,70.2,0.0,56.8,-2.86,Highway,Medium,26.6,1.104,0,101.05,24.96,26.27,downhill_acceleration
V008,2026-08-22T11:20:45,Truck,7,6.7,9598.4,Diesel,19.133045,72.851968,95.0,0.74,2424.0,8,48.9,0.0,54.8,-2.68,Highway,Medium,29.8,1.131,0,101.05,24.96,26.27,downhill_acceleration
V008,2026-08-22T11:20:46,Truck,7,6.7,9598.4,Diesel,19.133282,72.852158,95.0,0.76,2364.0,8,59.2,0.0,41.7,-2.68,Highway,Medium,27.2,1.157,0,101.04,24.96,26.27,downhill_acceleration
V008,2026-08-22T11:20:47,Truck,7,6.7,9598.4,Diesel,19.13352,72.852348,95.0,1.74,2422.0,8,73.1,0.0,62.0,-3.89,Highway,Medium,26.7,1.184,0,101.03,24.96,26.27,downhill_acceleration
V008,2026-08-22T11:20:48,Truck,7,6.7,9598.4,Diesel,19.133757,72.852538,95.0,0.63,2421.0,8,45.2,0.0,40.8,-3.67,Highway,Medium,27.1,1.21,0,101.02,24.96,26.27,downhill_acceleration
V008,2026-08-22T11:20:49,Truck,7,6.7,9598.4,Diesel,19.133995,72.852728,95.0,1.78,2396.0,8,60.6,0.0,41.0,-2.94,Highway,Medium,28.3,1.236,0,101.02,24.96,26.27,downhill_acceleration
V008,2026-08-22T11:20:50,Truck,7,6.7,9598.4,Diesel,19.134232,72.852918,95.0,0.69,2444.0,8,55.7,0.0,55.4,-4.14,Highway,Medium,27.8,1.263,0,101.01,24.96,26.27,downhill_acceleration
V008,2026-08-22T11:20:51,Truck,7,6.7,9598.4,Diesel,19.13447,72.853108,95.0,1.56,2463.0,8,47.8,0.0,48.8,-2.56,Highway,Medium,28.2,1.289,0,101.0,24.96,26.27,downhill_acceleration
V008,2026-08-22T11:20:52,Truck,7,6.7,9598.4,Diesel,19.134707,72.853298,95.0,1.45,2448.0,8,58.2,0.0,51.3,-3.37,Highway,Medium,26.6,1.315,0,101.0,24.96,26.27,downhill_acceleration
V008,2026-08-22T11:20:53,Truck,7,6.7,9598.4,Diesel,19.134945,72.853488,95.0,0.7,2429.0,8,54.9,0.0,51.2,-4.04,Highway,Medium,29.3,1.342,0,100.99,24.96,26.27,downhill_acceleration
V008,2026-08-22T11:20:54,Truck,7,6.7,9598.4,Diesel,19.135182,72.853678,95.0,1.07,2451.0,8,70.8,0.0,40.6,-4.06,Highway,Medium,27.3,1.368,0,100.98,24.96,26.27,downhill_acceleration
V008,2026-08-22T11:20:55,Truck,7,6.7,9598.4,Diesel,19.13542,72.853868,95.0,1.75,2413.0,8,50.1,0.0,41.6,-2.23,Highway,Medium,26.6,1.395,0,100.98,24.96,26.27,downhill_acceleration
V008,2026-08-22T11:20:56,Truck,7,6.7,9598.4,Diesel,19.135657,72.854058,95.0,1.26,2479.0,8,68.7,0.0,61.5,-4.2,Highway,Medium,28.8,1.421,0,100.97,24.96,26.27,downhill_acceleration
V008,2026-08-22T11:20:57,Truck,7,6.7,9598.4,Diesel,19.135895,72.854248,95.0,0.98,2431.0,8,59.8,0.0,47.6,-3.34,Highway,Medium,27.1,1.447,0,100.96,24.96,26.27,downhill_acceleration
V008,2026-08-22T11:20:58,Truck,7,6.7,9598.4,Diesel,19.136132,72.854438,95.0,0.87,2448.0,8,58.9,0.0,60.4,-3.78,Highway,Medium,28.5,1.474,0,100.95,24.96,26.27,downhill_acceleration
V008,2026-08-22T11:20:59,Truck,7,6.7,9598.4,Diesel,19.13637,72.854628,95.0,1.17,2453.0,8,62.2,0.0,64.6,-3.5,Highway,Medium,28.9,1.5,0,100.95,24.96,26.27,downhill_acceleration
V008,2026-08-22T11:21:00,Truck,7,6.7,9598.4,Diesel,19.136607,72.854818,95.0,0.69,2416.0,8,49.8,0.0,64.4,-2.79,Highway,Medium,27.5,1.527,0,100.94,24.96,26.27,downhill_acceleration
V008,2026-08-22T11:21:01,Truck,7,6.7,9598.4,Diesel,19.136845,72.855008,95.0,1.01,2432.0,8,46.2,0.0,54.0,-3.78,Highway,Medium,26.1,1.553,0,100.93,24.96,26.27,downhill_acceleration
V008,2026-08-22T11:21:02,Truck,7,6.7,9598.4,Diesel,19.137082,72.855198,95.0,0.99,2463.0,8,48.1,0.0,53.9,-3.32,Highway,Medium,25.3,1.579,0,100.93,24.96,26.27,downhill_acceleration
V008,2026-08-22T11:21:03,Truck,7,6.7,9598.4,Diesel,19.13732,72.855388,95.0,0.62,2440.0,8,70.5,0.0,47.5,-3.01,Highway,Medium,29.0,1.606,0,100.92,24.96,26.27,downhill_acceleration
V008,2026-08-22T11:21:04,Truck,7,6.7,9598.4,Diesel,19.137557,72.855578,95.0,1.6,2396.0,8,45.3,0.0,52.6,-3.62,Highway,Medium,28.5,1.632,0,100.91,24.96,26.27,downhill_acceleration
V008,2026-08-22T11:21:05,Truck,7,6.7,9598.4,Diesel,19.137795,72.855768,95.0,1.55,2408.0,8,53.3,0.0,55.6,-3.58,Highway,Medium,26.1,1.659,0,100.91,24.96,26.27,downhill_acceleration
V008,2026-08-22T11:21:06,Truck,7,6.7,9598.4,Diesel,19.138032,72.855958,95.0,1.74,2441.0,8,55.7,0.0,42.6,-3.19,Highway,Medium,28.7,1.685,0,100.9,24.96,26.27,downhill_acceleration
V008,2026-08-22T11:21:07,Truck,7,6.7,9598.4,Diesel,19.13827,72.856148,95.0,1.18,2454.0,8,68.5,0.0,42.2,-3.38,Highway,Medium,29.7,1.711,0,100.89,24.96,26.27,downhill_acceleration
V008,2026-08-22T11:21:08,Truck,7,6.7,9598.4,Diesel,19.138507,72.856338,95.0,1.14,2420.0,8,64.8,0.0,48.5,-3.76,Highway,Medium,27.3,1.738,0,100.89,24.96,26.27,downhill_acceleration
V008,2026-08-22T11:21:09,Truck,7,6.7,9598.4,Diesel,19.138745,72.856528,95.0,1.54,2430.0,8,59.3,0.0,58.2,-4.18,Highway,Medium,28.2,1.764,0,100.88,24.96,26.27,downhill_acceleration
V008,2026-08-22T11:21:10,Truck,7,6.7,9598.4,Diesel,19.138982,72.856718,95.0,0.86,2406.0,8,64.6,0.0,50.4,-4.09,Highway,Medium,26.0,1.79,0,100.87,24.96,26.27,downhill_acceleration
V008,2026-08-22T11:21:11,Truck,7,6.7,9598.4,Diesel,19.13922,72.856908,95.0,1.39,2438.0,8,74.9,0.0,50.6,-4.15,Highway,Medium,25.4,1.817,0,100.86,24.96,26.27,downhill_acceleration
V008,2026-08-22T11:21:12,Truck,7,6.7,9598.4,Diesel,19.139457,72.857098,95.0,0.9,2423.0,8,63.6,0.0,42.3,-3.39,Highway,Medium,26.9,1.843,0,100.86,24.96,26.27,downhill_acceleration
V008,2026-08-22T11:21:13,Truck,7,6.7,9598.4,Diesel,19.139695,72.857288,95.0,1.06,2448.0,8,72.0,0.0,58.4,-3.69,Highway,Medium,28.3,1.87,0,100.85,24.96,26.27,downhill_acceleration
V008,2026-08-22T11:21:14,Truck,7,6.7,9598.4,Diesel,19.139932,72.857478,95.0,1.04,2402.0,8,59.6,0.0,48.1,-3.72,Highway,Medium,27.1,1.896,0,100.84,24.96,26.27,downhill_acceleration
V008,2026-08-22T11:21:15,Truck,7,6.7,9598.4,Diesel,19.14017,72.857668,95.0,1.59,2420.0,8,49.7,0.0,62.7,-3.13,Highway,Medium,27.0,1.922,0,100.84,24.96,26.27,downhill_acceleration
V008,2026-08-22T11:21:16,Truck,7,6.7,9598.4,Diesel,19.140407,72.857858,95.0,0.87,2382.0,8,57.8,0.0,55.2,-3.66,Highway,Medium,27.5,1.949,0,100.83,24.96,26.27,downhill_acceleration
V008,2026-08-22T11:21:17,Truck,7,6.7,9598.4,Diesel,19.140645,72.858048,95.0,1.32,2456.0,8,70.0,0.0,47.8,-4.49,Highway,Medium,28.3,1.975,0,100.82,24.96,26.27,downhill_acceleration
V008,2026-08-22T11:21:18,Truck,7,6.7,9598.4,Diesel,19.140882,72.858238,95.0,0.96,2376.0,8,62.6,0.0,44.4,-4.38,Highway,Medium,28.8,2.002,0,100.82,24.96,26.27,downhill_acceleration
V008,2026-08-22T11:21:19,Truck,7,6.7,9598.4,Diesel,19.14112,72.858428,95.0,1.32,2434.0,8,49.4,0.0,46.1,-2.65,Highway,Medium,26.9,2.028,0,100.81,24.96,26.27,downhill_acceleration
V008,2026-08-22T11:21:20,Truck,7,6.7,9598.4,Diesel,19.141357,72.858618,95.0,0.86,2517.0,8,50.7,0.0,45.8,-3.39,Highway,Medium,26.5,2.054,0,100.8,24.96,26.27,downhill_acceleration
V008,2026-08-22T11:21:21,Truck,7,6.7,9598.4,Diesel,19.141595,72.858808,95.0,0.96,2420.0,8,62.6,0.0,57.1,-2.39,Highway,Medium,28.9,2.081,0,100.8,24.96,26.27,downhill_acceleration
V008,2026-08-22T11:21:22,Truck,7,6.7,9598.4,Diesel,19.141832,72.858998,95.0,1.8,2429.0,8,70.7,0.0,44.0,-4.06,Highway,Medium,29.6,2.107,0,100.79,24.96,26.27,downhill_acceleration
V008,2026-08-22T11:21:23,Truck,7,6.7,9598.4,Diesel,19.14207,72.859188,95.0,1.66,2420.0,8,59.6,0.0,44.4,-3.83,Highway,Medium,27.4,2.134,0,100.78,24.96,26.27,downhill_acceleration
V008,2026-08-22T11:21:24,Truck,7,6.7,9598.4,Diesel,19.142307,72.859378,95.0,0.77,2474.0,8,74.0,0.0,56.4,-2.93,Highway,Medium,28.3,2.16,0,100.77,24.96,26.27,downhill_acceleration
V008,2026-08-22T11:21:25,Truck,7,6.7,9598.4,Diesel,19.142545,72.859568,95.0,1.41,2428.0,8,53.4,0.0,54.3,-2.97,Highway,Medium,26.6,2.186,0,100.77,24.96,26.27,downhill_acceleration
V008,2026-08-22T11:21:26,Truck,7,6.7,9598.4,Diesel,19.142782,72.859758,95.0,1.04,2399.0,8,50.4,0.0,52.5,-3.98,Highway,Medium,29.0,2.213,0,100.76,24.96,26.27,downhill_acceleration
V008,2026-08-22T11:21:27,Truck,7,6.7,9598.4,Diesel,19.14302,72.859948,95.0,0.87,2434.0,8,68.5,0.0,56.2,-2.5,Highway,Medium,27.2,2.239,0,100.75,24.96,26.27,downhill_acceleration
V008,2026-08-22T11:21:28,Truck,7,6.7,9598.4,Diesel,19.143257,72.860138,95.0,1.37,2415.0,8,63.2,0.0,56.1,-3.58,Highway,Medium,26.9,2.265,0,100.75,24.96,26.27,downhill_acceleration
V008,2026-08-22T11:21:29,Truck,7,6.7,9598.4,Diesel,19.143495,72.860328,95.0,1.49,2401.0,8,58.8,0.0,48.6,-2.53,Highway,Medium,26.9,2.292,0,100.74,24.96,26.27,downhill_acceleration
V008,2026-08-22T11:21:30,Truck,7,6.7,9598.4,Diesel,19.143732,72.860518,95.0,0.69,2484.0,8,63.6,0.0,45.5,-3.68,Highway,Medium,29.4,2.318,0,100.73,24.96,26.27,downhill_acceleration
V008,2026-08-22T11:21:31,Truck,7,6.7,9598.4,Diesel,19.14397,72.860708,95.0,0.84,2398.0,8,55.4,0.0,44.5,-3.25,Highway,Medium,28.7,2.345,0,100.73,24.96,26.27,downhill_acceleration
V008,2026-08-22T11:21:32,Truck,7,6.7,9598.4,Diesel,19.144207,72.860898,95.0,1.39,2468.0,8,61.6,0.0,51.9,-2.54,Highway,Medium,27.6,2.371,0,100.72,24.96,26.27,downhill_acceleration
V008,2026-08-22T11:21:33,Truck,7,6.7,9598.4,Diesel,19.144445,72.861088,95.0,1.74,2411.0,8,49.6,0.0,48.2,-3.4,Highway,Medium,28.2,2.397,0,100.71,24.96,26.27,downhill_acceleration
V008,2026-08-22T11:21:34,Truck,7,6.7,9598.4,Diesel,19.144682,72.861278,95.0,0.79,2427.0,8,64.9,0.0,64.8,-2.95,Highway,Medium,27.5,2.424,0,100.71,24.96,26.27,downhill_acceleration
V008,2026-08-22T11:21:35,Truck,7,6.7,9598.4,Diesel,19.14492,72.861468,95.0,1.61,2410.0,8,52.3,0.0,48.8,-3.42,Highway,Medium,25.0,2.45,0,100.7,24.96,26.27,downhill_acceleration
V008,2026-08-22T11:21:36,Truck,7,6.7,9598.4,Diesel,19.145157,72.861658,95.0,1.56,2466.0,8,62.3,0.0,55.5,-2.98,Highway,Medium,28.2,2.477,0,100.69,24.96,26.27,downhill_acceleration
V008,2026-08-22T11:21:37,Truck,7,6.7,9598.4,Diesel,19.145395,72.861848,95.0,1.65,2418.0,8,74.9,0.0,41.6,-2.53,Highway,Medium,25.6,2.503,0,100.68,24.96,26.27,downhill_acceleration
V008,2026-08-22T11:21:38,Truck,7,6.7,9598.4,Diesel,19.145632,72.862038,95.0,0.87,2405.0,8,53.7,0.0,56.2,-3.77,Highway,Medium,30.4,2.529,0,100.68,24.96,26.27,downhill_acceleration
V008,2026-08-22T11:21:39,Truck,7,6.7,9598.4,Diesel,19.14587,72.862228,95.0,0.88,2395.0,8,58.5,0.0,56.7,-3.32,Highway,Medium,26.7,2.556,0,100.67,24.96,26.27,downhill_acceleration
V008,2026-08-22T11:21:40,Truck,7,6.7,9598.4,Diesel,19.146107,72.862418,95.0,0.99,2445.0,8,71.7,0.0,63.8,-2.45,Highway,Medium,29.7,2.582,0,100.66,24.96,26.27,downhill_acceleration
V008,2026-08-22T11:21:41,Truck,7,6.7,9598.4,Diesel,19.146345,72.862608,95.0,0.89,2432.0,8,48.9,0.0,51.2,-3.24,Highway,Medium,25.2,2.609,0,100.66,24.96,26.27,downhill_acceleration
V008,2026-08-22T11:21:42,Truck,7,6.7,9598.4,Diesel,19.146582,72.862798,95.0,1.52,2447.0,8,65.5,0.0,44.6,-4.35,Highway,Medium,27.1,2.635,0,100.65,24.96,26.27,downhill_acceleration
V008,2026-08-22T11:21:43,Truck,7,6.7,9598.4,Diesel,19.14682,72.862988,95.0,0.68,2454.0,8,67.9,0.0,64.3,-3.1,Highway,Medium,27.1,2.661,0,100.64,24.96,26.27,downhill_acceleration
V008,2026-08-22T11:21:44,Truck,7,6.7,9598.4,Diesel,19.147057,72.863178,95.0,1.34,2461.0,8,45.6,0.0,48.3,-3.79,Highway,Medium,25.9,2.688,0,100.64,24.96,26.27,downhill_acceleration
V008,2026-08-22T11:21:45,Truck,7,6.7,9598.4,Diesel,19.147295,72.863368,95.0,1.7,2422.0,8,74.5,0.0,53.7,-3.6,Highway,Medium,26.5,2.714,0,100.63,24.96,26.27,downhill_acceleration
V008,2026-08-22T11:21:46,Truck,7,6.7,9598.4,Diesel,19.147532,72.863558,95.0,0.72,2424.0,8,48.7,0.0,56.4,-3.57,Highway,Medium,28.5,2.74,0,100.62,24.96,26.27,downhill_acceleration
V008,2026-08-22T11:21:47,Truck,7,6.7,9598.4,Diesel,19.14777,72.863748,95.0,1.73,2475.0,8,64.3,0.0,50.6,-3.59,Highway,Medium,24.9,2.767,0,100.62,24.96,26.27,downhill_acceleration
V008,2026-08-22T11:21:48,Truck,7,6.7,9598.4,Diesel,19.148007,72.863938,95.0,0.91,2486.0,8,62.8,0.0,63.1,-2.33,Highway,Medium,30.6,2.793,0,100.61,24.96,26.27,downhill_acceleration
V008,2026-08-22T11:21:49,Truck,7,6.7,9598.4,Diesel,19.148245,72.864128,95.0,1.21,2391.0,8,73.9,0.0,62.7,-4.14,Highway,Medium,30.1,2.82,0,100.6,24.96,26.27,downhill_acceleration
V008,2026-08-22T11:21:50,Truck,7,6.7,9598.4,Diesel,19.148482,72.864318,95.0,1.14,2443.0,8,55.0,0.0,48.9,-3.89,Highway,Medium,28.1,2.846,0,100.59,24.96,26.27,downhill_acceleration
V008,2026-08-22T11:21:51,Truck,7,6.7,9598.4,Diesel,19.14872,72.864508,95.0,1.61,2414.0,8,67.4,0.0,42.4,-2.56,Highway,Medium,26.6,2.872,0,100.59,24.96,26.27,downhill_acceleration
V008,2026-08-22T11:21:52,Truck,7,6.7,9598.4,Diesel,19.148957,72.864698,95.0,0.64,2385.0,8,55.2,0.0,60.9,-2.47,Highway,Medium,29.1,2.899,0,100.58,24.96,26.27,downhill_acceleration
V008,2026-08-22T11:21:53,Truck,7,6.7,9598.4,Diesel,19.149195,72.864888,95.0,1.54,2460.0,8,70.1,0.0,40.6,-2.36,Highway,Medium,26.0,2.925,0,100.57,24.96,26.27,downhill_acceleration
V008,2026-08-22T11:21:54,Truck,7,6.7,9598.4,Diesel,19.149432,72.865078,95.0,0.8,2446.0,8,50.5,0.0,56.7,-3.34,Highway,Medium,28.5,2.952,0,100.57,24.96,26.27,downhill_acceleration
V008,2026-08-22T11:21:55,Truck,7,6.7,9598.4,Diesel,19.14967,72.865268,95.0,0.62,2404.0,8,56.2,0.0,53.8,-3.39,Highway,Medium,28.4,2.978,0,100.56,24.96,26.27,downhill_acceleration
V008,2026-08-22T11:21:56,Truck,7,6.7,9598.4,Diesel,19.149907,72.865458,95.0,0.82,2466.0,8,74.2,0.0,41.8,-2.52,Highway,Medium,26.1,3.004,0,100.55,24.96,26.27,downhill_acceleration
V008,2026-08-22T11:21:57,Truck,7,6.7,9598.4,Diesel,19.150145,72.865648,95.0,1.3,2471.0,8,55.8,0.0,63.5,-2.51,Highway,Medium,26.3,3.031,0,100.55,24.96,26.27,downhill_acceleration
V008,2026-08-22T11:21:58,Truck,7,6.7,9598.4,Diesel,19.150382,72.865838,95.0,1.64,2396.0,8,46.7,0.0,64.6,-4.3,Highway,Medium,25.3,3.057,0,100.54,24.96,26.27,downhill_acceleration
V008,2026-08-22T11:21:59,Truck,7,6.7,9598.4,Diesel,19.15062,72.866028,95.0,1.67,2486.0,8,68.2,0.0,48.6,-3.86,Highway,Medium,30.2,3.084,0,100.53,24.96,26.27,downhill_acceleration
V008,2026-08-22T13:20:00,Truck,7,6.7,11847.7,Diesel,19.092476,72.838783,44.8,0.5,2839.0,2,72.7,0.0,91.6,0.0,Mountain,Medium,27.8,0.012,0,123.4,17.8,39.7,inefficient_gear
V008,2026-08-22T13:20:01,Truck,7,6.7,11847.7,Diesel,19.092589,72.838873,45.2,0.11,2455.0,2,72.8,0.0,84.4,0.16,Mountain,Medium,28.5,0.025,0,123.4,17.96,39.7,inefficient_gear
V008,2026-08-22T13:20:02,Truck,7,6.7,11847.7,Diesel,19.092705,72.838966,46.2,0.27,2888.0,2,71.2,0.0,78.3,0.31,Mountain,Medium,29.1,0.038,0,123.39,18.34,39.7,inefficient_gear
V008,2026-08-22T13:20:03,Truck,7,6.7,11847.7,Diesel,19.092822,72.83906,47.1,0.24,2500.0,2,56.0,0.0,90.9,0.47,Mountain,Medium,26.1,0.051,0,123.39,18.69,39.7,inefficient_gear
V008,2026-08-22T13:20:04,Truck,7,6.7,11847.7,Diesel,19.092942,72.839155,47.7,0.18,2473.0,2,65.4,0.0,83.3,0.63,Mountain,Medium,26.9,0.064,0,123.38,18.95,39.7,inefficient_gear
V008,2026-08-22T13:20:05,Truck,7,6.7,11847.7,Diesel,19.093063,72.839252,48.5,0.22,2559.0,2,75.5,0.0,79.7,0.78,Mountain,Medium,28.0,0.078,0,123.37,19.26,39.7,inefficient_gear
V008,2026-08-22T13:20:06,Truck,7,6.7,11847.7,Diesel,19.093186,72.83935,49.1,0.15,2547.0,2,68.3,0.0,77.2,0.94,Mountain,Medium,31.6,0.091,0,123.37,19.48,39.7,inefficient_gear
V008,2026-08-22T13:20:07,Truck,7,6.7,11847.7,Diesel,19.093313,72.839452,50.9,0.51,2594.0,2,75.7,0.0,84.4,1.09,Mountain,Medium,27.2,0.105,0,123.36,20.21,39.7,inefficient_gear
V008,2026-08-22T13:20:08,Truck,7,6.7,11847.7,Diesel,19.093442,72.839555,51.6,0.18,2902.0,2,67.4,0.0,91.3,1.25,Mountain,Medium,28.7,0.12,0,123.36,20.47,39.7,inefficient_gear
V008,2026-08-22T13:20:09,Truck,7,6.7,11847.7,Diesel,19.093577,72.839663,54.0,0.68,2915.0,2,62.9,0.0,79.7,1.4,Mountain,Medium,27.2,0.135,0,123.35,21.44,39.7,inefficient_gear
V008,2026-08-22T13:20:10,Truck,7,6.7,11847.7,Diesel,19.093711,72.839771,53.9,-0.02,2739.0,2,66.0,0.0,81.0,1.55,Mountain,Medium,29.1,0.15,0,123.35,21.41,39.7,inefficient_gear
V008,2026-08-22T13:20:11,Truck,7,6.7,11847.7,Diesel,19.093843,72.839876,52.7,-0.35,2691.0,2,69.1,0.0,89.0,1.7,Mountain,Medium,28.0,0.164,0,123.34,20.9,39.7,inefficient_gear
V008,2026-08-22T13:20:12,Truck,7,6.7,11847.7,Diesel,19.093973,72.839981,52.1,-0.16,2706.0,2,68.7,0.0,84.7,1.85,Mountain,Medium,26.0,0.179,0,123.33,20.68,39.7,inefficient_gear
V008,2026-08-22T13:20:13,Truck,7,6.7,11847.7,Diesel,19.094101,72.840083,51.2,-0.24,2685.0,2,60.0,0.0,83.4,2.0,Mountain,Medium,27.6,0.193,0,123.33,20.34,39.7,inefficient_gear
V008,2026-08-22T13:20:14,Truck,7,6.7,11847.7,Diesel,19.094229,72.840185,51.1,-0.03,2663.0,2,75.6,0.0,78.2,2.14,Mountain,Medium,29.2,0.207,0,123.32,20.29,39.7,inefficient_gear
V008,2026-08-22T13:20:15,Truck,7,6.7,11847.7,Diesel,19.094361,72.840291,52.7,0.43,2915.0,2,55.9,0.0,78.0,2.29,Mountain,Medium,28.8,0.222,0,123.32,20.91,39.7,inefficient_gear
V008,2026-08-22T13:20:16,Truck,7,6.7,11847.7,Diesel,19.09449,72.840394,51.6,-0.3,2895.0,2,72.3,0.0,76.6,2.43,Mountain,Medium,25.6,0.236,0,123.31,20.48,39.7,inefficient_gear
V008,2026-08-22T13:20:17,Truck,7,6.7,11847.7,Diesel,19.09462,72.840498,52.0,0.11,2898.0,2,72.6,0.0,87.2,2.57,Mountain,Medium,25.5,0.251,0,123.31,20.63,39.7,inefficient_gear
V008,2026-08-22T13:20:18,Truck,7,6.7,11847.7,Diesel,19.094748,72.8406,51.3,-0.2,2646.0,2,77.9,0.0,83.9,2.71,Mountain,Medium,30.2,0.265,0,123.3,20.35,39.7,inefficient_gear
V008,2026-08-22T13:20:19,Truck,7,6.7,11847.7,Diesel,19.094877,72.840704,51.8,0.14,2738.0,2,55.5,0.0,81.6,2.84,Mountain,Medium,29.5,0.279,0,123.29,20.55,39.7,inefficient_gear
V008,2026-08-22T13:20:20,Truck,7,6.7,11847.7,Diesel,19.095006,72.840806,51.4,-0.1,2668.0,2,56.6,0.0,85.8,2.97,Mountain,Medium,28.2,0.294,0,123.29,20.41,39.7,inefficient_gear
V008,2026-08-22T13:20:21,Truck,7,6.7,11847.7,Diesel,19.095136,72.840911,52.0,0.18,2908.0,2,69.9,0.0,91.2,3.11,Mountain,Medium,27.0,0.308,0,123.28,20.66,39.7,inefficient_gear
V008,2026-08-22T13:20:22,Truck,7,6.7,11847.7,Diesel,19.095268,72.841016,52.7,0.18,2873.0,2,59.5,0.0,83.2,3.23,Mountain,Medium,29.5,0.323,0,123.28,20.92,39.7,inefficient_gear
V008,2026-08-22T13:20:23,Truck,7,6.7,11847.7,Diesel,19.095397,72.841119,51.6,-0.3,2692.0,2,57.8,0.0,81.6,3.36,Mountain,Medium,29.5,0.337,0,123.27,20.49,39.7,inefficient_gear
V008,2026-08-22T13:20:24,Truck,7,6.7,11847.7,Diesel,19.095526,72.841223,51.7,0.03,2661.0,2,56.5,0.0,87.9,3.48,Mountain,Medium,29.5,0.351,0,123.27,20.53,39.7,inefficient_gear
V008,2026-08-22T13:20:25,Truck,7,6.7,11847.7,Diesel,19.095655,72.841326,51.6,-0.03,2859.0,2,73.4,0.0,83.0,3.6,Mountain,Medium,29.5,0.366,0,123.26,20.49,39.7,inefficient_gear
V008,2026-08-22T13:20:26,Truck,7,6.7,11847.7,Diesel,19.095786,72.841431,52.4,0.22,2716.0,2,66.1,0.0,91.1,3.72,Mountain,Medium,28.2,0.38,0,123.25,20.81,39.7,inefficient_gear
V008,2026-08-22T13:20:27,Truck,7,6.7,11847.7,Diesel,19.095918,72.841536,52.8,0.11,2728.0,2,72.5,0.0,80.5,3.83,Mountain,Medium,23.5,0.395,0,123.25,20.96,39.7,inefficient_gear
V008,2026-08-22T13:20:28,Truck,7,6.7,11847.7,Diesel,19.09605,72.841642,52.8,0.0,2699.0,2,59.6,0.0,82.5,3.95,Mountain,Medium,26.6,0.41,0,123.24,20.97,39.7,inefficient_gear
V008,2026-08-22T13:20:29,Truck,7,6.7,11847.7,Diesel,19.096183,72.841748,53.2,0.12,2875.0,2,76.7,0.0,89.9,4.05,Mountain,Medium,29.3,0.424,0,123.24,21.13,39.7,inefficient_gear
V008,2026-08-22T13:20:30,Truck,7,6.7,11847.7,Diesel,19.096317,72.841855,53.4,0.04,2696.0,2,66.1,0.0,84.9,4.16,Mountain,Medium,27.4,0.439,0,123.23,21.19,39.7,inefficient_gear
V008,2026-08-22T13:20:31,Truck,7,6.7,11847.7,Diesel,19.09645,72.841962,53.2,-0.04,2711.0,2,71.7,0.0,79.3,4.26,Mountain,Medium,31.8,0.454,0,123.23,21.14,39.7,inefficient_gear
V008,2026-08-22T13:20:32,Truck,7,6.7,11847.7,Diesel,19.096585,72.84207,54.3,0.29,2886.0,2,62.8,0.0,85.1,4.36,Mountain,Medium,31.1,0.469,0,123.22,21.55,39.7,inefficient_gear
V008,2026-08-22T13:20:33,Truck,7,6.7,11847.7,Diesel,19.096725,72.842182,56.1,0.5,2928.0,2,74.3,0.0,78.1,4.45,Mountain,Medium,26.8,0.485,0,123.21,22.26,39.7,inefficient_gear
V008,2026-08-22T13:20:34,Truck,7,6.7,11847.7,Diesel,19.096867,72.842296,56.7,0.17,2885.0,2,70.2,0.0,79.5,4.54,Mountain,Medium,27.0,0.5,0,123.21,22.51,39.7,inefficient_gear
V008,2026-08-22T13:20:35,Truck,7,6.7,11847.7,Diesel,19.097013,72.842412,58.3,0.45,2970.0,2,73.4,0.0,92.0,4.63,Mountain,Medium,26.4,0.517,0,123.2,23.16,39.7,inefficient_gear
V008,2026-08-22T13:20:36,Truck,7,6.7,11847.7,Diesel,19.097157,72.842527,57.5,-0.24,2890.0,2,62.8,0.0,85.9,4.71,Mountain,Medium,28.1,0.533,0,123.19,22.82,39.7,inefficient_gear
V008,2026-08-22T13:20:37,Truck,7,6.7,11847.7,Diesel,19.097303,72.842644,58.3,0.24,2992.0,2,63.4,0.0,78.1,4.79,Mountain,Medium,30.1,0.549,0,123.19,23.16,39.7,inefficient_gear
V008,2026-08-22T13:20:38,Truck,7,6.7,11847.7,Diesel,19.097449,72.842761,58.7,0.11,3022.0,2,75.5,0.0,87.6,4.87,Mountain,Medium,28.3,0.565,0,123.18,23.32,39.7,inefficient_gear
V008,2026-08-22T13:20:39,Truck,7,6.7,11847.7,Diesel,19.097597,72.842879,59.0,0.09,3027.0,2,73.9,0.0,86.4,4.94,Mountain,Medium,29.9,0.581,0,123.17,23.44,39.7,inefficient_gear
V008,2026-08-22T13:20:40,Truck,7,6.7,11847.7,Diesel,19.097744,72.842997,58.8,-0.06,2915.0,2,67.0,0.0,77.0,5.0,Mountain,Medium,27.3,0.598,0,123.17,23.35,39.7,inefficient_gear
V008,2026-08-22T13:20:41,Truck,7,6.7,11847.7,Diesel,19.097892,72.843115,59.1,0.09,2915.0,2,58.9,0.0,76.9,5.07,Mountain,Medium,27.1,0.614,0,123.16,23.48,39.7,inefficient_gear
V008,2026-08-22T13:20:42,Truck,7,6.7,11847.7,Diesel,19.098039,72.843233,58.9,-0.06,2924.0,2,60.6,0.0,78.8,5.13,Mountain,Medium,27.6,0.631,0,123.16,23.4,39.7,inefficient_gear
V008,2026-08-22T13:20:43,Truck,7,6.7,11847.7,Diesel,19.098187,72.843352,59.1,0.06,3039.0,2,59.9,0.0,90.7,5.18,Mountain,Medium,30.9,0.647,0,123.15,23.48,39.7,inefficient_gear
V008,2026-08-22T13:20:44,Truck,7,6.7,11847.7,Diesel,19.098334,72.843469,58.7,-0.12,2908.0,2,72.5,0.0,87.5,5.23,Mountain,Medium,26.0,0.663,0,123.14,23.31,39.7,inefficient_gear
V008,2026-08-22T13:20:45,Truck,7,6.7,11847.7,Diesel,19.09848,72.843586,58.6,-0.02,2962.0,2,59.3,0.0,87.9,5.28,Mountain,Medium,25.5,0.68,0,123.14,23.28,39.7,inefficient_gear
V008,2026-08-22T13:20:46,Truck,7,6.7,11847.7,Diesel,19.098626,72.843703,58.3,-0.09,2928.0,2,75.4,0.0,82.6,5.32,Mountain,Medium,26.8,0.696,0,123.13,23.15,39.7,inefficient_gear
V008,2026-08-22T13:20:47,Truck,7,6.7,11847.7,Diesel,19.098772,72.843819,58.3,0.0,2992.0,2,62.7,0.0,88.2,5.36,Mountain,Medium,30.0,0.712,0,123.12,23.15,39.7,inefficient_gear
V008,2026-08-22T13:20:48,Truck,7,6.7,11847.7,Diesel,19.09892,72.843938,59.2,0.24,2944.0,2,67.0,0.0,90.6,5.39,Mountain,Medium,28.2,0.728,0,123.12,23.5,39.7,inefficient_gear
V008,2026-08-22T13:20:49,Truck,7,6.7,11847.7,Diesel,19.09907,72.844058,59.9,0.21,2879.0,2,76.1,0.0,82.3,5.42,Mountain,Medium,25.7,0.745,0,123.11,23.8,39.7,inefficient_gear
V008,2026-08-22T13:20:50,Truck,7,6.7,11847.7,Diesel,19.099219,72.844177,59.6,-0.09,3041.0,2,56.3,0.0,77.6,5.44,Mountain,Medium,26.4,0.762,0,123.1,23.67,39.7,inefficient_gear
V008,2026-08-22T13:20:51,Truck,7,6.7,11847.7,Diesel,19.099368,72.844296,59.7,0.01,3027.0,2,72.6,0.0,79.5,5.46,Mountain,Medium,30.4,0.778,0,123.1,23.69,39.7,inefficient_gear
V008,2026-08-22T13:20:52,Truck,7,6.7,11847.7,Diesel,19.099519,72.844417,60.5,0.24,3115.0,2,80.0,0.0,78.0,5.48,Mountain,Medium,29.0,0.795,0,123.09,24.03,39.7,inefficient_gear
V008,2026-08-22T13:20:53,Truck,7,6.7,11847.7,Diesel,19.099675,72.844542,62.2,0.47,2918.0,2,78.2,0.0,79.9,5.49,Mountain,Medium,28.5,0.812,0,123.08,24.7,39.7,inefficient_gear
V008,2026-08-22T13:20:54,Truck,7,6.7,11847.7,Diesel,19.099829,72.844665,61.9,-0.1,2942.0,2,64.5,0.0,76.4,5.5,Mountain,Medium,26.0,0.83,0,123.08,24.56,39.7,inefficient_gear
V008,2026-08-22T13:20:55,Truck,7,6.7,11847.7,Diesel,19.099982,72.844788,61.1,-0.2,3066.0,2,62.2,0.0,80.9,5.5,Mountain,Medium,26.8,0.846,0,123.07,24.27,39.7,inefficient_gear
V008,2026-08-22T13:20:56,Truck,7,6.7,11847.7,Diesel,19.100138,72.844912,62.3,0.33,2873.0,2,70.9,0.0,76.9,5.5,Mountain,Medium,30.3,0.864,0,123.06,24.75,39.7,inefficient_gear
V008,2026-08-22T13:20:57,Truck,7,6.7,11847.7,Diesel,19.100296,72.845039,63.2,0.24,2866.0,2,57.9,0.0,83.3,5.49,Mountain,Medium,27.6,0.881,0,123.06,25.09,39.7,inefficient_gear
V008,2026-08-22T13:20:58,Truck,7,6.7,11847.7,Diesel,19.100454,72.845165,63.0,-0.05,2932.0,2,64.0,0.0,77.6,5.48,Mountain,Medium,29.7,0.899,0,123.05,25.02,39.7,inefficient_gear
V008,2026-08-22T13:20:59,Truck,7,6.7,11847.7,Diesel,19.100613,72.845293,63.9,0.23,2875.0,2,75.4,0.0,79.9,5.46,Mountain,Medium,28.2,0.917,0,123.04,25.35,39.7,inefficient_gear
V008,2026-08-22T13:21:00,Truck,7,6.7,11847.7,Diesel,19.100774,72.845421,64.1,0.06,3200.0,2,66.3,0.0,89.0,5.44,Mountain,Medium,27.6,0.934,0,123.03,25.44,39.7,inefficient_gear
V008,2026-08-22T13:21:01,Truck,7,6.7,11847.7,Diesel,19.100936,72.845551,65.2,0.31,3200.0,2,56.3,0.0,85.1,5.42,Mountain,Medium,28.3,0.953,0,123.03,25.88,39.7,inefficient_gear
V008,2026-08-22T13:21:02,Truck,7,6.7,11847.7,Diesel,19.1011,72.845682,65.4,0.07,3200.0,2,65.4,0.0,82.6,5.39,Mountain,Medium,27.1,0.971,0,123.02,25.98,39.7,inefficient_gear
V008,2026-08-22T13:21:03,Truck,7,6.7,11847.7,Diesel,19.101265,72.845814,66.0,0.16,3200.0,2,61.2,0.0,78.3,5.36,Mountain,Medium,29.1,0.989,0,123.01,26.21,39.7,inefficient_gear
V008,2026-08-22T13:21:04,Truck,7,6.7,11847.7,Diesel,19.101431,72.845947,66.4,0.11,2940.0,2,66.3,0.0,79.8,5.32,Mountain,Medium,26.0,1.007,0,123.01,26.37,39.7,inefficient_gear
V008,2026-08-22T13:21:05,Truck,7,6.7,11847.7,Diesel,19.101595,72.846078,65.6,-0.23,3200.0,2,65.6,0.0,84.3,5.28,Mountain,Medium,34.8,1.026,0,123.0,26.04,39.7,inefficient_gear
V008,2026-08-22T13:21:06,Truck,7,6.7,11847.7,Diesel,19.101758,72.846208,65.2,-0.1,3200.0,2,57.5,0.0,89.9,5.23,Mountain,Medium,30.4,1.044,0,122.99,25.89,39.7,inefficient_gear
V008,2026-08-22T13:21:07,Truck,7,6.7,11847.7,Diesel,19.101925,72.846342,66.7,0.42,3200.0,2,59.9,0.0,75.8,5.18,Mountain,Medium,29.9,1.062,0,122.98,26.49,39.7,inefficient_gear
V008,2026-08-22T13:21:08,Truck,7,6.7,11847.7,Diesel,19.10209,72.846474,66.1,-0.18,3200.0,2,65.7,0.0,88.6,5.12,Mountain,Medium,26.7,1.081,0,122.98,26.24,39.7,inefficient_gear
V008,2026-08-22T13:21:09,Truck,7,6.7,11847.7,Diesel,19.102253,72.846605,65.3,-0.22,2958.0,2,79.2,0.0,86.5,5.06,Mountain,Medium,26.9,1.099,0,122.97,25.92,39.7,inefficient_gear
V008,2026-08-22T13:21:10,Truck,7,6.7,11847.7,Diesel,19.102416,72.846735,65.1,-0.04,3200.0,2,79.3,0.0,87.7,5.0,Mountain,Medium,28.5,1.117,0,122.96,25.86,39.7,inefficient_gear
V008,2026-08-22T13:21:11,Truck,7,6.7,11847.7,Diesel,19.10258,72.846866,65.3,0.05,3200.0,2,65.9,0.0,85.7,4.93,Mountain,Medium,27.5,1.135,0,122.95,25.93,39.7,inefficient_gear
V008,2026-08-22T13:21:12,Truck,7,6.7,11847.7,Diesel,19.102748,72.847,67.2,0.53,3200.0,2,70.5,0.0,89.4,4.86,Mountain,Medium,28.8,1.154,0,122.95,26.69,39.7,inefficient_gear
V008,2026-08-22T13:21:13,Truck,7,6.7,11847.7,Diesel,19.102912,72.847131,65.7,-0.41,2928.0,2,66.3,0.0,76.2,4.79,Mountain,Medium,27.3,1.172,0,122.94,26.1,39.7,inefficient_gear
V008,2026-08-22T13:21:14,Truck,7,6.7,11847.7,Diesel,19.103079,72.847265,66.8,0.29,3200.0,2,71.7,0.0,89.8,4.71,Mountain,Medium,28.6,1.191,0,122.93,26.52,39.7,inefficient_gear
V008,2026-08-22T13:21:15,Truck,7,6.7,11847.7,Diesel,19.103246,72.847398,66.7,-0.03,2915.0,2,65.3,0.0,89.0,4.62,Mountain,Medium,28.8,1.209,0,122.93,26.48,39.7,inefficient_gear
V008,2026-08-22T13:21:16,Truck,7,6.7,11847.7,Diesel,19.103411,72.847531,66.1,-0.16,3200.0,2,71.7,0.0,91.9,4.54,Mountain,Medium,28.8,1.227,0,122.92,26.25,39.7,inefficient_gear
V008,2026-08-22T13:21:17,Truck,7,6.7,11847.7,Diesel,19.103574,72.847661,65.3,-0.23,3200.0,2,66.1,0.0,81.1,4.45,Mountain,Medium,27.9,1.246,0,122.91,25.92,39.7,inefficient_gear
V008,2026-08-22T13:21:18,Truck,7,6.7,11847.7,Diesel,19.103738,72.847792,65.4,0.04,2874.0,2,66.1,0.0,86.7,4.35,Mountain,Medium,31.9,1.264,0,122.9,25.98,39.7,inefficient_gear
V008,2026-08-22T13:21:19,Truck,7,6.7,11847.7,Diesel,19.103903,72.847924,66.1,0.18,3200.0,2,61.0,0.0,87.7,4.25,Mountain,Medium,29.6,1.282,0,122.9,26.24,39.7,inefficient_gear
V008,2026-08-22T13:21:20,Truck,7,6.7,11847.7,Diesel,19.104069,72.848057,66.3,0.05,3200.0,2,59.1,0.0,86.1,4.15,Mountain,Medium,28.5,1.301,0,122.89,26.31,39.7,inefficient_gear
V008,2026-08-22T13:21:21,Truck,7,6.7,11847.7,Diesel,19.104235,72.84819,66.5,0.05,3200.0,2,58.2,0.0,91.5,4.05,Mountain,Medium,30.2,1.319,0,122.88,26.38,39.7,inefficient_gear
V008,2026-08-22T13:21:22,Truck,7,6.7,11847.7,Diesel,19.104403,72.848325,67.4,0.26,2908.0,2,77.4,0.0,89.3,3.94,Mountain,Medium,27.6,1.338,0,122.87,26.75,39.7,inefficient_gear
V008,2026-08-22T13:21:23,Truck,7,6.7,11847.7,Diesel,19.104573,72.84846,68.0,0.16,3200.0,2,78.1,0.0,79.1,3.83,Mountain,Medium,29.8,1.357,0,122.87,26.98,39.7,inefficient_gear
V008,2026-08-22T13:21:24,Truck,7,6.7,11847.7,Diesel,19.104744,72.848597,68.5,0.14,3200.0,2,67.1,0.0,86.8,3.72,Mountain,Medium,28.5,1.376,0,122.86,27.18,39.7,inefficient_gear
V008,2026-08-22T13:21:25,Truck,7,6.7,11847.7,Diesel,19.104918,72.848736,69.3,0.24,3200.0,2,56.7,0.0,87.0,3.6,Mountain,Medium,29.6,1.395,0,122.85,27.53,39.7,inefficient_gear
V008,2026-08-22T13:21:26,Truck,7,6.7,11847.7,Diesel,19.105092,72.848876,69.7,0.12,3200.0,2,78.3,0.0,79.0,3.48,Mountain,Medium,30.2,1.414,0,122.84,27.69,39.7,inefficient_gear
V008,2026-08-22T13:21:27,Truck,7,6.7,11847.7,Diesel,19.105263,72.849013,68.5,-0.33,3200.0,2,72.8,0.0,83.1,3.35,Mountain,Medium,30.2,1.433,0,122.84,27.22,39.7,inefficient_gear
V008,2026-08-22T13:21:28,Truck,7,6.7,11847.7,Diesel,19.105435,72.84915,68.5,-0.01,3200.0,2,62.6,0.0,85.2,3.23,Mountain,Medium,25.4,1.452,0,122.83,27.19,39.7,inefficient_gear
V008,2026-08-22T13:21:29,Truck,7,6.7,11847.7,Diesel,19.105607,72.849287,68.8,0.07,3200.0,2,74.1,0.0,78.0,3.1,Mountain,Medium,28.4,1.471,0,122.82,27.3,39.7,inefficient_gear
V008,2026-08-22T13:21:30,Truck,7,6.7,11847.7,Diesel,19.10578,72.849426,69.3,0.16,3200.0,2,74.3,0.0,87.9,2.97,Mountain,Medium,26.0,1.491,0,122.81,27.52,39.7,inefficient_gear
V008,2026-08-22T13:21:31,Truck,7,6.7,11847.7,Diesel,19.105958,72.849568,71.1,0.5,3200.0,2,64.1,0.0,81.2,2.84,Mountain,Medium,25.1,1.51,0,122.81,28.23,39.7,inefficient_gear
V008,2026-08-22T13:21:32,Truck,7,6.7,11847.7,Diesel,19.106137,72.849712,71.8,0.18,2902.0,2,67.4,0.0,77.6,2.7,Mountain,Medium,26.7,1.53,0,122.8,28.49,39.7,inefficient_gear
V008,2026-08-22T13:21:33,Truck,7,6.7,11847.7,Diesel,19.106314,72.849853,70.9,-0.24,3200.0,2,70.7,0.0,85.6,2.56,Mountain,Medium,28.8,1.55,0,122.79,28.15,39.7,inefficient_gear
V008,2026-08-22T13:21:34,Truck,7,6.7,11847.7,Diesel,19.106489,72.849993,69.9,-0.29,2865.0,2,57.2,0.0,83.9,2.42,Mountain,Medium,26.5,1.569,0,122.78,27.74,39.7,inefficient_gear
V008,2026-08-22T13:21:35,Truck,7,6.7,11847.7,Diesel,19.106665,72.850133,70.2,0.08,3200.0,2,72.8,0.0,80.7,2.28,Mountain,Medium,27.0,1.589,0,122.77,27.86,39.7,inefficient_gear
V008,2026-08-22T13:21:36,Truck,7,6.7,11847.7,Diesel,19.10684,72.850274,70.2,0.01,2837.0,2,56.7,0.0,75.9,2.14,Mountain,Medium,28.5,1.608,0,122.77,27.88,39.7,inefficient_gear
V008,2026-08-22T13:21:37,Truck,7,6.7,11847.7,Diesel,19.10702,72.850418,72.1,0.53,3200.0,2,69.1,0.0,91.0,1.99,Mountain,Medium,29.6,1.628,0,122.76,28.64,39.7,inefficient_gear
V008,2026-08-22T13:21:38,Truck,7,6.7,11847.7,Diesel,19.107202,72.850563,72.5,0.1,3200.0,2,64.1,0.0,79.3,1.84,Mountain,Medium,26.0,1.649,0,122.75,28.78,39.7,inefficient_gear
V008,2026-08-22T13:21:39,Truck,7,6.7,11847.7,Diesel,19.107385,72.85071,73.5,0.28,2844.0,2,63.0,0.0,79.1,1.69,Mountain,Medium,28.1,1.669,0,122.74,29.18,39.7,inefficient_gear
V008,2026-08-22T13:21:40,Truck,7,6.7,11847.7,Diesel,19.10757,72.850858,73.8,0.08,3200.0,2,66.1,0.0,81.5,1.54,Mountain,Medium,26.3,1.69,0,122.73,29.29,39.7,inefficient_gear
V008,2026-08-22T13:21:41,Truck,7,6.7,11847.7,Diesel,19.107756,72.851007,74.5,0.2,2898.0,2,65.3,0.0,79.0,1.39,Mountain,Medium,30.5,1.71,0,122.73,29.57,39.7,inefficient_gear
V008,2026-08-22T13:21:42,Truck,7,6.7,11847.7,Diesel,19.107943,72.851157,75.0,0.14,3200.0,2,73.0,0.0,75.8,1.24,Mountain,Medium,27.3,1.731,0,122.72,29.77,39.7,inefficient_gear
V008,2026-08-22T13:21:43,Truck,7,6.7,11847.7,Diesel,19.10813,72.851306,74.8,-0.06,3200.0,2,62.9,0.0,86.7,1.09,Mountain,Medium,25.8,1.752,0,122.71,29.69,39.7,inefficient_gear
V008,2026-08-22T13:21:44,Truck,7,6.7,11847.7,Diesel,19.108318,72.851456,75.0,0.12,3200.0,2,61.7,0.0,85.6,0.93,Mountain,Medium,26.8,1.773,0,122.7,29.78,39.7,inefficient_gear
V008,2026-08-22T13:21:45,Truck,7,6.7,11847.7,Diesel,19.108505,72.851606,74.9,-0.03,3200.0,2,67.8,0.0,85.9,0.78,Mountain,Medium,27.7,1.793,0,122.69,29.73,39.7,inefficient_gear
V008,2026-08-22T13:21:46,Truck,7,6.7,11847.7,Diesel,19.108693,72.851756,75.0,0.15,3200.0,2,60.2,0.0,82.3,0.62,Mountain,Medium,27.3,1.814,0,122.69,29.78,39.7,inefficient_gear
V008,2026-08-22T13:21:47,Truck,7,6.7,11847.7,Diesel,19.10888,72.851906,75.0,0.23,3200.0,2,60.6,0.0,82.0,0.46,Mountain,Medium,28.3,1.835,0,122.68,29.78,39.7,inefficient_gear
V008,2026-08-22T13:21:48,Truck,7,6.7,11847.7,Diesel,19.109068,72.852056,75.0,0.19,3200.0,2,59.1,0.0,79.8,0.31,Mountain,Medium,27.9,1.856,0,122.67,29.78,39.7,inefficient_gear
V008,2026-08-22T13:21:49,Truck,7,6.7,11847.7,Diesel,19.109255,72.852206,75.0,0.4,3200.0,2,67.0,0.0,90.3,0.15,Mountain,Medium,28.4,1.877,0,122.66,29.78,39.7,inefficient_gear
V008,2026-08-22T13:21:50,Truck,7,6.7,11847.7,Diesel,19.109443,72.852356,75.0,0.38,2898.0,2,66.9,0.0,75.6,-0.01,Mountain,Medium,25.1,1.898,0,122.65,29.78,39.7,inefficient_gear
V008,2026-08-22T13:21:51,Truck,7,6.7,11847.7,Diesel,19.10963,72.852506,75.0,0.1,3200.0,2,62.3,0.0,84.3,-0.16,Mountain,Medium,27.8,1.918,0,122.64,29.78,39.7,inefficient_gear
V008,2026-08-22T13:21:52,Truck,7,6.7,11847.7,Diesel,19.109818,72.852656,75.0,0.31,2882.0,2,71.1,0.0,87.3,-0.32,Mountain,Medium,29.7,1.939,0,122.64,29.78,39.7,inefficient_gear
V008,2026-08-22T13:21:53,Truck,7,6.7,11847.7,Diesel,19.110005,72.852806,75.0,0.41,3200.0,2,58.2,0.0,85.3,-0.48,Mountain,Medium,30.2,1.96,0,122.63,29.78,39.7,inefficient_gear
V008,2026-08-22T13:21:54,Truck,7,6.7,11847.7,Diesel,19.110191,72.852955,74.4,-0.17,3200.0,2,64.9,0.0,75.4,-0.63,Mountain,Medium,30.5,1.981,0,122.62,29.54,39.7,inefficient_gear
V008,2026-08-22T13:21:55,Truck,7,6.7,11847.7,Diesel,19.110378,72.853104,74.6,0.06,3200.0,2,66.0,0.0,81.5,-0.79,Mountain,Medium,26.4,2.002,0,122.61,29.63,39.7,inefficient_gear
V008,2026-08-22T13:21:56,Truck,7,6.7,11847.7,Diesel,19.110565,72.853254,75.0,0.16,3200.0,2,62.3,0.0,90.3,-0.95,Mountain,Medium,28.5,2.022,0,122.6,29.78,39.7,inefficient_gear
V008,2026-08-22T13:21:57,Truck,7,6.7,11847.7,Diesel,19.110753,72.853404,75.0,0.24,3200.0,2,69.6,0.0,91.1,-1.1,Mountain,Medium,31.6,2.043,0,122.59,29.78,39.7,inefficient_gear
V008,2026-08-22T13:21:58,Truck,7,6.7,11847.7,Diesel,19.11094,72.853554,75.0,0.08,2842.0,2,55.5,0.0,90.1,-1.25,Mountain,Medium,28.3,2.064,0,122.59,29.78,39.7,inefficient_gear
V008,2026-08-22T13:21:59,Truck,7,6.7,11847.7,Diesel,19.111128,72.853704,75.0,0.31,2919.0,2,69.9,0.0,86.2,-1.41,Mountain,Medium,26.6,2.085,0,122.58,29.78,39.7,inefficient_gear
V008,2026-08-22T15:20:00,Truck,7,6.7,16338.9,Diesel,19.078321,72.876197,0.0,0.0,1375.0,0,0.0,47.5,16.9,1.08,Urban,Medium,28.9,0.0,1,84.08,2.67,99.9,excessive_idling
V008,2026-08-22T15:20:01,Truck,7,6.7,16338.9,Diesel,19.078321,72.876197,0.0,0.0,1375.0,0,0.0,50.7,13.1,2.58,Urban,Medium,30.0,0.0,2,84.08,2.66,99.9,excessive_idling
V008,2026-08-22T15:20:02,Truck,7,6.7,16338.9,Diesel,19.078321,72.876197,0.0,0.0,1382.0,0,0.0,34.2,15.3,-0.03,Urban,Medium,28.1,0.0,3,84.08,2.6,99.9,excessive_idling
V008,2026-08-22T15:20:03,Truck,7,6.7,16338.9,Diesel,19.078321,72.876197,0.0,0.0,1375.0,0,0.0,43.4,16.4,2.15,Urban,Medium,26.4,0.0,4,84.08,2.61,99.9,excessive_idling
V008,2026-08-22T15:20:04,Truck,7,6.7,16338.9,Diesel,19.078321,72.876197,0.0,0.0,1390.0,0,0.0,36.7,12.3,-1.51,Urban,Medium,27.1,0.0,5,84.08,2.74,99.9,excessive_idling
V008,2026-08-22T15:20:05,Truck,7,6.7,16338.9,Diesel,19.078321,72.876197,0.0,0.0,1365.0,0,0.0,40.2,15.6,-1.71,Urban,Medium,29.0,0.0,6,84.08,2.84,99.9,excessive_idling
V008,2026-08-22T15:20:06,Truck,7,6.7,16338.9,Diesel,19.078321,72.876197,0.0,0.0,1360.0,0,0.0,36.5,16.0,-0.98,Urban,Medium,30.3,0.0,7,84.07,2.62,99.9,excessive_idling
V008,2026-08-22T15:20:07,Truck,7,6.7,16338.9,Diesel,19.078321,72.876197,0.0,0.0,1378.0,0,0.0,38.8,15.4,1.36,Urban,Medium,28.8,0.0,8,84.07,2.83,99.9,excessive_idling
V008,2026-08-22T15:20:08,Truck,7,6.7,16338.9,Diesel,19.078321,72.876197,0.0,0.0,1374.0,0,0.0,37.8,14.4,-0.48,Urban,Medium,28.9,0.0,9,84.07,2.76,99.9,excessive_idling
V008,2026-08-22T15:20:09,Truck,7,6.7,16338.9,Diesel,19.078321,72.876197,0.0,0.0,1402.0,0,0.0,58.8,12.5,-0.89,Urban,Medium,26.6,0.0,10,84.07,2.71,99.9,excessive_idling
V008,2026-08-22T15:20:10,Truck,7,6.7,16338.9,Diesel,19.078321,72.876197,0.0,0.0,1359.0,0,0.0,32.2,13.5,-2.7,Urban,Medium,29.2,0.0,11,84.07,2.66,99.9,excessive_idling
V008,2026-08-22T15:20:11,Truck,7,6.7,16338.9,Diesel,19.078321,72.876197,0.0,0.0,1351.0,0,0.0,45.6,16.8,1.61,Urban,Medium,28.4,0.0,12,84.07,2.72,99.9,excessive_idling
V008,2026-08-22T15:20:12,Truck,7,6.7,16338.9,Diesel,19.078321,72.876197,0.0,0.0,1362.0,0,0.0,46.0,15.7,0.28,Urban,Medium,26.9,0.0,13,84.07,2.72,99.9,excessive_idling
V008,2026-08-22T15:20:13,Truck,7,6.7,16338.9,Diesel,19.078321,72.876197,0.0,0.0,1376.0,0,0.0,55.7,15.2,-2.35,Urban,Medium,26.5,0.0,14,84.07,2.69,99.9,excessive_idling
V008,2026-08-22T15:20:14,Truck,7,6.7,16338.9,Diesel,19.078321,72.876197,0.0,0.0,1342.0,0,0.0,30.2,17.9,2.6,Urban,Medium,30.9,0.0,15,84.07,2.68,99.9,excessive_idling
V008,2026-08-22T15:20:15,Truck,7,6.7,16338.9,Diesel,19.078321,72.876197,0.0,0.0,1356.0,0,0.0,52.4,16.7,1.09,Urban,Medium,27.8,0.0,16,84.07,2.86,99.9,excessive_idling
V008,2026-08-22T15:20:16,Truck,7,6.7,16338.9,Diesel,19.078321,72.876197,0.0,0.0,1375.0,0,0.0,45.0,17.2,-1.12,Urban,Medium,27.2,0.0,17,84.07,2.67,99.9,excessive_idling
V008,2026-08-22T15:20:17,Truck,7,6.7,16338.9,Diesel,19.078321,72.876197,0.0,0.0,1383.0,0,0.0,59.0,15.7,1.36,Urban,Medium,28.3,0.0,18,84.07,2.79,99.9,excessive_idling
V008,2026-08-22T15:20:18,Truck,7,6.7,16338.9,Diesel,19.078321,72.876197,0.0,0.0,1381.0,0,0.0,40.4,12.8,-0.39,Urban,Medium,28.6,0.0,19,84.07,2.5,99.9,excessive_idling
V008,2026-08-22T15:20:19,Truck,7,6.7,16338.9,Diesel,19.078321,72.876197,0.0,0.0,1379.0,0,0.0,39.3,17.8,0.28,Urban,Medium,28.3,0.0,20,84.07,2.63,99.9,excessive_idling
V008,2026-08-22T15:20:20,Truck,7,6.7,16338.9,Diesel,19.078321,72.876197,0.0,0.0,1368.0,0,0.0,44.4,14.7,-0.87,Urban,Medium,25.6,0.0,21,84.06,2.72,99.9,excessive_idling
V008,2026-08-22T15:20:21,Truck,7,6.7,16338.9,Diesel,19.078321,72.876197,0.0,0.0,1369.0,0,0.0,44.2,12.1,-0.39,Urban,Medium,29.9,0.0,22,84.06,2.79,99.9,excessive_idling
V008,2026-08-22T15:20:22,Truck,7,6.7,16338.9,Diesel,19.078321,72.876197,0.0,0.0,1361.0,0,0.0,49.5,14.2,0.74,Urban,Medium,30.2,0.0,23,84.06,2.85,99.9,excessive_idling
V008,2026-08-22T15:20:23,Truck,7,6.7,16338.9,Diesel,19.078321,72.876197,0.0,0.0,1376.0,0,0.0,51.0,14.9,-1.36,Urban,Medium,28.9,0.0,24,84.06,2.73,99.9,excessive_idling
V008,2026-08-22T15:20:24,Truck,7,6.7,16338.9,Diesel,19.078321,72.876197,0.0,0.0,1356.0,0,0.0,51.7,16.3,4.31,Urban,Medium,29.7,0.0,25,84.06,2.71,99.9,excessive_idling
V008,2026-08-22T15:20:25,Truck,7,6.7,16338.9,Diesel,19.078321,72.876197,0.0,0.0,1405.0,0,0.0,44.9,14.1,1.22,Urban,Medium,27.7,0.0,26,84.06,2.61,99.9,excessive_idling
V008,2026-08-22T15:20:26,Truck,7,6.7,16338.9,Diesel,19.078321,72.876197,0.0,0.0,1374.0,0,0.0,47.0,15.0,2.26,Urban,Medium,29.3,0.0,27,84.06,2.75,99.9,excessive_idling
V008,2026-08-22T15:20:27,Truck,7,6.7,16338.9,Diesel,19.078321,72.876197,0.0,0.0,1368.0,0,0.0,38.1,15.8,-0.29,Urban,Medium,25.0,0.0,28,84.06,2.77,99.9,excessive_idling
V008,2026-08-22T15:20:28,Truck,7,6.7,16338.9,Diesel,19.078321,72.876197,0.0,0.0,1377.0,0,0.0,48.2,17.7,0.0,Urban,Medium,27.1,0.0,29,84.06,2.64,99.9,excessive_idling
V008,2026-08-22T15:20:29,Truck,7,6.7,16338.9,Diesel,19.078321,72.876197,0.0,0.0,1378.0,0,0.0,40.9,13.8,-0.47,Urban,Medium,29.4,0.0,30,84.06,2.8,99.9,excessive_idling
V008,2026-08-22T15:20:30,Truck,7,6.7,16338.9,Diesel,19.078321,72.876197,0.0,0.0,1366.0,0,0.0,49.7,12.3,-0.13,Urban,Medium,29.3,0.0,31,84.06,2.66,99.9,excessive_idling
V008,2026-08-22T15:20:31,Truck,7,6.7,16338.9,Diesel,19.078321,72.876197,0.0,0.0,1392.0,0,0.0,44.2,17.7,-0.68,Urban,Medium,30.0,0.0,32,84.06,2.64,99.9,excessive_idling
V008,2026-08-22T15:20:32,Truck,7,6.7,16338.9,Diesel,19.078321,72.876197,0.0,0.0,1377.0,0,0.0,32.9,16.2,-1.36,Urban,Medium,27.1,0.0,33,84.06,2.67,99.9,excessive_idling
V008,2026-08-22T15:20:33,Truck,7,6.7,16338.9,Diesel,19.078321,72.876197,0.0,0.0,1377.0,0,0.0,45.0,14.1,1.01,Urban,Medium,29.6,0.0,34,84.05,2.73,99.9,excessive_idling
V008,2026-08-22T15:20:34,Truck,7,6.7,16338.9,Diesel,19.078321,72.876197,0.0,0.0,1357.0,0,0.0,40.1,12.1,-0.67,Urban,Medium,24.7,0.0,35,84.05,2.7,99.9,excessive_idling
V008,2026-08-22T15:20:35,Truck,7,6.7,16338.9,Diesel,19.078321,72.876197,0.0,0.0,1343.0,0,0.0,42.0,17.4,-0.75,Urban,Medium,27.0,0.0,36,84.05,2.87,99.9,excessive_idling
V008,2026-08-22T15:20:36,Truck,7,6.7,16338.9,Diesel,19.078321,72.876197,0.0,0.0,1415.0,0,0.0,32.0,17.8,-1.62,Urban,Medium,29.4,0.0,37,84.05,2.77,99.9,excessive_idling
V008,2026-08-22T15:20:37,Truck,7,6.7,16338.9,Diesel,19.078321,72.876197,0.0,0.0,1357.0,0,0.0,33.8,13.2,-0.53,Urban,Medium,27.1,0.0,38,84.05,2.8,99.9,excessive_idling
V008,2026-08-22T15:20:38,Truck,7,6.7,16338.9,Diesel,19.078321,72.876197,0.0,0.0,1382.0,0,0.0,44.2,16.5,-1.93,Urban,Medium,25.9,0.0,39,84.05,2.66,99.9,excessive_idling
V008,2026-08-22T15:20:39,Truck,7,6.7,16338.9,Diesel,19.078321,72.876197,0.0,0.0,1349.0,0,0.0,59.8,16.2,0.14,Urban,Medium,23.5,0.0,40,84.05,2.57,99.9,excessive_idling
V008,2026-08-22T15:20:40,Truck,7,6.7,16338.9,Diesel,19.078321,72.876197,0.0,0.0,1364.0,0,0.0,53.4,13.1,-1.05,Urban,Medium,28.1,0.0,41,84.05,2.74,99.9,excessive_idling
V008,2026-08-22T15:20:41,Truck,7,6.7,16338.9,Diesel,19.078321,72.876197,0.0,0.0,1356.0,0,0.0,44.1,12.2,-0.72,Urban,Medium,28.0,0.0,42,84.05,2.59,99.9,excessive_idling
V008,2026-08-22T15:20:42,Truck,7,6.7,16338.9,Diesel,19.078321,72.876197,0.0,0.0,1377.0,0,0.0,36.9,15.9,-0.62,Urban,Medium,25.7,0.0,43,84.05,2.76,99.9,excessive_idling
V008,2026-08-22T15:20:43,Truck,7,6.7,16338.9,Diesel,19.078321,72.876197,0.0,0.0,1359.0,0,0.0,53.8,14.5,2.18,Urban,Medium,26.7,0.0,44,84.05,2.7,99.9,excessive_idling
V008,2026-08-22T15:20:44,Truck,7,6.7,16338.9,Diesel,19.078321,72.876197,0.0,0.0,1363.0,0,0.0,58.2,17.1,0.91,Urban,Medium,26.6,0.0,45,84.05,2.74,99.9,excessive_idling
V008,2026-08-22T15:20:45,Truck,7,6.7,16338.9,Diesel,19.078321,72.876197,0.0,0.0,1358.0,0,0.0,32.0,13.8,-1.21,Urban,Medium,26.5,0.0,46,84.05,2.77,99.9,excessive_idling
V008,2026-08-22T15:20:46,Truck,7,6.7,16338.9,Diesel,19.078321,72.876197,0.0,0.0,1380.0,0,0.0,41.2,16.8,-1.11,Urban,Medium,28.8,0.0,47,84.04,2.65,99.9,excessive_idling
V008,2026-08-22T15:20:47,Truck,7,6.7,16338.9,Diesel,19.078321,72.876197,0.0,0.0,1357.0,0,0.0,32.7,16.5,0.93,Urban,Medium,29.9,0.0,48,84.04,2.76,99.9,excessive_idling
V008,2026-08-22T15:20:48,Truck,7,6.7,16338.9,Diesel,19.078321,72.876197,0.0,0.0,1359.0,0,0.0,33.3,13.3,-2.58,Urban,Medium,28.7,0.0,49,84.04,2.76,99.9,excessive_idling
V008,2026-08-22T15:20:49,Truck,7,6.7,16338.9,Diesel,19.078321,72.876197,0.0,0.0,1402.0,0,0.0,50.1,15.8,1.51,Urban,Medium,27.3,0.0,50,84.04,2.76,99.9,excessive_idling
V008,2026-08-22T15:20:50,Truck,7,6.7,16338.9,Diesel,19.078321,72.876197,0.0,0.0,1370.0,0,0.0,58.9,12.4,0.06,Urban,Medium,29.2,0.0,51,84.04,2.79,99.9,excessive_idling
V008,2026-08-22T15:20:51,Truck,7,6.7,16338.9,Diesel,19.078321,72.876197,0.0,0.0,1360.0,0,0.0,46.8,12.4,2.37,Urban,Medium,29.0,0.0,52,84.04,2.78,99.9,excessive_idling
V008,2026-08-22T15:20:52,Truck,7,6.7,16338.9,Diesel,19.078321,72.876197,0.0,0.0,1377.0,0,0.0,41.3,16.3,-0.57,Urban,Medium,27.5,0.0,53,84.04,2.7,99.9,excessive_idling
V008,2026-08-22T15:20:53,Truck,7,6.7,16338.9,Diesel,19.078321,72.876197,0.0,0.0,1370.0,0,0.0,50.4,14.4,-0.97,Urban,Medium,28.0,0.0,54,84.04,2.74,99.9,excessive_idling
V008,2026-08-22T15:20:54,Truck,7,6.7,16338.9,Diesel,19.078321,72.876197,0.0,0.0,1363.0,0,0.0,32.0,13.0,1.33,Urban,Medium,28.9,0.0,55,84.04,2.69,99.9,excessive_idling
V008,2026-08-22T15:20:55,Truck,7,6.7,16338.9,Diesel,19.078321,72.876197,0.0,0.0,1353.0,0,0.0,31.3,16.2,2.12,Urban,Medium,29.3,0.0,56,84.04,2.64,99.9,excessive_idling
V008,2026-08-22T15:20:56,Truck,7,6.7,16338.9,Diesel,19.078321,72.876197,0.0,0.0,1384.0,0,0.0,51.6,16.1,1.92,Urban,Medium,29.0,0.0,57,84.04,2.57,99.9,excessive_idling
V008,2026-08-22T15:20:57,Truck,7,6.7,16338.9,Diesel,19.078321,72.876197,0.0,0.0,1384.0,0,0.0,56.3,14.1,-1.08,Urban,Medium,28.1,0.0,58,84.04,2.78,99.9,excessive_idling
V008,2026-08-22T15:20:58,Truck,7,6.7,16338.9,Diesel,19.078321,72.876197,0.0,0.0,1361.0,0,0.0,40.5,14.2,1.17,Urban,Medium,28.3,0.0,59,84.04,2.69,99.9,excessive_idling
V008,2026-08-22T15:20:59,Truck,7,6.7,16338.9,Diesel,19.078321,72.876197,0.0,0.0,1330.0,0,0.0,32.8,16.0,-1.76,Urban,Medium,29.4,0.0,60,84.03,2.74,99.9,excessive_idling
V008,2026-08-22T15:21:00,Truck,7,6.7,16338.9,Diesel,19.078321,72.876197,0.0,0.0,1374.0,0,0.0,55.9,12.4,0.25,Urban,Medium,28.6,0.0,61,84.03,2.57,99.9,excessive_idling
V008,2026-08-22T15:21:01,Truck,7,6.7,16338.9,Diesel,19.078321,72.876197,0.0,0.0,1355.0,0,0.0,31.7,13.2,0.03,Urban,Medium,30.2,0.0,62,84.03,2.65,99.9,excessive_idling
V008,2026-08-22T15:21:02,Truck,7,6.7,16338.9,Diesel,19.078321,72.876197,0.0,0.0,1350.0,0,0.0,30.6,16.1,1.44,Urban,Medium,31.0,0.0,63,84.03,2.68,99.9,excessive_idling
V008,2026-08-22T15:21:03,Truck,7,6.7,16338.9,Diesel,19.078321,72.876197,0.0,0.0,1387.0,0,0.0,42.3,16.2,0.99,Urban,Medium,29.3,0.0,64,84.03,2.67,99.9,excessive_idling
V008,2026-08-22T15:21:04,Truck,7,6.7,16338.9,Diesel,19.078321,72.876197,0.0,0.0,1390.0,0,0.0,50.1,12.1,1.0,Urban,Medium,28.1,0.0,65,84.03,2.82,99.9,excessive_idling
V008,2026-08-22T15:21:05,Truck,7,6.7,16338.9,Diesel,19.078321,72.876197,0.0,0.0,1375.0,0,0.0,37.5,13.6,-1.98,Urban,Medium,27.5,0.0,66,84.03,2.87,99.9,excessive_idling
V008,2026-08-22T15:21:06,Truck,7,6.7,16338.9,Diesel,19.078321,72.876197,0.0,0.0,1339.0,0,0.0,41.5,12.4,1.86,Urban,Medium,28.4,0.0,67,84.03,2.85,99.9,excessive_idling
V008,2026-08-22T15:21:07,Truck,7,6.7,16338.9,Diesel,19.078321,72.876197,0.0,0.0,1368.0,0,0.0,35.4,16.3,2.05,Urban,Medium,29.3,0.0,68,84.03,2.68,99.9,excessive_idling
V008,2026-08-22T15:21:08,Truck,7,6.7,16338.9,Diesel,19.078321,72.876197,0.0,0.0,1383.0,0,0.0,33.8,14.1,0.97,Urban,Medium,29.3,0.0,69,84.03,2.84,99.9,excessive_idling
V008,2026-08-22T15:21:09,Truck,7,6.7,16338.9,Diesel,19.078321,72.876197,0.0,0.0,1381.0,0,0.0,50.1,17.0,-1.24,Urban,Medium,31.7,0.0,70,84.03,2.65,99.9,excessive_idling
V008,2026-08-22T15:21:10,Truck,7,6.7,16338.9,Diesel,19.078321,72.876197,0.0,0.0,1377.0,0,0.0,41.9,13.4,0.1,Urban,Medium,27.5,0.0,71,84.03,2.67,99.9,excessive_idling
V008,2026-08-22T15:21:11,Truck,7,6.7,16338.9,Diesel,19.078321,72.876197,0.0,0.0,1332.0,0,0.0,55.8,13.4,-0.93,Urban,Medium,28.1,0.0,72,84.03,2.84,99.9,excessive_idling
V008,2026-08-22T15:21:12,Truck,7,6.7,16338.9,Diesel,19.078321,72.876197,0.0,0.0,1380.0,0,0.0,33.0,14.8,0.49,Urban,Medium,28.0,0.0,73,84.03,2.61,99.9,excessive_idling
V008,2026-08-22T15:21:13,Truck,7,6.7,16338.9,Diesel,19.078321,72.876197,0.0,0.0,1376.0,0,0.0,46.9,16.7,0.81,Urban,Medium,29.4,0.0,74,84.02,2.73,99.9,excessive_idling
V008,2026-08-22T15:21:14,Truck,7,6.7,16338.9,Diesel,19.078321,72.876197,0.0,0.0,1371.0,0,0.0,41.3,17.1,-0.63,Urban,Medium,27.7,0.0,75,84.02,2.76,99.9,excessive_idling
V008,2026-08-22T15:21:15,Truck,7,6.7,16338.9,Diesel,19.078321,72.876197,0.0,0.0,1368.0,0,0.0,47.0,13.5,-1.13,Urban,Medium,26.7,0.0,76,84.02,2.59,99.9,excessive_idling
V008,2026-08-22T15:21:16,Truck,7,6.7,16338.9,Diesel,19.078321,72.876197,0.0,0.0,1362.0,0,0.0,39.4,12.4,0.29,Urban,Medium,32.1,0.0,77,84.02,2.76,99.9,excessive_idling
V008,2026-08-22T15:21:17,Truck,7,6.7,16338.9,Diesel,19.078321,72.876197,0.0,0.0,1372.0,0,0.0,30.2,18.0,0.52,Urban,Medium,25.1,0.0,78,84.02,2.85,99.9,excessive_idling
V008,2026-08-22T15:21:18,Truck,7,6.7,16338.9,Diesel,19.078321,72.876197,0.0,0.0,1366.0,0,0.0,43.6,13.9,-1.26,Urban,Medium,28.3,0.0,79,84.02,2.72,99.9,excessive_idling
V008,2026-08-22T15:21:19,Truck,7,6.7,16338.9,Diesel,19.078321,72.876197,0.0,0.0,1368.0,0,0.0,54.0,12.7,-0.81,Urban,Medium,28.4,0.0,80,84.02,2.64,99.9,excessive_idling
V008,2026-08-22T15:21:20,Truck,7,6.7,16338.9,Diesel,19.078321,72.876197,0.0,0.0,1363.0,0,0.0,52.1,14.1,0.25,Urban,Medium,26.7,0.0,81,84.02,2.84,99.9,excessive_idling
V008,2026-08-22T15:21:21,Truck,7,6.7,16338.9,Diesel,19.078321,72.876197,0.0,0.0,1406.0,0,0.0,42.8,17.8,-0.09,Urban,Medium,28.5,0.0,82,84.02,2.74,99.9,excessive_idling
V008,2026-08-22T15:21:22,Truck,7,6.7,16338.9,Diesel,19.078321,72.876197,0.0,0.0,1382.0,0,0.0,37.2,12.8,-1.82,Urban,Medium,27.7,0.0,83,84.02,2.73,99.9,excessive_idling
V008,2026-08-22T15:21:23,Truck,7,6.7,16338.9,Diesel,19.078321,72.876197,0.0,0.0,1394.0,0,0.0,37.4,16.7,-1.6,Urban,Medium,29.1,0.0,84,84.02,2.88,99.9,excessive_idling
V008,2026-08-22T15:21:24,Truck,7,6.7,16338.9,Diesel,19.078321,72.876197,0.0,0.0,1383.0,0,0.0,42.2,15.1,1.09,Urban,Medium,29.2,0.0,85,84.02,2.8,99.9,excessive_idling
V008,2026-08-22T15:21:25,Truck,7,6.7,16338.9,Diesel,19.078321,72.876197,0.0,0.0,1393.0,0,0.0,39.7,13.9,2.01,Urban,Medium,26.4,0.0,86,84.02,2.67,99.9,excessive_idling
V008,2026-08-22T15:21:26,Truck,7,6.7,16338.9,Diesel,19.078321,72.876197,0.0,0.0,1363.0,0,0.0,52.2,12.3,0.68,Urban,Medium,28.9,0.0,87,84.01,2.76,99.9,excessive_idling
V008,2026-08-22T15:21:27,Truck,7,6.7,16338.9,Diesel,19.078321,72.876197,0.0,0.0,1364.0,0,0.0,45.3,16.4,0.08,Urban,Medium,29.0,0.0,88,84.01,2.61,99.9,excessive_idling
V008,2026-08-22T15:21:28,Truck,7,6.7,16338.9,Diesel,19.078321,72.876197,0.0,0.0,1359.0,0,0.0,33.3,15.7,1.6,Urban,Medium,28.2,0.0,89,84.01,2.76,99.9,excessive_idling
V008,2026-08-22T15:21:29,Truck,7,6.7,16338.9,Diesel,19.078321,72.876197,0.0,0.0,1359.0,0,0.0,39.1,16.5,-0.14,Urban,Medium,32.5,0.0,90,84.01,2.68,99.9,excessive_idling
V008,2026-08-22T15:21:30,Truck,7,6.7,16338.9,Diesel,19.078321,72.876197,0.0,0.0,1361.0,0,0.0,35.7,16.6,0.27,Urban,Medium,27.9,0.0,91,84.01,2.7,99.9,excessive_idling
V008,2026-08-22T15:21:31,Truck,7,6.7,16338.9,Diesel,19.078321,72.876197,0.0,0.0,1359.0,0,0.0,47.3,12.5,-0.99,Urban,Medium,28.3,0.0,92,84.01,2.64,99.9,excessive_idling
V008,2026-08-22T15:21:32,Truck,7,6.7,16338.9,Diesel,19.078321,72.876197,0.0,0.0,1396.0,0,0.0,40.7,16.8,0.25,Urban,Medium,29.1,0.0,93,84.01,2.58,99.9,excessive_idling
V008,2026-08-22T15:21:33,Truck,7,6.7,16338.9,Diesel,19.078321,72.876197,0.0,0.0,1367.0,0,0.0,30.7,13.0,2.38,Urban,Medium,29.0,0.0,94,84.01,2.81,99.9,excessive_idling
V008,2026-08-22T15:21:34,Truck,7,6.7,16338.9,Diesel,19.078321,72.876197,0.0,0.0,1357.0,0,0.0,58.6,16.8,-0.53,Urban,Medium,27.1,0.0,95,84.01,2.71,99.9,excessive_idling
V008,2026-08-22T15:21:35,Truck,7,6.7,16338.9,Diesel,19.078321,72.876197,0.0,0.0,1366.0,0,0.0,43.8,15.4,-0.35,Urban,Medium,28.0,0.0,96,84.01,2.63,99.9,excessive_idling
V008,2026-08-22T15:21:36,Truck,7,6.7,16338.9,Diesel,19.078321,72.876197,0.0,0.0,1390.0,0,0.0,59.3,13.9,-1.18,Urban,Medium,25.8,0.0,97,84.01,2.76,99.9,excessive_idling
V008,2026-08-22T15:21:37,Truck,7,6.7,16338.9,Diesel,19.078321,72.876197,0.0,0.0,1353.0,0,0.0,38.2,12.7,2.24,Urban,Medium,27.8,0.0,98,84.01,2.68,99.9,excessive_idling
V008,2026-08-22T15:21:38,Truck,7,6.7,16338.9,Diesel,19.078321,72.876197,0.0,0.0,1372.0,0,0.0,30.7,12.9,0.45,Urban,Medium,30.3,0.0,99,84.01,2.75,99.9,excessive_idling
V008,2026-08-22T15:21:39,Truck,7,6.7,16338.9,Diesel,19.078321,72.876197,0.0,0.0,1356.0,0,0.0,52.5,17.5,-0.16,Urban,Medium,24.8,0.0,100,84.0,2.77,99.9,excessive_idling
V008,2026-08-22T15:21:40,Truck,7,6.7,16338.9,Diesel,19.078321,72.876197,0.0,0.0,1366.0,0,0.0,53.3,16.6,-0.8,Urban,Medium,26.6,0.0,101,84.0,2.67,99.9,excessive_idling
V008,2026-08-22T15:21:41,Truck,7,6.7,16338.9,Diesel,19.078321,72.876197,0.0,0.0,1362.0,0,0.0,50.4,16.3,0.86,Urban,Medium,27.9,0.0,102,84.0,2.8,99.9,excessive_idling
V008,2026-08-22T15:21:42,Truck,7,6.7,16338.9,Diesel,19.078321,72.876197,0.0,0.0,1381.0,0,0.0,35.8,14.2,0.97,Urban,Medium,28.3,0.0,103,84.0,2.7,99.9,excessive_idling
V008,2026-08-22T15:21:43,Truck,7,6.7,16338.9,Diesel,19.078321,72.876197,0.0,0.0,1372.0,0,0.0,30.3,14.0,-0.7,Urban,Medium,29.1,0.0,104,84.0,2.65,99.9,excessive_idling
V008,2026-08-22T15:21:44,Truck,7,6.7,16338.9,Diesel,19.078321,72.876197,0.0,0.0,1368.0,0,0.0,55.9,14.4,-1.91,Urban,Medium,26.3,0.0,105,84.0,2.69,99.9,excessive_idling
V008,2026-08-22T15:21:45,Truck,7,6.7,16338.9,Diesel,19.078321,72.876197,0.0,0.0,1397.0,0,0.0,35.8,12.7,0.17,Urban,Medium,28.5,0.0,106,84.0,2.71,99.9,excessive_idling
V008,2026-08-22T15:21:46,Truck,7,6.7,16338.9,Diesel,19.078321,72.876197,0.0,0.0,1361.0,0,0.0,41.4,14.6,-1.32,Urban,Medium,29.0,0.0,107,84.0,2.66,99.9,excessive_idling
V008,2026-08-22T15:21:47,Truck,7,6.7,16338.9,Diesel,19.078321,72.876197,0.0,0.0,1388.0,0,0.0,48.3,15.1,-1.09,Urban,Medium,30.7,0.0,108,84.0,2.65,99.9,excessive_idling
V008,2026-08-22T15:21:48,Truck,7,6.7,16338.9,Diesel,19.078321,72.876197,0.0,0.0,1398.0,0,0.0,36.8,16.4,0.1,Urban,Medium,26.8,0.0,109,84.0,2.75,99.9,excessive_idling
V008,2026-08-22T15:21:49,Truck,7,6.7,16338.9,Diesel,19.078321,72.876197,0.0,0.0,1395.0,0,0.0,31.0,14.2,-0.26,Urban,Medium,29.2,0.0,110,84.0,2.59,99.9,excessive_idling
V008,2026-08-22T15:21:50,Truck,7,6.7,16338.9,Diesel,19.078321,72.876197,0.0,0.0,1399.0,0,0.0,57.3,16.2,0.4,Urban,Medium,26.7,0.0,111,84.0,2.67,99.9,excessive_idling
V008,2026-08-22T15:21:51,Truck,7,6.7,16338.9,Diesel,19.078321,72.876197,0.0,0.0,1392.0,0,0.0,56.4,12.8,-1.7,Urban,Medium,26.6,0.0,112,84.0,2.6,99.9,excessive_idling
V008,2026-08-22T15:21:52,Truck,7,6.7,16338.9,Diesel,19.078321,72.876197,0.0,0.0,1362.0,0,0.0,34.9,16.0,-0.29,Urban,Medium,27.5,0.0,113,83.99,2.88,99.9,excessive_idling
V008,2026-08-22T15:21:53,Truck,7,6.7,16338.9,Diesel,19.078321,72.876197,0.0,0.0,1359.0,0,0.0,41.1,13.3,-0.97,Urban,Medium,28.1,0.0,114,83.99,2.66,99.9,excessive_idling
V008,2026-08-22T15:21:54,Truck,7,6.7,16338.9,Diesel,19.078321,72.876197,0.0,0.0,1342.0,0,0.0,44.6,18.0,-1.5,Urban,Medium,27.6,0.0,115,83.99,2.64,99.9,excessive_idling
V008,2026-08-22T15:21:55,Truck,7,6.7,16338.9,Diesel,19.078321,72.876197,0.0,0.0,1377.0,0,0.0,47.4,16.6,1.23,Urban,Medium,26.7,0.0,116,83.99,2.61,99.9,excessive_idling
V008,2026-08-22T15:21:56,Truck,7,6.7,16338.9,Diesel,19.078321,72.876197,0.0,0.0,1373.0,0,0.0,51.0,15.9,1.2,Urban,Medium,30.7,0.0,117,83.99,2.77,99.9,excessive_idling
V008,2026-08-22T15:21:57,Truck,7,6.7,16338.9,Diesel,19.078321,72.876197,0.0,0.0,1360.0,0,0.0,56.0,12.9,-0.65,Urban,Medium,25.4,0.0,118,83.99,2.67,99.9,excessive_idling
V008,2026-08-22T15:21:58,Truck,7,6.7,16338.9,Diesel,19.078321,72.876197,0.0,0.0,1383.0,0,0.0,39.8,15.0,0.8,Urban,Medium,29.0,0.0,119,83.99,2.76,99.9,excessive_idling
V008,2026-08-22T15:21:59,Truck,7,6.7,16338.9,Diesel,19.078321,72.876197,0.0,0.0,1351.0,0,0.0,48.3,13.9,-0.03,Urban,Medium,30.6,0.0,120,83.99,2.63,99.9,excessive_idling
V009,2026-08-22T09:30:00,Semi-Trailer,2,12.8,30930.7,Diesel,19.06094,72.881625,20.6,1.42,1488.0,2,52.5,0.0,44.6,-3.17,Urban,High,30.2,0.006,0,189.71,7.68,37.21,downhill_acceleration
V009,2026-08-22T09:30:01,Semi-Trailer,2,12.8,30930.7,Diesel,19.061006,72.881678,26.3,1.57,1393.0,3,62.1,0.0,53.0,-4.03,Urban,High,29.6,0.013,0,189.71,9.79,37.21,downhill_acceleration
V009,2026-08-22T09:30:02,Semi-Trailer,2,12.8,30930.7,Diesel,19.061085,72.881741,31.7,1.49,1475.0,3,72.9,0.0,45.1,-3.93,Urban,High,28.2,0.022,0,189.71,11.78,37.21,downhill_acceleration
V009,2026-08-22T09:30:03,Semi-Trailer,2,12.8,30930.7,Diesel,19.061178,72.881815,37.0,1.48,1466.0,4,58.5,0.0,46.2,-2.71,Urban,High,26.4,0.032,0,189.7,13.76,37.21,downhill_acceleration
V009,2026-08-22T09:30:04,Semi-Trailer,2,12.8,30930.7,Diesel,19.061282,72.881898,41.5,1.24,1476.0,4,67.8,0.0,56.4,-2.89,Urban,High,28.5,0.044,0,189.7,15.43,37.21,downhill_acceleration
V009,2026-08-22T09:30:05,Semi-Trailer,2,12.8,30930.7,Diesel,19.061401,72.881994,47.7,1.73,1459.0,5,72.7,0.0,40.9,-3.84,Urban,High,29.6,0.057,0,189.69,17.75,37.21,downhill_acceleration
V009,2026-08-22T09:30:06,Semi-Trailer,2,12.8,30930.7,Diesel,19.06153,72.882097,51.6,1.07,1495.0,5,66.6,0.0,61.7,-3.81,Urban,High,25.9,0.071,0,189.69,19.19,37.21,downhill_acceleration
V009,2026-08-22T09:30:07,Semi-Trailer,2,12.8,30930.7,Diesel,19.061666,72.882206,54.4,0.78,1484.0,5,72.4,0.0,56.1,-3.1,Urban,High,27.6,0.086,0,189.68,20.23,37.21,downhill_acceleration
V009,2026-08-22T09:30:08,Semi-Trailer,2,12.8,30930.7,Diesel,19.061809,72.88232,57.3,0.82,1424.0,6,59.6,0.0,46.1,-3.64,Urban,High,28.2,0.102,0,189.68,21.33,37.21,downhill_acceleration
V009,2026-08-22T09:30:09,Semi-Trailer,2,12.8,30930.7,Diesel,19.061958,72.88244,59.7,0.65,1469.0,6,61.8,0.0,49.7,-3.18,Urban,High,27.9,0.119,0,189.67,22.2,37.21,downhill_acceleration
V009,2026-08-22T09:30:10,Semi-Trailer,2,12.8,30930.7,Diesel,19.062122,72.882571,65.6,1.66,1561.0,6,58.1,0.0,51.7,-2.2,Urban,High,27.6,0.137,0,189.66,24.43,37.21,downhill_acceleration
V009,2026-08-22T09:30:11,Semi-Trailer,2,12.8,30930.7,Diesel,19.062296,72.88271,69.4,1.03,1424.0,7,49.0,0.0,51.3,-3.44,Urban,High,29.6,0.156,0,189.66,25.81,37.21,downhill_acceleration
V009,2026-08-22T09:30:12,Semi-Trailer,2,12.8,30930.7,Diesel,19.06248,72.882857,73.7,1.2,1454.0,7,64.0,0.0,58.6,-3.9,Urban,High,28.0,0.177,0,189.65,27.41,37.21,downhill_acceleration
V009,2026-08-22T09:30:13,Semi-Trailer,2,12.8,30930.7,Diesel,19.062672,72.88301,76.8,0.87,1543.0,7,70.4,0.0,62.5,-3.1,Urban,High,28.0,0.198,0,189.64,28.57,37.21,downhill_acceleration
V009,2026-08-22T09:30:14,Semi-Trailer,2,12.8,30930.7,Diesel,19.06287,72.883169,79.2,0.66,1589.0,7,74.5,0.0,54.0,-2.54,Urban,High,27.2,0.22,0,189.63,29.46,37.21,downhill_acceleration
V009,2026-08-22T09:30:15,Semi-Trailer,2,12.8,30930.7,Diesel,19.063078,72.883335,83.3,1.16,1473.0,8,62.1,0.0,41.3,-2.38,Urban,High,26.6,0.243,0,189.62,31.01,37.21,downhill_acceleration
V009,2026-08-22T09:30:16,Semi-Trailer,2,12.8,30930.7,Diesel,19.063298,72.883512,88.2,1.35,1515.0,8,48.0,0.0,40.4,-3.56,Urban,High,24.8,0.268,0,189.61,32.82,37.21,downhill_acceleration
V009,2026-08-22T09:30:17,Semi-Trailer,2,12.8,30930.7,Diesel,19.063525,72.883693,90.5,0.63,1573.0,8,52.6,0.0,41.8,-3.69,Urban,High,28.6,0.293,0,189.61,33.67,37.21,downhill_acceleration
V009,2026-08-22T09:30:18,Semi-Trailer,2,12.8,30930.7,Diesel,19.06376,72.883881,94.3,1.07,1598.0,8,54.9,0.0,56.9,-3.2,Urban,High,25.8,0.319,0,189.6,35.1,37.21,downhill_acceleration
V009,2026-08-22T09:30:19,Semi-Trailer,2,12.8,30930.7,Diesel,19.063998,72.884071,95.0,1.43,1595.0,8,66.6,0.0,63.4,-2.89,Urban,High,30.3,0.345,0,189.59,35.35,37.21,downhill_acceleration
V009,2026-08-22T09:30:20,Semi-Trailer,2,12.8,30930.7,Diesel,19.064235,72.884261,95.0,0.75,1626.0,8,72.7,0.0,41.7,-3.42,Urban,High,25.9,0.372,0,189.58,35.35,37.21,downhill_acceleration
V009,2026-08-22T09:30:21,Semi-Trailer,2,12.8,30930.7,Diesel,19.064473,72.884451,95.0,0.62,1687.0,8,60.8,0.0,52.3,-3.47,Urban,High,29.3,0.398,0,189.57,35.35,37.21,downhill_acceleration
V009,2026-08-22T09:30:22,Semi-Trailer,2,12.8,30930.7,Diesel,19.06471,72.884641,95.0,1.03,1593.0,8,56.6,0.0,63.6,-4.38,Urban,High,26.8,0.425,0,189.56,35.35,37.21,downhill_acceleration
V009,2026-08-22T09:30:23,Semi-Trailer,2,12.8,30930.7,Diesel,19.064948,72.884831,95.0,0.95,1618.0,8,60.2,0.0,44.5,-2.7,Urban,High,30.5,0.451,0,189.55,35.35,37.21,downhill_acceleration
V009,2026-08-22T09:30:24,Semi-Trailer,2,12.8,30930.7,Diesel,19.065185,72.885021,95.0,1.43,1594.0,8,68.4,0.0,56.1,-4.0,Urban,High,25.1,0.477,0,189.54,35.35,37.21,downhill_acceleration
V009,2026-08-22T09:30:25,Semi-Trailer,2,12.8,30930.7,Diesel,19.065423,72.885211,95.0,1.66,1618.0,8,55.1,0.0,44.1,-3.61,Urban,High,28.0,0.504,0,189.53,35.35,37.21,downhill_acceleration
V009,2026-08-22T09:30:26,Semi-Trailer,2,12.8,30930.7,Diesel,19.06566,72.885401,95.0,1.62,1561.0,8,50.8,0.0,49.9,-2.64,Urban,High,27.8,0.53,0,189.52,35.35,37.21,downhill_acceleration
V009,2026-08-22T09:30:27,Semi-Trailer,2,12.8,30930.7,Diesel,19.065898,72.885591,95.0,1.52,1656.0,8,58.8,0.0,53.9,-4.08,Urban,High,24.6,0.557,0,189.51,35.35,37.21,downhill_acceleration
V009,2026-08-22T09:30:28,Semi-Trailer,2,12.8,30930.7,Diesel,19.066135,72.885781,95.0,1.62,1607.0,8,64.4,0.0,44.1,-2.92,Urban,High,28.4,0.583,0,189.5,35.35,37.21,downhill_acceleration
V009,2026-08-22T09:30:29,Semi-Trailer,2,12.8,30930.7,Diesel,19.066373,72.885971,95.0,0.65,1607.0,8,71.1,0.0,64.3,-2.24,Urban,High,28.6,0.609,0,189.49,35.35,37.21,downhill_acceleration
V009,2026-08-22T09:30:30,Semi-Trailer,2,12.8,30930.7,Diesel,19.06661,72.886161,95.0,1.71,1592.0,8,59.2,0.0,59.6,-2.26,Urban,High,25.7,0.636,0,189.48,35.35,37.21,downhill_acceleration
V009,2026-08-22T09:30:31,Semi-Trailer,2,12.8,30930.7,Diesel,19.066848,72.886351,95.0,1.24,1616.0,8,67.1,0.0,50.0,-3.58,Urban,High,27.9,0.662,0,189.47,35.35,37.21,downhill_acceleration
V009,2026-08-22T09:30:32,Semi-Trailer,2,12.8,30930.7,Diesel,19.067085,72.886541,95.0,1.72,1617.0,8,53.9,0.0,55.8,-3.48,Urban,High,29.1,0.689,0,189.46,35.35,37.21,downhill_acceleration
V009,2026-08-22T09:30:33,Semi-Trailer,2,12.8,30930.7,Diesel,19.067323,72.886731,95.0,0.87,1641.0,8,59.8,0.0,60.5,-3.48,Urban,High,28.8,0.715,0,189.45,35.35,37.21,downhill_acceleration
V009,2026-08-22T09:30:34,Semi-Trailer,2,12.8,30930.7,Diesel,19.06756,72.886921,95.0,0.9,1581.0,8,69.3,0.0,55.4,-3.98,Urban,High,27.3,0.741,0,189.44,35.35,37.21,downhill_acceleration
V009,2026-08-22T09:30:35,Semi-Trailer,2,12.8,30930.7,Diesel,19.067798,72.887111,95.0,1.73,1620.0,8,66.6,0.0,64.1,-2.57,Urban,High,28.0,0.768,0,189.43,35.35,37.21,downhill_acceleration
V009,2026-08-22T09:30:36,Semi-Trailer,2,12.8,30930.7,Diesel,19.068035,72.887301,95.0,0.87,1604.0,8,73.0,0.0,57.7,-4.13,Urban,High,29.5,0.794,0,189.42,35.35,37.21,downhill_acceleration
V009,2026-08-22T09:30:37,Semi-Trailer,2,12.8,30930.7,Diesel,19.068273,72.887491,95.0,0.73,1607.0,8,75.0,0.0,58.4,-2.34,Urban,High,29.2,0.82,0,189.41,35.35,37.21,downhill_acceleration
V009,2026-08-22T09:30:38,Semi-Trailer,2,12.8,30930.7,Diesel,19.06851,72.887681,95.0,1.53,1649.0,8,53.2,0.0,41.4,-3.35,Urban,High,27.8,0.847,0,189.4,35.35,37.21,downhill_acceleration
V009,2026-08-22T09:30:39,Semi-Trailer,2,12.8,30930.7,Diesel,19.068748,72.887871,95.0,0.72,1647.0,8,49.6,0.0,52.2,-3.62,Urban,High,26.8,0.873,0,189.39,35.35,37.21,downhill_acceleration
V009,2026-08-22T09:30:40,Semi-Trailer,2,12.8,30930.7,Diesel,19.068985,72.888061,95.0,1.01,1548.0,8,65.6,0.0,63.0,-3.69,Urban,High,28.9,0.9,0,189.38,35.35,37.21,downhill_acceleration
V009,2026-08-22T09:30:41,Semi-Trailer,2,12.8,30930.7,Diesel,19.069223,72.888251,95.0,1.19,1656.0,8,69.2,0.0,40.6,-3.43,Urban,High,27.0,0.926,0,189.37,35.35,37.21,downhill_acceleration
V009,2026-08-22T09:30:42,Semi-Trailer,2,12.8,30930.7,Diesel,19.06946,72.888441,95.0,1.54,1624.0,8,62.3,0.0,50.4,-4.17,Urban,High,27.3,0.952,0,189.36,35.35,37.21,downhill_acceleration
V009,2026-08-22T09:30:43,Semi-Trailer,2,12.8,30930.7,Diesel,19.069698,72.888631,95.0,1.27,1638.0,8,57.5,0.0,60.3,-2.75,Urban,High,28.8,0.979,0,189.35,35.35,37.21,downhill_acceleration
V009,2026-08-22T09:30:44,Semi-Trailer,2,12.8,30930.7,Diesel,19.069935,72.888821,95.0,1.13,1596.0,8,59.8,0.0,56.2,-2.77,Urban,High,29.0,1.005,0,189.34,35.35,37.21,downhill_acceleration
V009,2026-08-22T09:30:45,Semi-Trailer,2,12.8,30930.7,Diesel,19.070173,72.889011,95.0,1.44,1654.0,8,66.7,0.0,46.8,-2.98,Urban,High,28.4,1.032,0,189.33,35.35,37.21,downhill_acceleration
V009,2026-08-22T09:30:46,Semi-Trailer,2,12.8,30930.7,Diesel,19.07041,72.889201,95.0,1.75,1622.0,8,64.7,0.0,50.9,-2.25,Urban,High,27.1,1.058,0,189.32,35.35,37.21,downhill_acceleration
V009,2026-08-22T09:30:47,Semi-Trailer,2,12.8,30930.7,Diesel,19.070648,72.889391,95.0,1.3,1570.0,8,49.9,0.0,55.3,-3.43,Urban,High,26.1,1.084,0,189.31,35.35,37.21,downhill_acceleration
V009,2026-08-22T09:30:48,Semi-Trailer,2,12.8,30930.7,Diesel,19.070885,72.889581,95.0,0.92,1672.0,8,73.4,0.0,50.0,-3.43,Urban,High,30.7,1.111,0,189.3,35.35,37.21,downhill_acceleration
V009,2026-08-22T09:30:49,Semi-Trailer,2,12.8,30930.7,Diesel,19.071123,72.889771,95.0,1.14,1601.0,8,67.9,0.0,52.3,-2.42,Urban,High,29.1,1.137,0,189.29,35.35,37.21,downhill_acceleration
V009,2026-08-22T09:30:50,Semi-Trailer,2,12.8,30930.7,Diesel,19.07136,72.889961,95.0,1.78,1656.0,8,47.9,0.0,45.4,-2.84,Urban,High,26.6,1.164,0,189.28,35.35,37.21,downhill_acceleration
V009,2026-08-22T09:30:51,Semi-Trailer,2,12.8,30930.7,Diesel,19.071598,72.890151,95.0,1.65,1660.0,8,74.5,0.0,46.8,-2.4,Urban,High,27.8,1.19,0,189.27,35.35,37.21,downhill_acceleration
V009,2026-08-22T09:30:52,Semi-Trailer,2,12.8,30930.7,Diesel,19.071835,72.890341,95.0,1.28,1600.0,8,49.3,0.0,60.1,-4.36,Urban,High,27.6,1.216,0,189.26,35.35,37.21,downhill_acceleration
V009,2026-08-22T09:30:53,Semi-Trailer,2,12.8,30930.7,Diesel,19.072073,72.890531,95.0,0.66,1643.0,8,46.5,0.0,44.5,-4.14,Urban,High,26.2,1.243,0,189.25,35.35,37.21,downhill_acceleration
V009,2026-08-22T09:30:54,Semi-Trailer,2,12.8,30930.7,Diesel,19.07231,72.890721,95.0,1.06,1559.0,8,56.3,0.0,44.5,-4.21,Urban,High,27.6,1.269,0,189.24,35.35,37.21,downhill_acceleration
V009,2026-08-22T09:30:55,Semi-Trailer,2,12.8,30930.7,Diesel,19.072548,72.890911,95.0,1.75,1591.0,8,62.7,0.0,62.8,-3.71,Urban,High,30.4,1.295,0,189.23,35.35,37.21,downhill_acceleration
V009,2026-08-22T09:30:56,Semi-Trailer,2,12.8,30930.7,Diesel,19.072785,72.891101,95.0,0.65,1589.0,8,55.3,0.0,59.4,-2.26,Urban,High,27.3,1.322,0,189.22,35.35,37.21,downhill_acceleration
V009,2026-08-22T09:30:57,Semi-Trailer,2,12.8,30930.7,Diesel,19.073023,72.891291,95.0,1.34,1641.0,8,68.0,0.0,63.1,-2.28,Urban,High,28.2,1.348,0,189.21,35.35,37.21,downhill_acceleration
V009,2026-08-22T09:30:58,Semi-Trailer,2,12.8,30930.7,Diesel,19.07326,72.891481,95.0,1.4,1573.0,8,66.6,0.0,45.5,-4.44,Urban,High,28.7,1.375,0,189.2,35.35,37.21,downhill_acceleration
V009,2026-08-22T09:30:59,Semi-Trailer,2,12.8,30930.7,Diesel,19.073498,72.891671,95.0,1.52,1666.0,8,74.7,0.0,64.7,-4.14,Urban,High,26.5,1.401,0,189.19,35.35,37.21,downhill_acceleration
V009,2026-08-22T09:31:00,Semi-Trailer,2,12.8,30930.7,Diesel,19.073735,72.891861,95.0,1.12,1640.0,8,62.5,0.0,58.1,-4.17,Urban,High,25.4,1.427,0,189.18,35.35,37.21,downhill_acceleration
V009,2026-08-22T09:31:01,Semi-Trailer,2,12.8,30930.7,Diesel,19.073973,72.892051,95.0,1.7,1622.0,8,45.0,0.0,60.6,-3.98,Urban,High,31.6,1.454,0,189.17,35.35,37.21,downhill_acceleration
V009,2026-08-22T09:31:02,Semi-Trailer,2,12.8,30930.7,Diesel,19.07421,72.892241,95.0,0.84,1607.0,8,68.0,0.0,48.4,-2.93,Urban,High,29.4,1.48,0,189.16,35.35,37.21,downhill_acceleration
V009,2026-08-22T09:31:03,Semi-Trailer,2,12.8,30930.7,Diesel,19.074448,72.892431,95.0,1.12,1654.0,8,63.6,0.0,54.8,-3.38,Urban,High,29.5,1.507,0,189.15,35.35,37.21,downhill_acceleration
V009,2026-08-22T09:31:04,Semi-Trailer,2,12.8,30930.7,Diesel,19.074685,72.892621,95.0,0.78,1599.0,8,62.3,0.0,57.7,-3.66,Urban,High,29.8,1.533,0,189.14,35.35,37.21,downhill_acceleration
V009,2026-08-22T09:31:05,Semi-Trailer,2,12.8,30930.7,Diesel,19.074923,72.892811,95.0,1.07,1612.0,8,59.7,0.0,46.6,-3.98,Urban,High,28.1,1.559,0,189.13,35.35,37.21,downhill_acceleration
V009,2026-08-22T09:31:06,Semi-Trailer,2,12.8,30930.7,Diesel,19.07516,72.893001,95.0,0.62,1570.0,8,49.2,0.0,57.5,-3.3,Urban,High,27.1,1.586,0,189.12,35.35,37.21,downhill_acceleration
V009,2026-08-22T09:31:07,Semi-Trailer,2,12.8,30930.7,Diesel,19.075398,72.893191,95.0,1.74,1617.0,8,51.9,0.0,60.8,-3.42,Urban,High,26.7,1.612,0,189.11,35.35,37.21,downhill_acceleration
V009,2026-08-22T09:31:08,Semi-Trailer,2,12.8,30930.7,Diesel,19.075635,72.893381,95.0,1.49,1588.0,8,62.4,0.0,41.5,-3.8,Urban,High,28.6,1.639,0,189.1,35.35,37.21,downhill_acceleration
V009,2026-08-22T09:31:09,Semi-Trailer,2,12.8,30930.7,Diesel,19.075873,72.893571,95.0,1.08,1578.0,8,46.9,0.0,41.5,-2.38,Urban,High,29.1,1.665,0,189.1,35.35,37.21,downhill_acceleration
V009,2026-08-22T09:31:10,Semi-Trailer,2,12.8,30930.7,Diesel,19.07611,72.893761,95.0,1.6,1599.0,8,73.8,0.0,55.6,-4.21,Urban,High,27.3,1.691,0,189.09,35.35,37.21,downhill_acceleration
V009,2026-08-22T09:31:11,Semi-Trailer,2,12.8,30930.7,Diesel,19.076348,72.893951,95.0,0.63,1602.0,8,58.0,0.0,57.4,-4.4,Urban,High,29.2,1.718,0,189.08,35.35,37.21,downhill_acceleration
V009,2026-08-22T09:31:12,Semi-Trailer,2,12.8,30930.7,Diesel,19.076585,72.894141,95.0,1.45,1606.0,8,67.3,0.0,60.1,-3.3,Urban,High,26.7,1.744,0,189.07,35.35,37.21,downhill_acceleration
V009,2026-08-22T09:31:13,Semi-Trailer,2,12.8,30930.7,Diesel,19.076823,72.894331,95.0,0.98,1583.0,8,57.5,0.0,54.5,-2.87,Urban,High,30.7,1.77,0,189.06,35.35,37.21,downhill_acceleration
V009,2026-08-22T09:31:14,Semi-Trailer,2,12.8,30930.7,Diesel,19.07706,72.894521,95.0,1.3,1629.0,8,46.4,0.0,45.2,-3.05,Urban,High,29.3,1.797,0,189.05,35.35,37.21,downhill_acceleration
V009,2026-08-22T09:31:15,Semi-Trailer,2,12.8,30930.7,Diesel,19.077298,72.894711,95.0,1.49,1613.0,8,59.0,0.0,62.9,-4.11,Urban,High,30.2,1.823,0,189.04,35.35,37.21,downhill_acceleration
V009,2026-08-22T09:31:16,Semi-Trailer,2,12.8,30930.7,Diesel,19.077535,72.894901,95.0,1.59,1600.0,8,72.2,0.0,51.4,-2.51,Urban,High,27.0,1.85,0,189.03,35.35,37.21,downhill_acceleration
V009,2026-08-22T09:31:17,Semi-Trailer,2,12.8,30930.7,Diesel,19.077773,72.895091,95.0,1.04,1565.0,8,65.5,0.0,48.5,-2.36,Urban,High,29.9,1.876,0,189.02,35.35,37.21,downhill_acceleration
V009,2026-08-22T09:31:18,Semi-Trailer,2,12.8,30930.7,Diesel,19.07801,72.895281,95.0,0.82,1586.0,8,50.1,0.0,52.8,-4.06,Urban,High,27.0,1.902,0,189.01,35.35,37.21,downhill_acceleration
V009,2026-08-22T09:31:19,Semi-Trailer,2,12.8,30930.7,Diesel,19.078248,72.895471,95.0,0.61,1574.0,8,51.3,0.0,63.8,-2.35,Urban,High,27.3,1.929,0,189.0,35.35,37.21,downhill_acceleration
V009,2026-08-22T09:31:20,Semi-Trailer,2,12.8,30930.7,Diesel,19.078485,72.895661,95.0,1.01,1627.0,8,62.1,0.0,48.2,-2.23,Urban,High,27.1,1.955,0,188.99,35.35,37.21,downhill_acceleration
V009,2026-08-22T09:31:21,Semi-Trailer,2,12.8,30930.7,Diesel,19.078723,72.895851,95.0,1.76,1551.0,8,55.7,0.0,41.2,-3.99,Urban,High,27.8,1.982,0,188.98,35.35,37.21,downhill_acceleration
V009,2026-08-22T09:31:22,Semi-Trailer,2,12.8,30930.7,Diesel,19.07896,72.896041,95.0,1.78,1662.0,8,65.8,0.0,53.3,-4.33,Urban,High,26.7,2.008,0,188.97,35.35,37.21,downhill_acceleration
V009,2026-08-22T09:31:23,Semi-Trailer,2,12.8,30930.7,Diesel,19.079198,72.896231,95.0,1.78,1628.0,8,48.0,0.0,60.0,-2.36,Urban,High,26.2,2.034,0,188.96,35.35,37.21,downhill_acceleration
V009,2026-08-22T09:31:24,Semi-Trailer,2,12.8,30930.7,Diesel,19.079435,72.896421,95.0,0.65,1586.0,8,45.1,0.0,57.8,-2.5,Urban,High,27.2,2.061,0,188.95,35.35,37.21,downhill_acceleration
V009,2026-08-22T09:31:25,Semi-Trailer,2,12.8,30930.7,Diesel,19.079673,72.896611,95.0,1.12,1615.0,8,72.2,0.0,54.9,-3.97,Urban,High,28.2,2.087,0,188.94,35.35,37.21,downhill_acceleration
V009,2026-08-22T09:31:26,Semi-Trailer,2,12.8,30930.7,Diesel,19.07991,72.896801,95.0,1.33,1590.0,8,63.5,0.0,64.2,-3.01,Urban,High,29.1,2.114,0,188.93,35.35,37.21,downhill_acceleration
V009,2026-08-22T09:31:27,Semi-Trailer,2,12.8,30930.7,Diesel,19.080148,72.896991,95.0,0.66,1572.0,8,70.9,0.0,40.5,-4.11,Urban,High,27.9,2.14,0,188.92,35.35,37.21,downhill_acceleration
V009,2026-08-22T09:31:28,Semi-Trailer,2,12.8,30930.7,Diesel,19.080385,72.897181,95.0,0.89,1618.0,8,55.2,0.0,54.4,-4.06,Urban,High,26.9,2.166,0,188.91,35.35,37.21,downhill_acceleration
V009,2026-08-22T09:31:29,Semi-Trailer,2,12.8,30930.7,Diesel,19.080623,72.897371,95.0,0.71,1554.0,8,57.8,0.0,49.3,-2.41,Urban,High,25.4,2.193,0,188.9,35.35,37.21,downhill_acceleration
V009,2026-08-22T09:31:30,Semi-Trailer,2,12.8,30930.7,Diesel,19.08086,72.897561,95.0,1.61,1639.0,8,57.2,0.0,49.5,-4.45,Urban,High,28.9,2.219,0,188.89,35.35,37.21,downhill_acceleration
V009,2026-08-22T09:31:31,Semi-Trailer,2,12.8,30930.7,Diesel,19.081098,72.897751,95.0,1.73,1610.0,8,46.3,0.0,51.5,-3.28,Urban,High,30.8,2.245,0,188.88,35.35,37.21,downhill_acceleration
V009,2026-08-22T09:31:32,Semi-Trailer,2,12.8,30930.7,Diesel,19.081335,72.897941,95.0,1.27,1591.0,8,51.3,0.0,62.4,-3.68,Urban,High,28.1,2.272,0,188.87,35.35,37.21,downhill_acceleration
V009,2026-08-22T09:31:33,Semi-Trailer,2,12.8,30930.7,Diesel,19.081573,72.898131,95.0,1.76,1615.0,8,70.2,0.0,53.3,-2.63,Urban,High,29.4,2.298,0,188.86,35.35,37.21,downhill_acceleration
V009,2026-08-22T09:31:34,Semi-Trailer,2,12.8,30930.7,Diesel,19.08181,72.898321,95.0,1.16,1680.0,8,71.4,0.0,45.6,-2.49,Urban,High,28.2,2.325,0,188.85,35.35,37.21,downhill_acceleration
V009,2026-08-22T09:31:35,Semi-Trailer,2,12.8,30930.7,Diesel,19.082048,72.898511,95.0,1.04,1629.0,8,58.8,0.0,50.9,-3.6,Urban,High,28.3,2.351,0,188.84,35.35,37.21,downhill_acceleration
V009,2026-08-22T09:31:36,Semi-Trailer,2,12.8,30930.7,Diesel,19.082285,72.898701,95.0,0.96,1593.0,8,58.9,0.0,43.1,-3.82,Urban,High,28.8,2.377,0,188.83,35.35,37.21,downhill_acceleration
V009,2026-08-22T09:31:37,Semi-Trailer,2,12.8,30930.7,Diesel,19.082523,72.898891,95.0,1.45,1549.0,8,61.4,0.0,42.9,-4.4,Urban,High,27.7,2.404,0,188.82,35.35,37.21,downhill_acceleration
V009,2026-08-22T09:31:38,Semi-Trailer,2,12.8,30930.7,Diesel,19.08276,72.899081,95.0,1.03,1557.0,8,62.7,0.0,43.8,-2.62,Urban,High,28.9,2.43,0,188.81,35.35,37.21,downhill_acceleration
V009,2026-08-22T09:31:39,Semi-Trailer,2,12.8,30930.7,Diesel,19.082998,72.899271,95.0,0.64,1629.0,8,67.2,0.0,55.3,-3.28,Urban,High,29.4,2.457,0,188.8,35.35,37.21,downhill_acceleration
V009,2026-08-22T09:31:40,Semi-Trailer,2,12.8,30930.7,Diesel,19.083235,72.899461,95.0,1.38,1558.0,8,49.1,0.0,63.9,-2.36,Urban,High,28.9,2.483,0,188.79,35.35,37.21,downhill_acceleration
V009,2026-08-22T09:31:41,Semi-Trailer,2,12.8,30930.7,Diesel,19.083473,72.899651,95.0,1.19,1587.0,8,49.1,0.0,58.9,-3.8,Urban,High,27.6,2.509,0,188.78,35.35,37.21,downhill_acceleration
V009,2026-08-22T09:31:42,Semi-Trailer,2,12.8,30930.7,Diesel,19.08371,72.899841,95.0,0.71,1603.0,8,50.6,0.0,54.2,-3.47,Urban,High,28.8,2.536,0,188.77,35.35,37.21,downhill_acceleration
V009,2026-08-22T09:31:43,Semi-Trailer,2,12.8,30930.7,Diesel,19.083948,72.900031,95.0,1.21,1664.0,8,57.6,0.0,54.6,-4.04,Urban,High,28.4,2.562,0,188.76,35.35,37.21,downhill_acceleration
V009,2026-08-22T09:31:44,Semi-Trailer,2,12.8,30930.7,Diesel,19.084185,72.900221,95.0,1.71,1627.0,8,46.7,0.0,60.5,-3.64,Urban,High,27.0,2.589,0,188.75,35.35,37.21,downhill_acceleration
V009,2026-08-22T09:31:45,Semi-Trailer,2,12.8,30930.7,Diesel,19.084423,72.900411,95.0,1.72,1596.0,8,46.0,0.0,55.3,-3.3,Urban,High,25.8,2.615,0,188.74,35.35,37.21,downhill_acceleration
V009,2026-08-22T09:31:46,Semi-Trailer,2,12.8,30930.7,Diesel,19.08466,72.900601,95.0,0.93,1606.0,8,64.4,0.0,54.1,-4.25,Urban,High,25.1,2.641,0,188.73,35.35,37.21,downhill_acceleration
V009,2026-08-22T09:31:47,Semi-Trailer,2,12.8,30930.7,Diesel,19.084898,72.900791,95.0,1.46,1578.0,8,71.4,0.0,44.9,-3.77,Urban,High,27.5,2.668,0,188.72,35.35,37.21,downhill_acceleration
V009,2026-08-22T09:31:48,Semi-Trailer,2,12.8,30930.7,Diesel,19.085135,72.900981,95.0,1.61,1592.0,8,58.6,0.0,57.6,-4.13,Urban,High,28.8,2.694,0,188.71,35.35,37.21,downhill_acceleration
V009,2026-08-22T09:31:49,Semi-Trailer,2,12.8,30930.7,Diesel,19.085373,72.901171,95.0,1.34,1627.0,8,69.8,0.0,41.5,-3.38,Urban,High,30.3,2.72,0,188.7,35.35,37.21,downhill_acceleration
V009,2026-08-22T09:31:50,Semi-Trailer,2,12.8,30930.7,Diesel,19.08561,72.901361,95.0,1.5,1586.0,8,62.6,0.0,50.1,-4.21,Urban,High,30.7,2.747,0,188.69,35.35,37.21,downhill_acceleration
V009,2026-08-22T09:31:51,Semi-Trailer,2,12.8,30930.7,Diesel,19.085848,72.901551,95.0,1.6,1620.0,8,53.0,0.0,55.0,-4.26,Urban,High,26.9,2.773,0,188.68,35.35,37.21,downhill_acceleration
V009,2026-08-22T09:31:52,Semi-Trailer,2,12.8,30930.7,Diesel,19.086085,72.901741,95.0,1.03,1594.0,8,47.7,0.0,58.5,-2.64,Urban,High,28.2,2.8,0,188.67,35.35,37.21,downhill_acceleration
V009,2026-08-22T09:31:53,Semi-Trailer,2,12.8,30930.7,Diesel,19.086323,72.901931,95.0,1.18,1630.0,8,54.0,0.0,57.7,-2.81,Urban,High,26.3,2.826,0,188.66,35.35,37.21,downhill_acceleration
V009,2026-08-22T09:31:54,Semi-Trailer,2,12.8,30930.7,Diesel,19.08656,72.902121,95.0,0.98,1610.0,8,74.6,0.0,64.7,-3.89,Urban,High,31.1,2.852,0,188.65,35.35,37.21,downhill_acceleration
V009,2026-08-22T09:31:55,Semi-Trailer,2,12.8,30930.7,Diesel,19.086798,72.902311,95.0,1.08,1597.0,8,58.9,0.0,54.0,-3.09,Urban,High,27.3,2.879,0,188.64,35.35,37.21,downhill_acceleration
V009,2026-08-22T09:31:56,Semi-Trailer,2,12.8,30930.7,Diesel,19.087035,72.902501,95.0,0.81,1635.0,8,60.0,0.0,53.6,-4.41,Urban,High,27.3,2.905,0,188.63,35.35,37.21,downhill_acceleration
V009,2026-08-22T09:31:57,Semi-Trailer,2,12.8,30930.7,Diesel,19.087273,72.902691,95.0,1.03,1604.0,8,67.1,0.0,42.0,-2.47,Urban,High,31.7,2.932,0,188.62,35.35,37.21,downhill_acceleration
V009,2026-08-22T09:31:58,Semi-Trailer,2,12.8,30930.7,Diesel,19.08751,72.902881,95.0,1.35,1619.0,8,49.2,0.0,41.9,-3.86,Urban,High,29.1,2.958,0,188.61,35.35,37.21,downhill_acceleration
V009,2026-08-22T09:31:59,Semi-Trailer,2,12.8,30930.7,Diesel,19.087748,72.903071,95.0,1.73,1627.0,8,48.0,0.0,54.6,-4.18,Urban,High,28.7,2.984,0,188.6,35.35,37.21,downhill_acceleration
V009,2026-08-22T11:30:00,Semi-Trailer,2,12.8,30881.6,Diesel,19.118206,72.859633,40.1,0.08,2631.0,2,79.3,0.0,79.2,2.11,Urban,Low,27.7,0.011,0,203.33,21.18,52.85,inefficient_gear
V009,2026-08-22T11:30:01,Semi-Trailer,2,12.8,30881.6,Diesel,19.118302,72.85971,38.5,-0.45,765.0,5,75.3,0.0,79.3,0.64,Urban,Low,28.7,0.022,0,203.33,20.33,52.85,inefficient_gear
V009,2026-08-22T11:30:02,Semi-Trailer,2,12.8,30881.6,Diesel,19.118402,72.85979,40.0,0.43,1333.0,2,65.4,0.0,89.5,0.07,Urban,Low,27.3,0.033,0,203.32,21.15,52.85,inefficient_gear
V009,2026-08-22T11:30:03,Semi-Trailer,2,12.8,30881.6,Diesel,19.118501,72.859869,39.6,-0.13,790.0,5,66.4,0.0,86.2,0.39,Urban,Low,28.1,0.044,0,203.31,20.92,52.85,inefficient_gear
V009,2026-08-22T11:30:04,Semi-Trailer,2,12.8,30881.6,Diesel,19.118603,72.859951,40.8,0.33,2647.0,2,72.5,0.0,83.1,-0.33,Urban,Low,30.8,0.055,0,203.31,21.54,52.85,inefficient_gear
V009,2026-08-22T11:30:05,Semi-Trailer,2,12.8,30881.6,Diesel,19.118706,72.860034,41.4,0.17,2596.0,2,65.1,0.0,84.0,0.86,Urban,Low,25.8,0.067,0,203.3,21.86,52.85,inefficient_gear
V009,2026-08-22T11:30:06,Semi-Trailer,2,12.8,30881.6,Diesel,19.11881,72.860117,41.5,0.04,1337.0,2,63.5,0.0,86.2,1.9,Urban,Low,28.7,0.078,0,203.3,21.94,52.85,inefficient_gear
V009,2026-08-22T11:30:07,Semi-Trailer,2,12.8,30881.6,Diesel,19.118915,72.8602,41.9,0.12,1375.0,2,67.9,0.0,75.7,0.76,Urban,Low,26.1,0.09,0,203.29,22.16,52.85,inefficient_gear
V009,2026-08-22T11:30:08,Semi-Trailer,2,12.8,30881.6,Diesel,19.119023,72.860287,43.3,0.39,2609.0,2,55.1,0.0,77.8,0.74,Urban,Low,27.7,0.102,0,203.28,22.9,52.85,inefficient_gear
V009,2026-08-22T11:30:09,Semi-Trailer,2,12.8,30881.6,Diesel,19.119133,72.860375,44.1,0.22,1409.0,2,56.4,0.0,83.2,0.5,Urban,Low,27.3,0.114,0,203.28,23.31,52.85,inefficient_gear
V009,2026-08-22T11:30:10,Semi-Trailer,2,12.8,30881.6,Diesel,19.119245,72.860465,44.7,0.17,2542.0,2,63.5,0.0,89.9,-1.8,Urban,Low,28.5,0.127,0,203.27,23.63,52.85,inefficient_gear
V009,2026-08-22T11:30:11,Semi-Trailer,2,12.8,30881.6,Diesel,19.119356,72.860553,44.3,-0.11,1459.0,2,72.7,0.0,82.0,2.55,Urban,Low,28.4,0.139,0,203.26,23.43,52.85,inefficient_gear
V009,2026-08-22T11:30:12,Semi-Trailer,2,12.8,30881.6,Diesel,19.11947,72.860645,45.7,0.38,2592.0,2,63.2,0.0,89.6,-0.6,Urban,Low,28.8,0.152,0,203.26,24.16,52.85,inefficient_gear
V009,2026-08-22T11:30:13,Semi-Trailer,2,12.8,30881.6,Diesel,19.119587,72.860738,46.7,0.27,2595.0,2,63.9,0.0,80.7,0.32,Urban,Low,28.5,0.165,0,203.25,24.67,52.85,inefficient_gear
V009,2026-08-22T11:30:14,Semi-Trailer,2,12.8,30881.6,Diesel,19.119703,72.860831,46.5,-0.05,1466.0,2,56.8,0.0,80.6,-1.37,Urban,Low,25.9,0.178,0,203.24,24.57,52.85,inefficient_gear
V009,2026-08-22T11:30:15,Semi-Trailer,2,12.8,30881.6,Diesel,19.119818,72.860923,46.1,-0.1,1485.0,2,64.4,0.0,90.0,-1.23,Urban,Low,26.7,0.19,0,203.24,24.39,52.85,inefficient_gear
V009,2026-08-22T11:30:16,Semi-Trailer,2,12.8,30881.6,Diesel,19.119931,72.861014,45.1,-0.29,1481.0,2,74.7,0.0,89.2,0.56,Urban,Low,29.4,0.203,0,203.23,23.83,52.85,inefficient_gear
V009,2026-08-22T11:30:17,Semi-Trailer,2,12.8,30881.6,Diesel,19.120045,72.861105,45.6,0.14,2592.0,2,64.3,0.0,80.4,0.83,Urban,Low,26.6,0.216,0,203.22,24.09,52.85,inefficient_gear
V009,2026-08-22T11:30:18,Semi-Trailer,2,12.8,30881.6,Diesel,19.120163,72.861199,47.2,0.45,1511.0,2,69.9,0.0,81.0,0.96,Urban,Low,25.6,0.229,0,203.22,24.95,52.85,inefficient_gear
V009,2026-08-22T11:30:19,Semi-Trailer,2,12.8,30881.6,Diesel,19.120279,72.861292,46.5,-0.19,1527.0,2,72.3,0.0,91.2,-0.21,Urban,Low,28.7,0.242,0,203.21,24.59,52.85,inefficient_gear
V009,2026-08-22T11:30:20,Semi-Trailer,2,12.8,30881.6,Diesel,19.120398,72.861387,47.6,0.29,1503.0,2,66.2,0.0,84.9,1.31,Urban,Low,27.2,0.255,0,203.2,25.13,52.85,inefficient_gear
V009,2026-08-22T11:30:21,Semi-Trailer,2,12.8,30881.6,Diesel,19.120519,72.861484,48.1,0.15,2605.0,2,75.9,0.0,83.1,-1.49,Urban,Low,28.9,0.268,0,203.2,25.42,52.85,inefficient_gear
V009,2026-08-22T11:30:22,Semi-Trailer,2,12.8,30881.6,Diesel,19.12064,72.861581,48.6,0.15,2583.0,2,68.4,0.0,90.9,2.01,Urban,Low,28.0,0.282,0,203.19,25.7,52.85,inefficient_gear
V009,2026-08-22T11:30:23,Semi-Trailer,2,12.8,30881.6,Diesel,19.120765,72.861681,50.1,0.41,2595.0,2,72.5,0.0,90.0,0.41,Urban,Low,28.7,0.296,0,203.18,26.48,52.85,inefficient_gear
V009,2026-08-22T11:30:24,Semi-Trailer,2,12.8,30881.6,Diesel,19.12089,72.861781,49.8,-0.08,2629.0,2,70.4,0.0,82.3,2.97,Urban,Low,31.6,0.309,0,203.17,26.33,52.85,inefficient_gear
V009,2026-08-22T11:30:25,Semi-Trailer,2,12.8,30881.6,Diesel,19.121015,72.861881,50.2,0.11,1570.0,2,60.0,0.0,84.9,-0.44,Urban,Low,27.1,0.323,0,203.17,26.54,52.85,inefficient_gear
V009,2026-08-22T11:30:26,Semi-Trailer,2,12.8,30881.6,Diesel,19.121141,72.861981,50.1,-0.03,2585.0,2,58.1,0.0,89.2,-0.39,Urban,Low,29.9,0.337,0,203.16,26.48,52.85,inefficient_gear
V009,2026-08-22T11:30:27,Semi-Trailer,2,12.8,30881.6,Diesel,19.121267,72.862082,50.5,0.1,1584.0,2,77.8,0.0,81.0,0.35,Urban,Low,28.1,0.351,0,203.15,26.67,52.85,inefficient_gear
V009,2026-08-22T11:30:28,Semi-Trailer,2,12.8,30881.6,Diesel,19.12139,72.86218,49.1,-0.38,1567.0,2,69.7,0.0,85.8,-2.01,Urban,Low,27.7,0.365,0,203.15,25.94,52.85,inefficient_gear
V009,2026-08-22T11:30:29,Semi-Trailer,2,12.8,30881.6,Diesel,19.121511,72.862278,48.7,-0.09,2582.0,2,63.8,0.0,75.8,2.97,Urban,Low,27.5,0.378,0,203.14,25.76,52.85,inefficient_gear
V009,2026-08-22T11:30:30,Semi-Trailer,2,12.8,30881.6,Diesel,19.121633,72.862375,48.5,-0.06,1488.0,2,55.9,0.0,88.9,0.58,Urban,Low,27.7,0.392,0,203.13,25.65,52.85,inefficient_gear
V009,2026-08-22T11:30:31,Semi-Trailer,2,12.8,30881.6,Diesel,19.121754,72.862472,48.6,0.03,1552.0,2,73.5,0.0,83.0,0.49,Urban,Low,27.8,0.405,0,203.12,25.71,52.85,inefficient_gear
V009,2026-08-22T11:30:32,Semi-Trailer,2,12.8,30881.6,Diesel,19.121876,72.86257,48.9,0.06,1506.0,2,70.6,0.0,81.4,0.67,Urban,Low,27.9,0.419,0,203.12,25.83,52.85,inefficient_gear
V009,2026-08-22T11:30:33,Semi-Trailer,2,12.8,30881.6,Diesel,19.122001,72.862669,49.8,0.25,2634.0,2,64.6,0.0,90.3,-2.34,Urban,Low,24.8,0.433,0,203.11,26.31,52.85,inefficient_gear
V009,2026-08-22T11:30:34,Semi-Trailer,2,12.8,30881.6,Diesel,19.122128,72.862771,50.7,0.25,1599.0,2,57.7,0.0,80.6,1.82,Urban,Low,29.2,0.447,0,203.1,26.79,52.85,inefficient_gear
V009,2026-08-22T11:30:35,Semi-Trailer,2,12.8,30881.6,Diesel,19.122257,72.862875,51.9,0.34,2585.0,2,55.9,0.0,87.2,-0.05,Urban,Low,29.3,0.461,0,203.09,27.43,52.85,inefficient_gear
V009,2026-08-22T11:30:36,Semi-Trailer,2,12.8,30881.6,Diesel,19.122387,72.862978,51.7,-0.04,1638.0,2,77.9,0.0,79.0,0.62,Urban,Low,27.9,0.476,0,203.09,27.35,52.85,inefficient_gear
V009,2026-08-22T11:30:37,Semi-Trailer,2,12.8,30881.6,Diesel,19.122521,72.863085,53.5,0.49,2563.0,2,67.0,0.0,89.7,-2.2,Urban,Low,30.7,0.491,0,203.08,28.29,52.85,inefficient_gear
V009,2026-08-22T11:30:38,Semi-Trailer,2,12.8,30881.6,Diesel,19.122655,72.863193,53.9,0.11,2655.0,2,61.4,0.0,88.8,-1.18,Urban,Low,25.9,0.506,0,203.07,28.5,52.85,inefficient_gear
V009,2026-08-22T11:30:39,Semi-Trailer,2,12.8,30881.6,Diesel,19.122788,72.863299,53.0,-0.25,2596.0,2,65.6,0.0,88.5,-0.94,Urban,Low,27.0,0.52,0,203.06,28.01,52.85,inefficient_gear
V009,2026-08-22T11:30:40,Semi-Trailer,2,12.8,30881.6,Diesel,19.122925,72.863408,54.7,0.48,2597.0,2,75.4,0.0,88.7,0.0,Urban,Low,26.5,0.535,0,203.05,28.92,52.85,inefficient_gear
V009,2026-08-22T11:30:41,Semi-Trailer,2,12.8,30881.6,Diesel,19.123063,72.863519,55.2,0.13,1735.0,2,74.3,0.0,88.5,1.02,Urban,Low,28.0,0.551,0,203.05,29.17,52.85,inefficient_gear
V009,2026-08-22T11:30:42,Semi-Trailer,2,12.8,30881.6,Diesel,19.123202,72.863631,55.9,0.2,2549.0,2,69.1,0.0,91.5,-0.67,Urban,Low,27.5,0.566,0,203.04,29.55,52.85,inefficient_gear
V009,2026-08-22T11:30:43,Semi-Trailer,2,12.8,30881.6,Diesel,19.123342,72.863743,55.9,0.01,1697.0,2,64.8,0.0,77.1,0.88,Urban,Low,28.7,0.582,0,203.03,29.56,52.85,inefficient_gear
V009,2026-08-22T11:30:44,Semi-Trailer,2,12.8,30881.6,Diesel,19.123485,72.863856,57.0,0.29,2579.0,2,73.4,0.0,85.8,1.02,Urban,Low,29.8,0.598,0,203.02,30.12,52.85,inefficient_gear
V009,2026-08-22T11:30:45,Semi-Trailer,2,12.8,30881.6,Diesel,19.123627,72.863971,57.0,0.01,1714.0,2,75.0,0.0,85.9,0.29,Urban,Low,28.9,0.614,0,203.01,30.14,52.85,inefficient_gear
V009,2026-08-22T11:30:46,Semi-Trailer,2,12.8,30881.6,Diesel,19.123771,72.864085,57.3,0.08,2583.0,2,69.5,0.0,78.7,-0.14,Urban,Low,29.9,0.629,0,203.01,30.3,52.85,inefficient_gear
V009,2026-08-22T11:30:47,Semi-Trailer,2,12.8,30881.6,Diesel,19.123917,72.864202,58.5,0.32,2572.0,2,75.8,0.0,75.3,0.51,Urban,Low,27.0,0.646,0,203.0,30.91,52.85,inefficient_gear
V009,2026-08-22T11:30:48,Semi-Trailer,2,12.8,30881.6,Diesel,19.124063,72.864319,58.6,0.04,2628.0,2,68.8,0.0,85.7,-2.54,Urban,Low,26.2,0.662,0,202.99,30.98,52.85,inefficient_gear
V009,2026-08-22T11:30:49,Semi-Trailer,2,12.8,30881.6,Diesel,19.124207,72.864435,57.7,-0.27,2555.0,2,76.2,0.0,87.2,1.49,Urban,Low,26.3,0.678,0,202.98,30.47,52.85,inefficient_gear
V009,2026-08-22T11:30:50,Semi-Trailer,2,12.8,30881.6,Diesel,19.124353,72.864551,58.3,0.19,2569.0,2,57.9,0.0,85.5,-2.15,Urban,Low,28.2,0.694,0,202.97,30.83,52.85,inefficient_gear
V009,2026-08-22T11:30:51,Semi-Trailer,2,12.8,30881.6,Diesel,19.124501,72.864669,59.0,0.18,2607.0,2,63.0,0.0,78.5,2.24,Urban,Low,27.8,0.711,0,202.96,31.18,52.85,inefficient_gear
V009,2026-08-22T11:30:52,Semi-Trailer,2,12.8,30881.6,Diesel,19.124651,72.864789,60.0,0.28,2578.0,2,65.5,0.0,78.5,0.58,Urban,Low,28.3,0.727,0,202.95,31.72,52.85,inefficient_gear
V009,2026-08-22T11:30:53,Semi-Trailer,2,12.8,30881.6,Diesel,19.1248,72.864909,59.8,-0.06,2641.0,2,55.5,0.0,78.7,-1.71,Urban,Low,27.8,0.744,0,202.94,31.61,52.85,inefficient_gear
V009,2026-08-22T11:30:54,Semi-Trailer,2,12.8,30881.6,Diesel,19.124952,72.86503,60.6,0.22,2630.0,2,56.7,0.0,90.8,-0.34,Urban,Low,28.1,0.761,0,202.94,32.04,52.85,inefficient_gear
V009,2026-08-22T11:30:55,Semi-Trailer,2,12.8,30881.6,Diesel,19.125104,72.865152,61.0,0.1,1787.0,2,56.7,0.0,80.9,-2.3,Urban,Low,26.4,0.778,0,202.93,32.23,52.85,inefficient_gear
V009,2026-08-22T11:30:56,Semi-Trailer,2,12.8,30881.6,Diesel,19.125256,72.865274,60.7,-0.07,1771.0,2,55.4,0.0,85.6,-0.31,Urban,Low,29.2,0.795,0,202.92,32.1,52.85,inefficient_gear
V009,2026-08-22T11:30:57,Semi-Trailer,2,12.8,30881.6,Diesel,19.12541,72.865397,61.7,0.27,1820.0,2,58.9,0.0,75.2,-0.16,Urban,Low,26.9,0.812,0,202.91,32.62,52.85,inefficient_gear
V009,2026-08-22T11:30:58,Semi-Trailer,2,12.8,30881.6,Diesel,19.125563,72.865519,61.1,-0.17,1814.0,2,58.2,0.0,88.3,-2.15,Urban,Low,27.7,0.829,0,202.9,32.3,52.85,inefficient_gear
V009,2026-08-22T11:30:59,Semi-Trailer,2,12.8,30881.6,Diesel,19.125718,72.865643,62.0,0.25,1842.0,2,74.1,0.0,89.3,-0.12,Urban,Low,26.1,0.846,0,202.89,32.78,52.85,inefficient_gear
V009,2026-08-22T11:31:00,Semi-Trailer,2,12.8,30881.6,Diesel,19.125874,72.865768,62.3,0.07,1869.0,2,55.2,0.0,87.2,-0.23,Urban,Low,27.7,0.863,0,202.88,32.91,52.85,inefficient_gear
V009,2026-08-22T11:31:01,Semi-Trailer,2,12.8,30881.6,Diesel,19.126029,72.865892,62.1,-0.05,2591.0,2,67.8,0.0,85.3,2.91,Urban,Low,29.2,0.88,0,202.87,32.81,52.85,inefficient_gear
V009,2026-08-22T11:31:02,Semi-Trailer,2,12.8,30881.6,Diesel,19.126187,72.866018,63.0,0.25,2602.0,2,71.2,0.0,91.9,0.47,Urban,Low,27.6,0.898,0,202.86,33.29,52.85,inefficient_gear
V009,2026-08-22T11:31:03,Semi-Trailer,2,12.8,30881.6,Diesel,19.126344,72.866144,62.9,-0.01,1859.0,2,68.6,0.0,88.6,0.97,Urban,Low,27.6,0.915,0,202.85,33.27,52.85,inefficient_gear
V009,2026-08-22T11:31:04,Semi-Trailer,2,12.8,30881.6,Diesel,19.126501,72.866269,62.6,-0.09,2623.0,2,62.4,0.0,75.6,-1.02,Urban,Low,26.2,0.933,0,202.84,33.1,52.85,inefficient_gear
V009,2026-08-22T11:31:05,Semi-Trailer,2,12.8,30881.6,Diesel,19.126656,72.866393,62.1,-0.13,1866.0,2,75.1,0.0,76.0,0.85,Urban,Low,27.7,0.95,0,202.84,32.84,52.85,inefficient_gear
V009,2026-08-22T11:31:06,Semi-Trailer,2,12.8,30881.6,Diesel,19.126815,72.866521,63.6,0.42,2596.0,2,58.2,0.0,82.6,0.79,Urban,Low,25.9,0.968,0,202.83,33.64,52.85,inefficient_gear
V009,2026-08-22T11:31:07,Semi-Trailer,2,12.8,30881.6,Diesel,19.126973,72.866647,63.0,-0.17,1838.0,2,59.5,0.0,83.9,-0.81,Urban,Low,32.4,0.985,0,202.82,33.32,52.85,inefficient_gear
V009,2026-08-22T11:31:08,Semi-Trailer,2,12.8,30881.6,Diesel,19.12713,72.866773,63.1,0.02,2614.0,2,64.8,0.0,75.5,1.37,Urban,Low,27.5,1.003,0,202.81,33.36,52.85,inefficient_gear
V009,2026-08-22T11:31:09,Semi-Trailer,2,12.8,30881.6,Diesel,19.12729,72.866901,63.9,0.23,1898.0,2,64.4,0.0,79.9,-2.14,Urban,Low,24.5,1.021,0,202.8,33.79,52.85,inefficient_gear
V009,2026-08-22T11:31:10,Semi-Trailer,2,12.8,30881.6,Diesel,19.127451,72.86703,64.4,0.13,1906.0,2,56.4,0.0,90.3,-1.12,Urban,Low,29.2,1.038,0,202.79,34.03,52.85,inefficient_gear
V009,2026-08-22T11:31:11,Semi-Trailer,2,12.8,30881.6,Diesel,19.127611,72.867158,63.9,-0.13,2661.0,2,72.4,0.0,91.6,0.78,Urban,Low,27.4,1.056,0,202.78,33.79,52.85,inefficient_gear
V009,2026-08-22T11:31:12,Semi-Trailer,2,12.8,30881.6,Diesel,19.127771,72.867286,64.0,0.0,2574.0,2,75.1,0.0,84.3,-0.06,Urban,Low,24.6,1.074,0,202.77,33.8,52.85,inefficient_gear
V009,2026-08-22T11:31:13,Semi-Trailer,2,12.8,30881.6,Diesel,19.127932,72.867414,64.3,0.09,2573.0,2,59.7,0.0,91.3,0.62,Urban,Low,27.4,1.092,0,202.76,33.97,52.85,inefficient_gear
V009,2026-08-22T11:31:14,Semi-Trailer,2,12.8,30881.6,Diesel,19.128094,72.867544,64.8,0.15,2555.0,2,66.6,0.0,87.7,-0.75,Urban,Low,26.5,1.11,0,202.75,34.25,52.85,inefficient_gear
V009,2026-08-22T11:31:15,Semi-Trailer,2,12.8,30881.6,Diesel,19.128255,72.867673,64.6,-0.05,2573.0,2,62.7,0.0,83.6,0.58,Urban,Low,27.6,1.128,0,202.74,34.16,52.85,inefficient_gear
V009,2026-08-22T11:31:16,Semi-Trailer,2,12.8,30881.6,Diesel,19.128415,72.867801,64.0,-0.19,1856.0,2,77.7,0.0,87.5,0.59,Urban,Low,30.1,1.146,0,202.73,33.81,52.85,inefficient_gear
V009,2026-08-22T11:31:17,Semi-Trailer,2,12.8,30881.6,Diesel,19.128574,72.867928,63.4,-0.17,1885.0,2,79.8,0.0,84.4,1.15,Urban,Low,25.5,1.163,0,202.72,33.49,52.85,inefficient_gear
V009,2026-08-22T11:31:18,Semi-Trailer,2,12.8,30881.6,Diesel,19.128736,72.868058,65.0,0.45,2636.0,2,72.0,0.0,81.9,-0.71,Urban,Low,29.8,1.181,0,202.71,34.34,52.85,inefficient_gear
V009,2026-08-22T11:31:19,Semi-Trailer,2,12.8,30881.6,Diesel,19.128899,72.868188,65.2,0.06,1956.0,2,63.2,0.0,91.3,-0.63,Urban,Low,26.6,1.199,0,202.7,34.45,52.85,inefficient_gear
V009,2026-08-22T11:31:20,Semi-Trailer,2,12.8,30881.6,Diesel,19.129064,72.86832,65.8,0.18,1898.0,2,55.8,0.0,80.9,1.13,Urban,Low,27.1,1.218,0,202.69,34.79,52.85,inefficient_gear
V009,2026-08-22T11:31:21,Semi-Trailer,2,12.8,30881.6,Diesel,19.12923,72.868453,66.6,0.2,1931.0,2,79.4,0.0,77.8,-0.86,Urban,Low,29.8,1.236,0,202.68,35.18,52.85,inefficient_gear
V009,2026-08-22T11:31:22,Semi-Trailer,2,12.8,30881.6,Diesel,19.129396,72.868585,66.4,-0.04,2686.0,2,69.9,0.0,86.1,-2.58,Urban,Low,25.2,1.255,0,202.67,35.1,52.85,inefficient_gear
V009,2026-08-22T11:31:23,Semi-Trailer,2,12.8,30881.6,Diesel,19.129563,72.868719,66.9,0.14,2649.0,2,60.6,0.0,87.4,0.17,Urban,Low,29.4,1.273,0,202.67,35.36,52.85,inefficient_gear
V009,2026-08-22T11:31:24,Semi-Trailer,2,12.8,30881.6,Diesel,19.129732,72.868855,67.6,0.2,1976.0,2,61.5,0.0,85.0,0.24,Urban,Low,27.0,1.292,0,202.66,35.75,52.85,inefficient_gear
V009,2026-08-22T11:31:25,Semi-Trailer,2,12.8,30881.6,Diesel,19.129902,72.86899,67.8,0.04,2590.0,2,59.3,0.0,78.1,0.33,Urban,Low,26.8,1.311,0,202.65,35.81,52.85,inefficient_gear
V009,2026-08-22T11:31:26,Semi-Trailer,2,12.8,30881.6,Diesel,19.130071,72.869126,67.7,-0.01,2608.0,2,73.1,0.0,85.5,-0.11,Urban,Low,29.9,1.33,0,202.64,35.8,52.85,inefficient_gear
V009,2026-08-22T11:31:27,Semi-Trailer,2,12.8,30881.6,Diesel,19.130245,72.869265,69.6,0.52,2018.0,2,76.7,0.0,82.3,-1.22,Urban,Low,28.6,1.349,0,202.63,36.8,52.85,inefficient_gear
V009,2026-08-22T11:31:28,Semi-Trailer,2,12.8,30881.6,Diesel,19.130419,72.869404,69.6,0.0,2578.0,2,61.3,0.0,78.9,-1.23,Urban,Low,28.9,1.368,0,202.61,36.8,52.85,inefficient_gear
V009,2026-08-22T11:31:29,Semi-Trailer,2,12.8,30881.6,Diesel,19.130596,72.869546,70.9,0.35,1993.0,2,65.5,0.0,90.6,-0.98,Urban,Low,29.2,1.388,0,202.6,37.47,52.85,inefficient_gear
V009,2026-08-22T11:31:30,Semi-Trailer,2,12.8,30881.6,Diesel,19.130775,72.869688,71.2,0.1,2634.0,2,63.3,0.0,80.9,0.2,Urban,Low,27.3,1.408,0,202.59,37.65,52.85,inefficient_gear
V009,2026-08-22T11:31:31,Semi-Trailer,2,12.8,30881.6,Diesel,19.130952,72.869831,71.2,-0.02,2602.0,2,56.7,0.0,85.7,0.85,Urban,Low,27.6,1.427,0,202.58,37.61,52.85,inefficient_gear
V009,2026-08-22T11:31:32,Semi-Trailer,2,12.8,30881.6,Diesel,19.13113,72.869973,71.1,-0.01,2562.0,2,79.6,0.0,86.7,1.31,Urban,Low,28.0,1.447,0,202.57,37.6,52.85,inefficient_gear
V009,2026-08-22T11:31:33,Semi-Trailer,2,12.8,30881.6,Diesel,19.131307,72.870114,70.8,-0.11,2592.0,2,79.9,0.0,75.7,-3.12,Urban,Low,27.5,1.467,0,202.56,37.4,52.85,inefficient_gear
V009,2026-08-22T11:31:34,Semi-Trailer,2,12.8,30881.6,Diesel,19.131487,72.870259,72.0,0.35,2614.0,2,66.8,0.0,80.5,2.01,Urban,Low,25.0,1.487,0,202.55,38.06,52.85,inefficient_gear
V009,2026-08-22T11:31:35,Semi-Trailer,2,12.8,30881.6,Diesel,19.131667,72.870402,71.7,-0.08,2123.0,2,72.4,0.0,86.7,0.78,Urban,Low,30.8,1.507,0,202.54,37.92,52.85,inefficient_gear
V009,2026-08-22T11:31:36,Semi-Trailer,2,12.8,30881.6,Diesel,19.131845,72.870545,71.5,-0.06,2637.0,2,69.4,0.0,84.6,-2.12,Urban,Low,24.4,1.527,0,202.53,37.8,52.85,inefficient_gear
V009,2026-08-22T11:31:37,Semi-Trailer,2,12.8,30881.6,Diesel,19.132027,72.87069,72.6,0.3,2540.0,2,68.1,0.0,86.8,0.1,Urban,Low,31.7,1.547,0,202.52,38.37,52.85,inefficient_gear
V009,2026-08-22T11:31:38,Semi-Trailer,2,12.8,30881.6,Diesel,19.132211,72.870838,73.7,0.3,2083.0,2,57.9,0.0,83.7,-1.03,Urban,Low,30.4,1.567,0,202.51,38.95,52.85,inefficient_gear
V009,2026-08-22T11:31:39,Semi-Trailer,2,12.8,30881.6,Diesel,19.132393,72.870983,72.8,-0.25,2672.0,2,67.4,0.0,89.9,0.41,Urban,Low,29.2,1.588,0,202.5,38.47,52.85,inefficient_gear
V009,2026-08-22T11:31:40,Semi-Trailer,2,12.8,30881.6,Diesel,19.132576,72.87113,73.2,0.11,2095.0,2,79.2,0.0,83.7,-1.2,Urban,Low,25.8,1.608,0,202.49,38.69,52.85,inefficient_gear
V009,2026-08-22T11:31:41,Semi-Trailer,2,12.8,30881.6,Diesel,19.132758,72.871275,73.0,-0.07,2133.0,2,64.3,0.0,77.4,-1.8,Urban,Low,29.8,1.628,0,202.48,38.56,52.85,inefficient_gear
V009,2026-08-22T11:31:42,Semi-Trailer,2,12.8,30881.6,Diesel,19.13294,72.871421,72.7,-0.07,2102.0,2,63.4,0.0,90.4,-3.18,Urban,Low,30.6,1.648,0,202.47,38.42,52.85,inefficient_gear
V009,2026-08-22T11:31:43,Semi-Trailer,2,12.8,30881.6,Diesel,19.133124,72.871568,73.6,0.24,2108.0,2,62.3,0.0,80.0,0.69,Urban,Low,27.1,1.669,0,202.46,38.88,52.85,inefficient_gear
V009,2026-08-22T11:31:44,Semi-Trailer,2,12.8,30881.6,Diesel,19.133309,72.871716,74.1,0.15,2552.0,2,74.2,0.0,78.9,2.23,Urban,Low,26.6,1.689,0,202.45,39.17,52.85,inefficient_gear
V009,2026-08-22T11:31:45,Semi-Trailer,2,12.8,30881.6,Diesel,19.133497,72.871866,75.0,0.44,2145.0,2,66.1,0.0,77.8,0.29,Urban,Low,27.7,1.71,0,202.43,39.64,52.85,inefficient_gear
V009,2026-08-22T11:31:46,Semi-Trailer,2,12.8,30881.6,Diesel,19.133683,72.872015,74.3,-0.18,2576.0,2,62.4,0.0,83.8,-1.15,Urban,Low,25.8,1.731,0,202.42,39.3,52.85,inefficient_gear
V009,2026-08-22T11:31:47,Semi-Trailer,2,12.8,30881.6,Diesel,19.133867,72.872162,73.8,-0.17,2593.0,2,72.3,0.0,75.2,0.7,Urban,Low,31.0,1.751,0,202.41,38.98,52.85,inefficient_gear
V009,2026-08-22T11:31:48,Semi-Trailer,2,12.8,30881.6,Diesel,19.134051,72.872309,73.4,-0.09,2614.0,2,74.5,0.0,79.4,-0.15,Urban,Low,28.5,1.772,0,202.4,38.82,52.85,inefficient_gear
V009,2026-08-22T11:31:49,Semi-Trailer,2,12.8,30881.6,Diesel,19.134235,72.872457,73.7,0.07,2620.0,2,65.6,0.0,79.1,-1.28,Urban,Low,27.9,1.792,0,202.39,38.94,52.85,inefficient_gear
V009,2026-08-22T11:31:50,Semi-Trailer,2,12.8,30881.6,Diesel,19.13442,72.872605,74.0,0.09,2125.0,2,56.9,0.0,83.3,-1.9,Urban,Low,25.8,1.813,0,202.38,39.11,52.85,inefficient_gear
V009,2026-08-22T11:31:51,Semi-Trailer,2,12.8,30881.6,Diesel,19.134607,72.872755,75.0,0.28,2610.0,2,75.5,0.0,80.2,-0.67,Urban,Low,30.4,1.834,0,202.37,39.64,52.85,inefficient_gear
V009,2026-08-22T11:31:52,Semi-Trailer,2,12.8,30881.6,Diesel,19.134795,72.872905,75.0,0.03,2112.0,2,62.8,0.0,90.4,3.37,Urban,Low,28.7,1.854,0,202.36,39.64,52.85,inefficient_gear
V009,2026-08-22T11:31:53,Semi-Trailer,2,12.8,30881.6,Diesel,19.13498,72.873053,74.1,-0.25,2614.0,2,71.9,0.0,79.9,-1.06,Urban,Low,30.1,1.875,0,202.35,39.16,52.85,inefficient_gear
V009,2026-08-22T11:31:54,Semi-Trailer,2,12.8,30881.6,Diesel,19.135166,72.873201,74.2,0.03,2130.0,2,68.9,0.0,90.3,-0.0,Urban,Low,25.6,1.896,0,202.34,39.22,52.85,inefficient_gear
V009,2026-08-22T11:31:55,Semi-Trailer,2,12.8,30881.6,Diesel,19.135353,72.873351,75.0,0.41,2609.0,2,72.6,0.0,77.0,-1.51,Urban,Low,28.3,1.916,0,202.33,39.64,52.85,inefficient_gear
V009,2026-08-22T11:31:56,Semi-Trailer,2,12.8,30881.6,Diesel,19.135541,72.873501,75.0,0.24,2098.0,2,67.1,0.0,76.6,1.1,Urban,Low,29.6,1.937,0,202.31,39.64,52.85,inefficient_gear
V009,2026-08-22T11:31:57,Semi-Trailer,2,12.8,30881.6,Diesel,19.135728,72.873651,75.0,0.08,2165.0,2,70.2,0.0,75.2,1.59,Urban,Low,27.8,1.958,0,202.3,39.64,52.85,inefficient_gear
V009,2026-08-22T11:31:58,Semi-Trailer,2,12.8,30881.6,Diesel,19.135915,72.873801,74.9,-0.04,2662.0,2,76.4,0.0,86.5,2.01,Urban,Low,28.5,1.979,0,202.29,39.57,52.85,inefficient_gear
V009,2026-08-22T11:31:59,Semi-Trailer,2,12.8,30881.6,Diesel,19.136102,72.87395,74.5,-0.09,2131.0,2,55.8,0.0,89.5,1.14,Urban,Low,26.7,2.0,0,202.28,39.39,52.85,inefficient_gear
V009,2026-08-22T13:30:00,Semi-Trailer,2,12.8,31233.2,Diesel,19.065696,72.889735,0.0,0.0,1972.0,0,0.0,42.1,16.4,0.0,Mountain,Medium,26.6,0.0,1,405.97,3.83,99.9,excessive_idling
V009,2026-08-22T13:30:01,Semi-Trailer,2,12.8,31233.2,Diesel,19.065696,72.889735,0.0,0.0,1947.0,0,0.0,42.9,15.3,0.16,Mountain,Medium,26.9,0.0,2,405.97,3.95,99.9,excessive_idling
V009,2026-08-22T13:30:02,Semi-Trailer,2,12.8,31233.2,Diesel,19.065696,72.889735,0.0,0.0,1971.0,0,0.0,30.1,17.5,0.31,Mountain,Medium,27.6,0.0,3,405.97,3.82,99.9,excessive_idling
V009,2026-08-22T13:30:03,Semi-Trailer,2,12.8,31233.2,Diesel,19.065696,72.889735,0.0,0.0,1981.0,0,0.0,30.7,16.4,0.47,Mountain,Medium,28.0,0.0,4,405.97,3.86,99.9,excessive_idling
V009,2026-08-22T13:30:04,Semi-Trailer,2,12.8,31233.2,Diesel,19.065696,72.889735,0.0,0.0,1991.0,0,0.0,30.8,16.3,0.63,Mountain,Medium,27.9,0.0,5,405.97,3.91,99.9,excessive_idling
V009,2026-08-22T13:30:05,Semi-Trailer,2,12.8,31233.2,Diesel,19.065696,72.889735,0.0,0.0,1970.0,0,0.0,45.3,15.2,0.78,Mountain,Medium,26.9,0.0,6,405.96,3.87,99.9,excessive_idling
V009,2026-08-22T13:30:06,Semi-Trailer,2,12.8,31233.2,Diesel,19.065696,72.889735,0.0,0.0,1966.0,0,0.0,51.2,13.6,0.94,Mountain,Medium,29.7,0.0,7,405.96,3.89,99.9,excessive_idling
V009,2026-08-22T13:30:07,Semi-Trailer,2,12.8,31233.2,Diesel,19.065696,72.889735,0.0,0.0,1987.0,0,0.0,58.4,15.5,1.09,Mountain,Medium,26.8,0.0,8,405.96,3.87,99.9,excessive_idling
V009,2026-08-22T13:30:08,Semi-Trailer,2,12.8,31233.2,Diesel,19.065696,72.889735,0.0,0.0,1959.0,0,0.0,35.9,17.0,1.25,Mountain,Medium,27.1,0.0,9,405.96,3.83,99.9,excessive_idling
V009,2026-08-22T13:30:09,Semi-Trailer,2,12.8,31233.2,Diesel,19.065696,72.889735,0.0,0.0,1988.0,0,0.0,56.3,13.3,1.4,Mountain,Medium,27.3,0.0,10,405.96,3.72,99.9,excessive_idling
V009,2026-08-22T13:30:10,Semi-Trailer,2,12.8,31233.2,Diesel,19.065696,72.889735,0.0,0.0,1978.0,0,0.0,59.6,16.5,1.55,Mountain,Medium,28.5,0.0,11,405.96,3.8,99.9,excessive_idling
V009,2026-08-22T13:30:11,Semi-Trailer,2,12.8,31233.2,Diesel,19.065696,72.889735,0.0,0.0,1990.0,0,0.0,53.8,14.4,1.7,Mountain,Medium,29.1,0.0,12,405.96,3.91,99.9,excessive_idling
V009,2026-08-22T13:30:12,Semi-Trailer,2,12.8,31233.2,Diesel,19.065696,72.889735,0.0,0.0,1988.0,0,0.0,51.8,17.2,1.85,Mountain,Medium,25.6,0.0,13,405.96,3.95,99.9,excessive_idling
V009,2026-08-22T13:30:13,Semi-Trailer,2,12.8,31233.2,Diesel,19.065696,72.889735,0.0,0.0,1972.0,0,0.0,47.4,12.0,2.0,Mountain,Medium,29.1,0.0,14,405.96,3.9,99.9,excessive_idling
V009,2026-08-22T13:30:14,Semi-Trailer,2,12.8,31233.2,Diesel,19.065696,72.889735,0.0,0.0,1973.0,0,0.0,51.6,15.0,2.14,Mountain,Medium,28.2,0.0,15,405.95,3.96,99.9,excessive_idling
V009,2026-08-22T13:30:15,Semi-Trailer,2,12.8,31233.2,Diesel,19.065696,72.889735,0.0,0.0,1984.0,0,0.0,52.2,15.1,2.29,Mountain,Medium,30.4,0.0,16,405.95,3.84,99.9,excessive_idling
V009,2026-08-22T13:30:16,Semi-Trailer,2,12.8,31233.2,Diesel,19.065696,72.889735,0.0,0.0,1989.0,0,0.0,53.5,17.8,2.43,Mountain,Medium,30.1,0.0,17,405.95,3.71,99.9,excessive_idling
V009,2026-08-22T13:30:17,Semi-Trailer,2,12.8,31233.2,Diesel,19.065696,72.889735,0.0,0.0,1973.0,0,0.0,54.5,14.8,2.57,Mountain,Medium,27.8,0.0,18,405.95,3.65,99.9,excessive_idling
V009,2026-08-22T13:30:18,Semi-Trailer,2,12.8,31233.2,Diesel,19.065696,72.889735,0.0,0.0,1966.0,0,0.0,47.9,16.1,2.71,Mountain,Medium,27.2,0.0,19,405.95,3.98,99.9,excessive_idling
V009,2026-08-22T13:30:19,Semi-Trailer,2,12.8,31233.2,Diesel,19.065696,72.889735,0.0,0.0,1973.0,0,0.0,34.9,17.7,2.84,Mountain,Medium,30.9,0.0,20,405.95,3.88,99.9,excessive_idling
V009,2026-08-22T13:30:20,Semi-Trailer,2,12.8,31233.2,Diesel,19.065696,72.889735,0.0,0.0,1980.0,0,0.0,43.5,13.1,2.97,Mountain,Medium,29.2,0.0,21,405.95,3.94,99.9,excessive_idling
V009,2026-08-22T13:30:21,Semi-Trailer,2,12.8,31233.2,Diesel,19.065696,72.889735,0.0,0.0,1991.0,0,0.0,58.1,16.4,3.11,Mountain,Medium,28.2,0.0,22,405.95,3.93,99.9,excessive_idling
V009,2026-08-22T13:30:22,Semi-Trailer,2,12.8,31233.2,Diesel,19.065696,72.889735,0.0,0.0,1987.0,0,0.0,58.0,13.0,3.23,Mountain,Medium,28.9,0.0,23,405.95,3.83,99.9,excessive_idling
V009,2026-08-22T13:30:23,Semi-Trailer,2,12.8,31233.2,Diesel,19.065696,72.889735,0.0,0.0,2002.0,0,0.0,53.7,17.7,3.36,Mountain,Medium,28.2,0.0,24,405.94,3.74,99.9,excessive_idling
V009,2026-08-22T13:30:24,Semi-Trailer,2,12.8,31233.2,Diesel,19.065696,72.889735,0.0,0.0,1972.0,0,0.0,49.4,15.7,3.48,Mountain,Medium,24.6,0.0,25,405.94,3.91,99.9,excessive_idling
V009,2026-08-22T13:30:25,Semi-Trailer,2,12.8,31233.2,Diesel,19.065696,72.889735,0.0,0.0,1981.0,0,0.0,47.9,12.4,3.6,Mountain,Medium,27.8,0.0,26,405.94,4.02,99.9,excessive_idling
V009,2026-08-22T13:30:26,Semi-Trailer,2,12.8,31233.2,Diesel,19.065696,72.889735,0.0,0.0,2003.0,0,0.0,51.1,17.6,3.72,Mountain,Medium,26.8,0.0,27,405.94,4.07,99.9,excessive_idling
V009,2026-08-22T13:30:27,Semi-Trailer,2,12.8,31233.2,Diesel,19.065696,72.889735,0.0,0.0,1968.0,0,0.0,53.4,12.5,3.83,Mountain,Medium,28.7,0.0,28,405.94,4.11,99.9,excessive_idling
V009,2026-08-22T13:30:28,Semi-Trailer,2,12.8,31233.2,Diesel,19.065696,72.889735,0.0,0.0,1981.0,0,0.0,43.7,17.8,3.95,Mountain,Medium,28.0,0.0,29,405.94,3.93,99.9,excessive_idling
V009,2026-08-22T13:30:29,Semi-Trailer,2,12.8,31233.2,Diesel,19.065696,72.889735,0.0,0.0,1954.0,0,0.0,33.1,14.0,4.05,Mountain,Medium,26.0,0.0,30,405.94,3.8,99.9,excessive_idling
V009,2026-08-22T13:30:30,Semi-Trailer,2,12.8,31233.2,Diesel,19.065696,72.889735,0.0,0.0,2000.0,0,0.0,37.0,17.6,4.16,Mountain,Medium,29.3,0.0,31,405.94,3.96,99.9,excessive_idling
V009,2026-08-22T13:30:31,Semi-Trailer,2,12.8,31233.2,Diesel,19.065696,72.889735,0.0,0.0,2003.0,0,0.0,52.4,16.5,4.26,Mountain,Medium,29.7,0.0,32,405.94,3.87,99.9,excessive_idling
V009,2026-08-22T13:30:32,Semi-Trailer,2,12.8,31233.2,Diesel,19.065696,72.889735,0.0,0.0,1976.0,0,0.0,42.7,17.0,4.36,Mountain,Medium,24.3,0.0,33,405.94,4.11,99.9,excessive_idling
V009,2026-08-22T13:30:33,Semi-Trailer,2,12.8,31233.2,Diesel,19.065696,72.889735,0.0,0.0,1975.0,0,0.0,34.1,12.2,4.45,Mountain,Medium,31.0,0.0,34,405.93,3.97,99.9,excessive_idling
V009,2026-08-22T13:30:34,Semi-Trailer,2,12.8,31233.2,Diesel,19.065696,72.889735,0.0,0.0,1971.0,0,0.0,36.6,13.0,4.54,Mountain,Medium,27.3,0.0,35,405.93,3.95,99.9,excessive_idling
V009,2026-08-22T13:30:35,Semi-Trailer,2,12.8,31233.2,Diesel,19.065696,72.889735,0.0,0.0,1993.0,0,0.0,45.1,14.5,4.63,Mountain,Medium,26.4,0.0,36,405.93,3.98,99.9,excessive_idling
V009,2026-08-22T13:30:36,Semi-Trailer,2,12.8,31233.2,Diesel,19.065696,72.889735,0.0,0.0,1997.0,0,0.0,31.6,16.9,4.71,Mountain,Medium,28.3,0.0,37,405.93,3.95,99.9,excessive_idling
V009,2026-08-22T13:30:37,Semi-Trailer,2,12.8,31233.2,Diesel,19.065696,72.889735,0.0,0.0,1968.0,0,0.0,45.5,17.7,4.79,Mountain,Medium,28.8,0.0,38,405.93,3.85,99.9,excessive_idling
V009,2026-08-22T13:30:38,Semi-Trailer,2,12.8,31233.2,Diesel,19.065696,72.889735,0.0,0.0,1984.0,0,0.0,36.2,13.4,4.87,Mountain,Medium,24.5,0.0,39,405.93,4.1,99.9,excessive_idling
V009,2026-08-22T13:30:39,Semi-Trailer,2,12.8,31233.2,Diesel,19.065696,72.889735,0.0,0.0,1977.0,0,0.0,52.5,17.6,4.94,Mountain,Medium,28.8,0.0,40,405.93,4.0,99.9,excessive_idling
V009,2026-08-22T13:30:40,Semi-Trailer,2,12.8,31233.2,Diesel,19.065696,72.889735,0.0,0.0,2000.0,0,0.0,51.9,15.4,5.0,Mountain,Medium,31.0,0.0,41,405.93,3.85,99.9,excessive_idling
V009,2026-08-22T13:30:41,Semi-Trailer,2,12.8,31233.2,Diesel,19.065696,72.889735,0.0,0.0,1989.0,0,0.0,45.6,14.0,5.07,Mountain,Medium,27.7,0.0,42,405.93,3.98,99.9,excessive_idling
V009,2026-08-22T13:30:42,Semi-Trailer,2,12.8,31233.2,Diesel,19.065696,72.889735,0.0,0.0,1994.0,0,0.0,40.5,12.7,5.13,Mountain,Medium,25.7,0.0,43,405.92,4.0,99.9,excessive_idling
V009,2026-08-22T13:30:43,Semi-Trailer,2,12.8,31233.2,Diesel,19.065696,72.889735,0.0,0.0,1986.0,0,0.0,49.2,13.8,5.18,Mountain,Medium,26.6,0.0,44,405.92,4.0,99.9,excessive_idling
V009,2026-08-22T13:30:44,Semi-Trailer,2,12.8,31233.2,Diesel,19.065696,72.889735,0.0,0.0,1978.0,0,0.0,33.4,14.0,5.23,Mountain,Medium,26.6,0.0,45,405.92,4.02,99.9,excessive_idling
V009,2026-08-22T13:30:45,Semi-Trailer,2,12.8,31233.2,Diesel,19.065696,72.889735,0.0,0.0,2015.0,0,0.0,41.5,16.8,5.28,Mountain,Medium,28.3,0.0,46,405.92,3.95,99.9,excessive_idling
V009,2026-08-22T13:30:46,Semi-Trailer,2,12.8,31233.2,Diesel,19.065696,72.889735,0.0,0.0,1954.0,0,0.0,40.5,13.2,5.32,Mountain,Medium,26.2,0.0,47,405.92,3.78,99.9,excessive_idling
V009,2026-08-22T13:30:47,Semi-Trailer,2,12.8,31233.2,Diesel,19.065696,72.889735,0.0,0.0,1981.0,0,0.0,38.4,17.9,5.36,Mountain,Medium,26.6,0.0,48,405.92,3.79,99.9,excessive_idling
V009,2026-08-22T13:30:48,Semi-Trailer,2,12.8,31233.2,Diesel,19.065696,72.889735,0.0,0.0,1973.0,0,0.0,41.4,18.0,5.39,Mountain,Medium,28.9,0.0,49,405.92,3.72,99.9,excessive_idling
V009,2026-08-22T13:30:49,Semi-Trailer,2,12.8,31233.2,Diesel,19.065696,72.889735,0.0,0.0,1961.0,0,0.0,53.2,13.7,5.42,Mountain,Medium,30.8,0.0,50,405.92,3.73,99.9,excessive_idling
V009,2026-08-22T13:30:50,Semi-Trailer,2,12.8,31233.2,Diesel,19.065696,72.889735,0.0,0.0,1968.0,0,0.0,45.5,12.7,5.44,Mountain,Medium,27.0,0.0,51,405.92,3.69,99.9,excessive_idling
V009,2026-08-22T13:30:51,Semi-Trailer,2,12.8,31233.2,Diesel,19.065696,72.889735,0.0,0.0,1977.0,0,0.0,44.5,14.9,5.46,Mountain,Medium,29.3,0.0,52,405.91,3.85,99.9,excessive_idling
V009,2026-08-22T13:30:52,Semi-Trailer,2,12.8,31233.2,Diesel,19.065696,72.889735,0.0,0.0,1979.0,0,0.0,49.9,16.2,5.48,Mountain,Medium,29.2,0.0,53,405.91,3.85,99.9,excessive_idling
V009,2026-08-22T13:30:53,Semi-Trailer,2,12.8,31233.2,Diesel,19.065696,72.889735,0.0,0.0,1999.0,0,0.0,30.7,14.1,5.49,Mountain,Medium,27.8,0.0,54,405.91,4.22,99.9,excessive_idling
V009,2026-08-22T13:30:54,Semi-Trailer,2,12.8,31233.2,Diesel,19.065696,72.889735,0.0,0.0,2003.0,0,0.0,51.3,14.8,5.5,Mountain,Medium,28.3,0.0,55,405.91,3.8,99.9,excessive_idling
V009,2026-08-22T13:30:55,Semi-Trailer,2,12.8,31233.2,Diesel,19.065696,72.889735,0.0,0.0,1987.0,0,0.0,55.3,13.6,5.5,Mountain,Medium,25.7,0.0,56,405.91,3.88,99.9,excessive_idling
V009,2026-08-22T13:30:56,Semi-Trailer,2,12.8,31233.2,Diesel,19.065696,72.889735,0.0,0.0,1975.0,0,0.0,37.7,13.7,5.5,Mountain,Medium,26.3,0.0,57,405.91,3.86,99.9,excessive_idling
V009,2026-08-22T13:30:57,Semi-Trailer,2,12.8,31233.2,Diesel,19.065696,72.889735,0.0,0.0,1993.0,0,0.0,34.3,17.0,5.49,Mountain,Medium,30.1,0.0,58,405.91,3.78,99.9,excessive_idling
V009,2026-08-22T13:30:58,Semi-Trailer,2,12.8,31233.2,Diesel,19.065696,72.889735,0.0,0.0,1976.0,0,0.0,39.1,15.7,5.48,Mountain,Medium,28.5,0.0,59,405.91,3.77,99.9,excessive_idling
V009,2026-08-22T13:30:59,Semi-Trailer,2,12.8,31233.2,Diesel,19.065696,72.889735,0.0,0.0,1973.0,0,0.0,49.3,16.0,5.46,Mountain,Medium,30.3,0.0,60,405.91,3.77,99.9,excessive_idling
V009,2026-08-22T13:31:00,Semi-Trailer,2,12.8,31233.2,Diesel,19.065696,72.889735,0.0,0.0,1992.0,0,0.0,58.1,16.7,5.44,Mountain,Medium,26.0,0.0,61,405.9,3.9,99.9,excessive_idling
V009,2026-08-22T13:31:01,Semi-Trailer,2,12.8,31233.2,Diesel,19.065696,72.889735,0.0,0.0,1978.0,0,0.0,49.6,16.6,5.42,Mountain,Medium,30.1,0.0,62,405.9,3.89,99.9,excessive_idling
V009,2026-08-22T13:31:02,Semi-Trailer,2,12.8,31233.2,Diesel,19.065696,72.889735,0.0,0.0,1952.0,0,0.0,31.8,15.2,5.39,Mountain,Medium,28.7,0.0,63,405.9,3.78,99.9,excessive_idling
V009,2026-08-22T13:31:03,Semi-Trailer,2,12.8,31233.2,Diesel,19.065696,72.889735,0.0,0.0,1964.0,0,0.0,36.9,14.8,5.36,Mountain,Medium,28.6,0.0,64,405.9,3.86,99.9,excessive_idling
V009,2026-08-22T13:31:04,Semi-Trailer,2,12.8,31233.2,Diesel,19.065696,72.889735,0.0,0.0,1998.0,0,0.0,47.6,13.3,5.32,Mountain,Medium,27.9,0.0,65,405.9,3.74,99.9,excessive_idling
V009,2026-08-22T13:31:05,Semi-Trailer,2,12.8,31233.2,Diesel,19.065696,72.889735,0.0,0.0,1978.0,0,0.0,32.3,16.2,5.28,Mountain,Medium,28.2,0.0,66,405.9,3.89,99.9,excessive_idling
V009,2026-08-22T13:31:06,Semi-Trailer,2,12.8,31233.2,Diesel,19.065696,72.889735,0.0,0.0,1983.0,0,0.0,36.2,14.5,5.23,Mountain,Medium,31.3,0.0,67,405.9,3.96,99.9,excessive_idling
V009,2026-08-22T13:31:07,Semi-Trailer,2,12.8,31233.2,Diesel,19.065696,72.889735,0.0,0.0,1983.0,0,0.0,45.7,16.9,5.18,Mountain,Medium,28.6,0.0,68,405.9,3.91,99.9,excessive_idling
V009,2026-08-22T13:31:08,Semi-Trailer,2,12.8,31233.2,Diesel,19.065696,72.889735,0.0,0.0,1959.0,0,0.0,43.7,14.7,5.12,Mountain,Medium,28.4,0.0,69,405.9,3.74,99.9,excessive_idling
V009,2026-08-22T13:31:09,Semi-Trailer,2,12.8,31233.2,Diesel,19.065696,72.889735,0.0,0.0,1995.0,0,0.0,49.5,17.0,5.06,Mountain,Medium,28.8,0.0,70,405.9,3.83,99.9,excessive_idling
V009,2026-08-22T13:31:10,Semi-Trailer,2,12.8,31233.2,Diesel,19.065696,72.889735,0.0,0.0,1970.0,0,0.0,54.5,15.9,5.0,Mountain,Medium,28.6,0.0,71,405.89,3.93,99.9,excessive_idling
V009,2026-08-22T13:31:11,Semi-Trailer,2,12.8,31233.2,Diesel,19.065696,72.889735,0.0,0.0,1974.0,0,0.0,45.3,15.6,4.93,Mountain,Medium,26.1,0.0,72,405.89,4.01,99.9,excessive_idling
V009,2026-08-22T13:31:12,Semi-Trailer,2,12.8,31233.2,Diesel,19.065696,72.889735,0.0,0.0,1985.0,0,0.0,45.0,15.4,4.86,Mountain,Medium,27.0,0.0,73,405.89,4.05,99.9,excessive_idling
V009,2026-08-22T13:31:13,Semi-Trailer,2,12.8,31233.2,Diesel,19.065696,72.889735,0.0,0.0,1983.0,0,0.0,48.8,15.2,4.79,Mountain,Medium,29.4,0.0,74,405.89,4.02,99.9,excessive_idling
V009,2026-08-22T13:31:14,Semi-Trailer,2,12.8,31233.2,Diesel,19.065696,72.889735,0.0,0.0,1969.0,0,0.0,33.6,13.5,4.71,Mountain,Medium,27.6,0.0,75,405.89,3.91,99.9,excessive_idling
V009,2026-08-22T13:31:15,Semi-Trailer,2,12.8,31233.2,Diesel,19.065696,72.889735,0.0,0.0,1980.0,0,0.0,33.6,16.5,4.62,Mountain,Medium,29.3,0.0,76,405.89,3.75,99.9,excessive_idling
V009,2026-08-22T13:31:16,Semi-Trailer,2,12.8,31233.2,Diesel,19.065696,72.889735,0.0,0.0,1964.0,0,0.0,34.7,16.9,4.54,Mountain,Medium,29.7,0.0,77,405.89,4.05,99.9,excessive_idling
V009,2026-08-22T13:31:17,Semi-Trailer,2,12.8,31233.2,Diesel,19.065696,72.889735,0.0,0.0,1997.0,0,0.0,52.1,14.7,4.45,Mountain,Medium,27.5,0.0,78,405.89,3.96,99.9,excessive_idling
V009,2026-08-22T13:31:18,Semi-Trailer,2,12.8,31233.2,Diesel,19.065696,72.889735,0.0,0.0,2005.0,0,0.0,47.0,15.3,4.35,Mountain,Medium,29.6,0.0,79,405.89,3.76,99.9,excessive_idling
V009,2026-08-22T13:31:19,Semi-Trailer,2,12.8,31233.2,Diesel,19.065696,72.889735,0.0,0.0,1953.0,0,0.0,41.5,16.8,4.25,Mountain,Medium,28.3,0.0,80,405.88,3.88,99.9,excessive_idling
V009,2026-08-22T13:31:20,Semi-Trailer,2,12.8,31233.2,Diesel,19.065696,72.889735,0.0,0.0,1989.0,0,0.0,33.5,15.0,4.15,Mountain,Medium,27.4,0.0,81,405.88,4.0,99.9,excessive_idling
V009,2026-08-22T13:31:21,Semi-Trailer,2,12.8,31233.2,Diesel,19.065696,72.889735,0.0,0.0,2026.0,0,0.0,43.6,14.7,4.05,Mountain,Medium,30.5,0.0,82,405.88,3.95,99.9,excessive_idling
V009,2026-08-22T13:31:22,Semi-Trailer,2,12.8,31233.2,Diesel,19.065696,72.889735,0.0,0.0,2010.0,0,0.0,46.5,13.2,3.94,Mountain,Medium,26.4,0.0,83,405.88,3.78,99.9,excessive_idling
V009,2026-08-22T13:31:23,Semi-Trailer,2,12.8,31233.2,Diesel,19.065696,72.889735,0.0,0.0,1973.0,0,0.0,57.3,14.0,3.83,Mountain,Medium,27.0,0.0,84,405.88,3.85,99.9,excessive_idling
V009,2026-08-22T13:31:24,Semi-Trailer,2,12.8,31233.2,Diesel,19.065696,72.889735,0.0,0.0,1957.0,0,0.0,30.7,15.2,3.72,Mountain,Medium,25.9,0.0,85,405.88,3.81,99.9,excessive_idling
V009,2026-08-22T13:31:25,Semi-Trailer,2,12.8,31233.2,Diesel,19.065696,72.889735,0.0,0.0,1978.0,0,0.0,39.2,12.5,3.6,Mountain,Medium,26.3,0.0,86,405.88,3.79,99.9,excessive_idling
V009,2026-08-22T13:31:26,Semi-Trailer,2,12.8,31233.2,Diesel,19.065696,72.889735,0.0,0.0,1954.0,0,0.0,59.0,13.5,3.48,Mountain,Medium,26.7,0.0,87,405.88,3.84,99.9,excessive_idling
V009,2026-08-22T13:31:27,Semi-Trailer,2,12.8,31233.2,Diesel,19.065696,72.889735,0.0,0.0,1969.0,0,0.0,43.9,13.6,3.35,Mountain,Medium,24.9,0.0,88,405.88,4.07,99.9,excessive_idling
V009,2026-08-22T13:31:28,Semi-Trailer,2,12.8,31233.2,Diesel,19.065696,72.889735,0.0,0.0,1973.0,0,0.0,58.1,15.5,3.23,Mountain,Medium,26.4,0.0,89,405.87,3.93,99.9,excessive_idling
V009,2026-08-22T13:31:29,Semi-Trailer,2,12.8,31233.2,Diesel,19.065696,72.889735,0.0,0.0,1978.0,0,0.0,52.7,14.0,3.1,Mountain,Medium,29.5,0.0,90,405.87,3.78,99.9,excessive_idling
V009,2026-08-22T13:31:30,Semi-Trailer,2,12.8,31233.2,Diesel,19.065696,72.889735,0.0,0.0,1961.0,0,0.0,40.0,14.3,2.97,Mountain,Medium,28.3,0.0,91,405.87,4.05,99.9,excessive_idling
V009,2026-08-22T13:31:31,Semi-Trailer,2,12.8,31233.2,Diesel,19.065696,72.889735,0.0,0.0,1978.0,0,0.0,32.8,17.4,2.84,Mountain,Medium,26.9,0.0,92,405.87,3.88,99.9,excessive_idling
V009,2026-08-22T13:31:32,Semi-Trailer,2,12.8,31233.2,Diesel,19.065696,72.889735,0.0,0.0,1996.0,0,0.0,50.1,14.1,2.7,Mountain,Medium,25.7,0.0,93,405.87,3.87,99.9,excessive_idling
V009,2026-08-22T13:31:33,Semi-Trailer,2,12.8,31233.2,Diesel,19.065696,72.889735,0.0,0.0,2010.0,0,0.0,36.6,16.5,2.56,Mountain,Medium,29.1,0.0,94,405.87,3.95,99.9,excessive_idling
V009,2026-08-22T13:31:34,Semi-Trailer,2,12.8,31233.2,Diesel,19.065696,72.889735,0.0,0.0,1997.0,0,0.0,44.8,17.9,2.42,Mountain,Medium,25.5,0.0,95,405.87,3.81,99.9,excessive_idling
V009,2026-08-22T13:31:35,Semi-Trailer,2,12.8,31233.2,Diesel,19.065696,72.889735,0.0,0.0,1987.0,0,0.0,32.4,15.9,2.28,Mountain,Medium,29.3,0.0,96,405.87,3.84,99.9,excessive_idling
V009,2026-08-22T13:31:36,Semi-Trailer,2,12.8,31233.2,Diesel,19.065696,72.889735,0.0,0.0,1972.0,0,0.0,47.0,16.2,2.14,Mountain,Medium,27.5,0.0,97,405.87,3.9,99.9,excessive_idling
V009,2026-08-22T13:31:37,Semi-Trailer,2,12.8,31233.2,Diesel,19.065696,72.889735,0.0,0.0,1996.0,0,0.0,53.1,16.6,1.99,Mountain,Medium,29.0,0.0,98,405.86,4.0,99.9,excessive_idling
V009,2026-08-22T13:31:38,Semi-Trailer,2,12.8,31233.2,Diesel,19.065696,72.889735,0.0,0.0,1975.0,0,0.0,50.4,14.4,1.84,Mountain,Medium,29.4,0.0,99,405.86,3.94,99.9,excessive_idling
V009,2026-08-22T13:31:39,Semi-Trailer,2,12.8,31233.2,Diesel,19.065696,72.889735,0.0,0.0,2001.0,0,0.0,59.2,13.2,1.69,Mountain,Medium,27.8,0.0,100,405.86,3.95,99.9,excessive_idling
V009,2026-08-22T13:31:40,Semi-Trailer,2,12.8,31233.2,Diesel,19.065696,72.889735,0.0,0.0,1988.0,0,0.0,40.6,12.1,1.54,Mountain,Medium,28.5,0.0,101,405.86,3.79,99.9,excessive_idling
V009,2026-08-22T13:31:41,Semi-Trailer,2,12.8,31233.2,Diesel,19.065696,72.889735,0.0,0.0,1956.0,0,0.0,33.5,17.5,1.39,Mountain,Medium,29.1,0.0,102,405.86,3.9,99.9,excessive_idling
V009,2026-08-22T13:31:42,Semi-Trailer,2,12.8,31233.2,Diesel,19.065696,72.889735,0.0,0.0,2000.0,0,0.0,39.7,13.4,1.24,Mountain,Medium,25.7,0.0,103,405.86,3.94,99.9,excessive_idling
V009,2026-08-22T13:31:43,Semi-Trailer,2,12.8,31233.2,Diesel,19.065696,72.889735,0.0,0.0,1968.0,0,0.0,52.9,15.6,1.09,Mountain,Medium,28.5,0.0,104,405.86,3.86,99.9,excessive_idling
V009,2026-08-22T13:31:44,Semi-Trailer,2,12.8,31233.2,Diesel,19.065696,72.889735,0.0,0.0,1979.0,0,0.0,58.8,16.0,0.93,Mountain,Medium,25.8,0.0,105,405.86,4.08,99.9,excessive_idling
V009,2026-08-22T13:31:45,Semi-Trailer,2,12.8,31233.2,Diesel,19.065696,72.889735,0.0,0.0,1967.0,0,0.0,55.8,12.1,0.78,Mountain,Medium,25.8,0.0,106,405.86,3.64,99.9,excessive_idling
V009,2026-08-22T13:31:46,Semi-Trailer,2,12.8,31233.2,Diesel,19.065696,72.889735,0.0,0.0,2001.0,0,0.0,34.1,16.9,0.62,Mountain,Medium,28.7,0.0,107,405.86,3.9,99.9,excessive_idling
V009,2026-08-22T13:31:47,Semi-Trailer,2,12.8,31233.2,Diesel,19.065696,72.889735,0.0,0.0,1960.0,0,0.0,50.4,15.1,0.46,Mountain,Medium,29.1,0.0,108,405.85,4.01,99.9,excessive_idling
V009,2026-08-22T13:31:48,Semi-Trailer,2,12.8,31233.2,Diesel,19.065696,72.889735,0.0,0.0,1998.0,0,0.0,58.4,16.3,0.31,Mountain,Medium,29.2,0.0,109,405.85,3.81,99.9,excessive_idling
V009,2026-08-22T13:31:49,Semi-Trailer,2,12.8,31233.2,Diesel,19.065696,72.889735,0.0,0.0,1980.0,0,0.0,59.6,13.6,0.15,Mountain,Medium,29.2,0.0,110,405.85,3.91,99.9,excessive_idling
V009,2026-08-22T13:31:50,Semi-Trailer,2,12.8,31233.2,Diesel,19.065696,72.889735,0.0,0.0,1942.0,0,0.0,50.7,16.8,-0.01,Mountain,Medium,28.8,0.0,111,405.85,3.91,99.9,excessive_idling
V009,2026-08-22T13:31:51,Semi-Trailer,2,12.8,31233.2,Diesel,19.065696,72.889735,0.0,0.0,1987.0,0,0.0,44.9,15.8,-0.16,Mountain,Medium,26.4,0.0,112,405.85,3.99,99.9,excessive_idling
V009,2026-08-22T13:31:52,Semi-Trailer,2,12.8,31233.2,Diesel,19.065696,72.889735,0.0,0.0,1998.0,0,0.0,41.0,16.3,-0.32,Mountain,Medium,29.1,0.0,113,405.85,3.88,99.9,excessive_idling
V009,2026-08-22T13:31:53,Semi-Trailer,2,12.8,31233.2,Diesel,19.065696,72.889735,0.0,0.0,1961.0,0,0.0,51.3,15.6,-0.48,Mountain,Medium,29.2,0.0,114,405.85,3.99,99.9,excessive_idling
V009,2026-08-22T13:31:54,Semi-Trailer,2,12.8,31233.2,Diesel,19.065696,72.889735,0.0,0.0,1990.0,0,0.0,33.6,17.3,-0.63,Mountain,Medium,29.0,0.0,115,405.85,4.03,99.9,excessive_idling
V009,2026-08-22T13:31:55,Semi-Trailer,2,12.8,31233.2,Diesel,19.065696,72.889735,0.0,0.0,1991.0,0,0.0,32.3,14.2,-0.79,Mountain,Medium,30.6,0.0,116,405.85,4.11,99.9,excessive_idling
V009,2026-08-22T13:31:56,Semi-Trailer,2,12.8,31233.2,Diesel,19.065696,72.889735,0.0,0.0,1987.0,0,0.0,58.9,15.7,-0.95,Mountain,Medium,27.6,0.0,117,405.84,4.05,99.9,excessive_idling
V009,2026-08-22T13:31:57,Semi-Trailer,2,12.8,31233.2,Diesel,19.065696,72.889735,0.0,0.0,1978.0,0,0.0,49.0,16.7,-1.1,Mountain,Medium,28.3,0.0,118,405.84,3.83,99.9,excessive_idling
V009,2026-08-22T13:31:58,Semi-Trailer,2,12.8,31233.2,Diesel,19.065696,72.889735,0.0,0.0,1973.0,0,0.0,37.8,17.6,-1.25,Mountain,Medium,27.7,0.0,119,405.84,3.92,99.9,excessive_idling
V009,2026-08-22T13:31:59,Semi-Trailer,2,12.8,31233.2,Diesel,19.065696,72.889735,0.0,0.0,1969.0,0,0.0,42.8,14.0,-1.41,Mountain,Medium,27.8,0.0,120,405.84,3.93,99.9,excessive_idling
V009,2026-08-22T15:30:00,Semi-Trailer,2,12.8,21196.8,Diesel,19.076746,72.891618,39.1,1.2,1415.0,4,50.0,0.0,65.8,0.3,Highway,Low,28.8,0.011,0,211.74,15.4,39.36,normal
V009,2026-08-22T15:30:01,Semi-Trailer,2,12.8,21196.8,Diesel,19.076833,72.891688,34.8,-1.2,1352.0,4,0.0,36.0,34.1,-0.67,Highway,Low,26.4,0.021,0,211.74,14.14,40.64,normal
V009,2026-08-22T15:30:02,Semi-Trailer,2,12.8,21196.8,Diesel,19.076931,72.891766,39.1,1.2,1481.0,4,50.0,0.0,64.8,-0.17,Highway,Low,25.3,0.031,0,211.73,15.38,39.32,normal
V009,2026-08-22T15:30:03,Semi-Trailer,2,12.8,21196.8,Diesel,19.077024,72.891841,37.3,-0.5,1399.0,4,7.5,15.0,39.6,0.04,Highway,Low,29.2,0.042,0,211.73,14.84,39.78,normal
V009,2026-08-22T15:30:04,Semi-Trailer,2,12.8,21196.8,Diesel,19.077107,72.891907,33.0,-1.2,1333.0,4,0.0,36.0,34.2,-0.6,Highway,Low,28.2,0.051,0,211.72,13.52,40.97,normal
V009,2026-08-22T15:30:05,Semi-Trailer,2,12.8,21196.8,Diesel,19.077179,72.891964,28.7,-1.2,1438.0,3,0.0,36.0,35.2,0.06,Highway,Low,28.9,0.059,0,211.72,12.82,44.7,normal
V009,2026-08-22T15:30:06,Semi-Trailer,2,12.8,21196.8,Diesel,19.077239,72.892013,24.4,-1.2,1291.0,3,0.0,36.0,34.8,-0.13,Highway,Low,30.0,0.066,0,211.72,11.04,45.34,normal
V009,2026-08-22T15:30:07,Semi-Trailer,2,12.8,21196.8,Diesel,19.07729,72.892053,20.0,-1.2,1515.0,2,0.0,36.0,39.5,1.72,Highway,Low,28.0,0.071,0,211.71,10.28,51.29,normal
V009,2026-08-22T15:30:08,Semi-Trailer,2,12.8,21196.8,Diesel,19.07735,72.892101,24.4,1.2,1320.0,3,50.0,0.0,64.1,-0.62,Highway,Low,27.4,0.078,0,211.71,10.68,43.84,normal
V009,2026-08-22T15:30:09,Semi-Trailer,2,12.8,21196.8,Diesel,19.077422,72.892159,28.7,1.2,1423.0,3,50.0,0.0,65.0,-0.02,Highway,Low,29.3,0.086,0,211.71,12.54,43.74,normal
V009,2026-08-22T15:30:10,Semi-Trailer,2,12.8,21196.8,Diesel,19.077505,72.892225,33.0,1.2,1381.0,4,50.0,0.0,63.4,-1.17,Highway,Low,27.7,0.095,0,211.7,13.26,40.2,normal
V009,2026-08-22T15:30:11,Semi-Trailer,2,12.8,21196.8,Diesel,19.077595,72.892297,36.2,0.89,1414.0,4,42.1,0.0,61.9,0.6,Highway,Low,23.4,0.105,0,211.7,15.27,42.21,normal
V009,2026-08-22T15:30:12,Semi-Trailer,2,12.8,21196.8,Diesel,19.077696,72.892378,40.5,1.2,1479.0,4,50.0,0.0,64.2,-0.59,Highway,Low,28.2,0.116,0,211.7,15.41,38.05,normal
V009,2026-08-22T15:30:13,Semi-Trailer,2,12.8,21196.8,Diesel,19.077801,72.892462,42.0,0.41,1429.0,4,30.3,0.0,51.5,-1.18,Highway,Low,27.0,0.128,0,211.69,15.39,36.65,normal
V009,2026-08-22T15:30:14,Semi-Trailer,2,12.8,21196.8,Diesel,19.077895,72.892537,37.7,-1.2,1439.0,4,0.0,36.0,34.6,-0.31,Highway,Low,28.7,0.139,0,211.69,14.83,39.36,normal
V009,2026-08-22T15:30:15,Semi-Trailer,2,12.8,21196.8,Diesel,19.078,72.892621,42.0,1.2,1515.0,4,50.0,0.0,68.1,1.2,Highway,Low,27.7,0.15,0,211.68,17.42,41.48,normal
V009,2026-08-22T15:30:16,Semi-Trailer,2,12.8,21196.8,Diesel,19.078116,72.892714,46.3,1.2,1434.0,5,50.0,0.0,64.0,-0.72,Highway,Low,26.9,0.163,0,211.68,16.57,35.78,normal
V009,2026-08-22T15:30:17,Semi-Trailer,2,12.8,21196.8,Diesel,19.078235,72.892809,47.6,0.37,1508.0,5,29.3,0.0,55.0,0.93,Highway,Low,27.4,0.176,0,211.67,19.38,40.69,normal
V009,2026-08-22T15:30:18,Semi-Trailer,2,12.8,21196.8,Diesel,19.078344,72.892896,43.3,-1.2,1554.0,4,0.0,36.0,36.4,0.54,Highway,Low,32.0,0.188,0,211.67,17.48,40.36,normal
V009,2026-08-22T15:30:19,Semi-Trailer,2,12.8,21196.8,Diesel,19.07845,72.892981,42.7,-0.17,1491.0,4,15.8,0.0,44.3,-0.11,Highway,Low,29.0,0.2,0,211.66,16.37,38.32,normal
V009,2026-08-22T15:30:20,Semi-Trailer,2,12.8,21196.8,Diesel,19.078568,72.893075,47.0,1.19,1430.0,5,49.7,0.0,64.4,-0.27,Highway,Low,24.9,0.213,0,211.66,17.57,37.4,normal
V009,2026-08-22T15:30:21,Semi-Trailer,2,12.8,21196.8,Diesel,19.078675,72.893161,42.7,-1.2,1461.0,4,0.0,36.0,36.8,0.67,Highway,Low,28.2,0.225,0,211.65,17.25,40.42,normal
V009,2026-08-22T15:30:22,Semi-Trailer,2,12.8,21196.8,Diesel,19.078792,72.893255,47.0,1.2,1467.0,5,50.0,0.0,65.7,0.26,Highway,Low,27.3,0.238,0,211.65,17.8,37.89,normal
V009,2026-08-22T15:30:23,Semi-Trailer,2,12.8,21196.8,Diesel,19.078899,72.89334,42.7,-1.2,1519.0,4,0.0,36.0,33.7,-0.96,Highway,Low,29.9,0.25,0,211.64,15.51,36.35,normal
V009,2026-08-22T15:30:24,Semi-Trailer,2,12.8,21196.8,Diesel,19.078994,72.893417,38.3,-1.2,1405.0,4,0.0,36.0,35.3,0.11,Highway,Low,28.1,0.261,0,211.64,14.79,38.57,normal
V009,2026-08-22T15:30:25,Semi-Trailer,2,12.8,21196.8,Diesel,19.079098,72.893499,41.2,0.8,1494.0,4,40.1,0.0,58.2,-0.57,Highway,Low,27.9,0.272,0,211.64,15.78,38.26,normal
V009,2026-08-22T15:30:26,Semi-Trailer,2,12.8,21196.8,Diesel,19.079211,72.89359,45.6,1.2,1387.0,5,50.0,0.0,64.5,-0.34,Highway,Low,27.3,0.285,0,211.63,16.47,36.16,normal
V009,2026-08-22T15:30:27,Semi-Trailer,2,12.8,21196.8,Diesel,19.079336,72.89369,49.9,1.2,1443.0,5,50.0,0.0,62.2,-1.99,Highway,Low,27.4,0.299,0,211.63,16.53,33.14,normal
V009,2026-08-22T15:30:28,Semi-Trailer,2,12.8,21196.8,Diesel,19.07945,72.893781,45.6,-1.2,1376.0,5,0.0,36.0,35.8,0.32,Highway,Low,29.1,0.311,0,211.62,17.47,38.36,normal
V009,2026-08-22T15:30:29,Semi-Trailer,2,12.8,21196.8,Diesel,19.079553,72.893864,41.2,-1.2,1481.0,4,0.0,36.0,34.9,-0.05,Highway,Low,29.2,0.323,0,211.62,15.89,38.53,normal
V009,2026-08-22T15:30:30,Semi-Trailer,2,12.8,21196.8,Diesel,19.079667,72.893955,45.6,1.2,1402.0,5,50.0,0.0,66.3,0.51,Highway,Low,28.7,0.335,0,211.61,17.78,39.03,normal
V009,2026-08-22T15:30:31,Semi-Trailer,2,12.8,21196.8,Diesel,19.079792,72.894054,49.9,1.2,1445.0,5,50.0,0.0,64.5,-0.36,Highway,Low,26.7,0.349,0,211.61,17.91,35.91,normal
V009,2026-08-22T15:30:32,Semi-Trailer,2,12.8,21196.8,Diesel,19.079906,72.894146,45.6,-1.2,1382.0,5,0.0,36.0,32.4,-1.82,Highway,Low,25.9,0.362,0,211.6,16.08,35.29,normal
V009,2026-08-22T15:30:33,Semi-Trailer,2,12.8,21196.8,Diesel,19.080009,72.894228,41.2,-1.2,1476.0,4,0.0,36.0,33.4,-1.13,Highway,Low,28.8,0.373,0,211.6,15.07,36.55,normal
V009,2026-08-22T15:30:34,Semi-Trailer,2,12.8,21196.8,Diesel,19.080101,72.894302,36.9,-1.2,1407.0,4,0.0,36.0,34.5,-0.39,Highway,Low,27.7,0.384,0,211.6,13.81,37.4,normal
V009,2026-08-22T15:30:35,Semi-Trailer,2,12.8,21196.8,Diesel,19.080204,72.894384,41.2,1.2,1524.0,4,50.0,0.0,66.9,0.74,Highway,Low,27.3,0.395,0,211.59,16.92,41.03,normal
V009,2026-08-22T15:30:36,Semi-Trailer,2,12.8,21196.8,Diesel,19.080296,72.894458,36.9,-1.2,1385.0,4,0.0,36.0,35.7,0.25,Highway,Low,27.5,0.405,0,211.59,15.12,40.97,normal
V009,2026-08-22T15:30:37,Semi-Trailer,2,12.8,21196.8,Diesel,19.080383,72.894527,34.6,-0.65,1319.0,4,3.7,19.6,36.6,-0.45,Highway,Low,28.3,0.415,0,211.58,13.7,39.64,normal
V009,2026-08-22T15:30:38,Semi-Trailer,2,12.8,21196.8,Diesel,19.08048,72.894605,38.9,1.2,1516.0,4,50.0,0.0,65.7,0.29,Highway,Low,28.1,0.426,0,211.58,15.83,40.71,normal
V009,2026-08-22T15:30:39,Semi-Trailer,2,12.8,21196.8,Diesel,19.080588,72.894691,43.2,1.2,1556.0,4,50.0,0.0,67.4,0.9,Highway,Low,27.3,0.438,0,211.57,17.42,40.31,normal
V009,2026-08-22T15:30:40,Semi-Trailer,2,12.8,21196.8,Diesel,19.080707,72.894787,47.5,1.2,1415.0,5,50.0,0.0,66.4,0.52,Highway,Low,26.4,0.451,0,211.57,18.01,37.9,normal
V009,2026-08-22T15:30:41,Semi-Trailer,2,12.8,21196.8,Diesel,19.080815,72.894873,43.2,-1.2,1513.0,4,0.0,36.0,34.9,-0.1,Highway,Low,26.8,0.463,0,211.56,16.19,37.47,normal
V009,2026-08-22T15:30:42,Semi-Trailer,2,12.8,21196.8,Diesel,19.080922,72.894959,43.0,-0.05,1489.0,4,18.8,0.0,44.5,-1.27,Highway,Low,27.8,0.475,0,211.56,15.28,35.49,normal
V009,2026-08-22T15:30:43,Semi-Trailer,2,12.8,21196.8,Diesel,19.08104,72.895053,47.1,1.13,1427.0,5,48.2,0.0,64.1,0.09,Highway,Low,27.5,0.488,0,211.55,17.84,37.87,normal
V009,2026-08-22T15:30:44,Semi-Trailer,2,12.8,21196.8,Diesel,19.081149,72.89514,43.4,-1.02,1532.0,4,0.0,30.7,33.3,-1.21,Highway,Low,28.7,0.5,0,211.55,15.2,35.02,normal
V009,2026-08-22T15:30:45,Semi-Trailer,2,12.8,21196.8,Diesel,19.081246,72.895218,39.1,-1.2,1472.0,4,0.0,36.0,34.4,-0.41,Highway,Low,26.9,0.511,0,211.55,14.84,37.96,normal
V009,2026-08-22T15:30:46,Semi-Trailer,2,12.8,21196.8,Diesel,19.081355,72.895305,43.4,1.2,1546.0,4,50.0,0.0,64.5,-0.38,Highway,Low,28.1,0.523,0,211.54,15.76,36.31,normal
V009,2026-08-22T15:30:47,Semi-Trailer,2,12.8,21196.8,Diesel,19.081474,72.8954,47.7,1.2,1447.0,5,50.0,0.0,65.9,0.35,Highway,Low,28.4,0.536,0,211.54,17.84,37.38,normal
V009,2026-08-22T15:30:48,Semi-Trailer,2,12.8,21196.8,Diesel,19.081583,72.895487,43.4,-1.2,1553.0,4,0.0,36.0,34.7,-0.23,Highway,Low,27.7,0.548,0,211.53,16.55,38.11,normal
V009,2026-08-22T15:30:49,Semi-Trailer,2,12.8,21196.8,Diesel,19.081682,72.895566,39.6,-1.06,1444.0,4,0.0,31.9,33.9,-0.81,Highway,Low,26.5,0.559,0,211.53,14.88,37.6,normal
V009,2026-08-22T15:30:50,Semi-Trailer,2,12.8,21196.8,Diesel,19.081783,72.895648,40.7,0.3,1488.0,4,27.5,0.0,51.5,-0.01,Highway,Low,27.5,0.571,0,211.52,15.43,37.94,normal
V009,2026-08-22T15:30:51,Semi-Trailer,2,12.8,21196.8,Diesel,19.081885,72.895729,40.7,0.01,1487.0,4,20.3,0.0,47.3,0.06,Highway,Low,29.3,0.582,0,211.52,16.07,39.48,normal
V009,2026-08-22T15:30:52,Semi-Trailer,2,12.8,21196.8,Diesel,19.081976,72.895802,36.4,-1.2,1428.0,4,0.0,36.0,34.9,-0.07,Highway,Low,27.3,0.592,0,211.52,14.93,41.05,normal
V009,2026-08-22T15:30:53,Semi-Trailer,2,12.8,21196.8,Diesel,19.082078,72.895883,40.7,1.2,1486.0,4,50.0,0.0,67.4,0.9,Highway,Low,26.9,0.603,0,211.51,15.8,38.82,normal
V009,2026-08-22T15:30:54,Semi-Trailer,2,12.8,21196.8,Diesel,19.08219,72.895973,45.0,1.2,1404.0,5,50.0,0.0,66.8,0.68,Highway,Low,26.7,0.616,0,211.51,17.7,39.31,normal
V009,2026-08-22T15:30:55,Semi-Trailer,2,12.8,21196.8,Diesel,19.0823,72.896061,43.8,-0.34,1537.0,4,11.4,10.3,42.7,0.31,Highway,Low,27.6,0.628,0,211.5,17.35,39.61,normal
V009,2026-08-22T15:30:56,Semi-Trailer,2,12.8,21196.8,Diesel,19.082399,72.89614,39.6,-1.16,1477.0,4,0.0,34.9,39.1,1.56,Highway,Low,25.4,0.639,0,211.5,16.77,42.35,normal
V009,2026-08-22T15:30:57,Semi-Trailer,2,12.8,21196.8,Diesel,19.082487,72.896211,35.3,-1.2,1426.0,4,0.0,36.0,34.1,-0.66,Highway,Low,26.3,0.649,0,211.49,14.19,40.22,normal
V009,2026-08-22T15:30:58,Semi-Trailer,2,12.8,21196.8,Diesel,19.082586,72.89629,39.6,1.2,1380.0,4,50.0,0.0,64.7,-0.19,Highway,Low,28.8,0.66,0,211.49,15.32,38.67,normal
V009,2026-08-22T15:30:59,Semi-Trailer,2,12.8,21196.8,Diesel,19.082674,72.896361,35.3,-1.2,1381.0,4,0.0,36.0,36.1,0.42,Highway,Low,26.3,0.67,0,211.48,14.75,41.79,normal
V009,2026-08-22T15:31:00,Semi-Trailer,2,12.8,21196.8,Diesel,19.082773,72.89644,39.6,1.2,1456.0,4,50.0,0.0,68.4,1.3,Highway,Low,28.6,0.681,0,211.48,16.93,42.74,normal
V009,2026-08-22T15:31:01,Semi-Trailer,2,12.8,21196.8,Diesel,19.082883,72.896528,43.9,1.2,1585.0,4,50.0,0.0,66.5,0.58,Highway,Low,28.2,0.693,0,211.47,17.27,39.33,normal
V009,2026-08-22T15:31:02,Semi-Trailer,2,12.8,21196.8,Diesel,19.082982,72.896607,39.6,-1.2,1428.0,4,0.0,36.0,34.6,-0.3,Highway,Low,27.0,0.704,0,211.47,15.68,39.59,normal
V009,2026-08-22T15:31:03,Semi-Trailer,2,12.8,21196.8,Diesel,19.08307,72.896677,35.3,-1.2,1342.0,4,0.0,36.0,38.9,1.5,Highway,Low,28.8,0.714,0,211.47,15.81,44.8,normal
V009,2026-08-22T15:31:04,Semi-Trailer,2,12.8,21196.8,Diesel,19.083152,72.896742,32.5,-0.77,1312.0,4,0.7,23.2,34.1,-0.97,Highway,Low,27.7,0.723,0,211.46,12.96,39.88,normal
V009,2026-08-22T15:31:05,Semi-Trailer,2,12.8,21196.8,Diesel,19.083244,72.896816,36.8,1.2,1361.0,4,50.0,0.0,64.6,-0.32,Highway,Low,26.7,0.733,0,211.46,14.81,40.2,normal
V009,2026-08-22T15:31:06,Semi-Trailer,2,12.8,21196.8,Diesel,19.083347,72.896898,41.1,1.2,1433.0,4,50.0,0.0,64.9,-0.06,Highway,Low,26.1,0.744,0,211.45,16.16,39.27,normal
V009,2026-08-22T15:31:07,Semi-Trailer,2,12.8,21196.8,Diesel,19.083439,72.896972,36.8,-1.2,1379.0,4,0.0,36.0,34.8,-0.12,Highway,Low,28.6,0.754,0,211.45,14.81,40.21,normal
V009,2026-08-22T15:31:08,Semi-Trailer,2,12.8,21196.8,Diesel,19.08352,72.897037,32.5,-1.2,1340.0,4,0.0,36.0,37.2,0.83,Highway,Low,32.5,0.763,0,211.45,14.07,43.27,normal
V009,2026-08-22T15:31:09,Semi-Trailer,2,12.8,21196.8,Diesel,19.083612,72.897111,36.8,1.2,1398.0,4,50.0,0.0,65.6,0.24,Highway,Low,26.0,0.774,0,211.44,14.87,40.37,normal
V009,2026-08-22T15:31:10,Semi-Trailer,2,12.8,21196.8,Diesel,19.083693,72.897176,32.5,-1.2,1378.0,4,0.0,36.0,35.5,0.17,Highway,Low,29.1,0.783,0,211.44,14.06,43.24,normal
V009,2026-08-22T15:31:11,Semi-Trailer,2,12.8,21196.8,Diesel,19.08377,72.897237,30.6,-0.52,1478.0,3,7.0,15.6,38.8,-0.24,Highway,Low,27.6,0.791,0,211.43,12.82,41.86,normal
V009,2026-08-22T15:31:12,Semi-Trailer,2,12.8,21196.8,Diesel,19.083857,72.897307,35.0,1.2,1373.0,4,50.0,0.0,66.0,0.37,Highway,Low,29.6,0.801,0,211.43,14.12,40.41,normal
V009,2026-08-22T15:31:13,Semi-Trailer,2,12.8,21196.8,Diesel,19.083946,72.897378,35.7,0.2,1415.0,4,24.9,0.0,49.1,-0.6,Highway,Low,29.0,0.811,0,211.43,13.9,38.98,normal
V009,2026-08-22T15:31:14,Semi-Trailer,2,12.8,21196.8,Diesel,19.084046,72.897458,40.0,1.2,1493.0,4,50.0,0.0,65.9,0.35,Highway,Low,26.9,0.822,0,211.42,15.88,39.71,normal
V009,2026-08-22T15:31:15,Semi-Trailer,2,12.8,21196.8,Diesel,19.084157,72.897547,44.3,1.2,1320.0,5,50.0,0.0,64.9,-0.05,Highway,Low,30.7,0.834,0,211.42,16.87,38.09,normal
V009,2026-08-22T15:31:16,Semi-Trailer,2,12.8,21196.8,Diesel,19.084279,72.897644,48.6,1.2,1457.0,5,50.0,0.0,66.1,0.42,Highway,Low,30.0,0.848,0,211.41,18.86,38.79,normal
V009,2026-08-22T15:31:17,Semi-Trailer,2,12.8,21196.8,Diesel,19.084411,72.89775,52.9,1.2,1534.0,5,50.0,0.0,63.3,-1.18,Highway,Low,26.6,0.863,0,211.41,18.2,34.38,normal
V009,2026-08-22T15:31:18,Semi-Trailer,2,12.8,21196.8,Diesel,19.084533,72.897847,48.6,-1.2,1483.0,5,0.0,36.0,37.8,1.05,Highway,Low,26.4,0.876,0,211.4,19.48,40.06,normal
V009,2026-08-22T15:31:19,Semi-Trailer,2,12.8,21196.8,Diesel,19.084653,72.897943,48.0,-0.17,1413.0,5,15.7,0.0,44.9,0.2,Highway,Low,26.0,0.889,0,211.4,17.78,37.04,normal
V009,2026-08-22T15:31:20,Semi-Trailer,2,12.8,21196.8,Diesel,19.084762,72.898031,43.7,-1.2,1540.0,4,0.0,36.0,38.7,1.4,Highway,Low,29.2,0.901,0,211.39,18.08,41.39,normal
V009,2026-08-22T15:31:21,Semi-Trailer,2,12.8,21196.8,Diesel,19.084882,72.898127,48.0,1.2,1444.0,5,50.0,0.0,64.2,-0.6,Highway,Low,28.0,0.915,0,211.39,17.19,35.8,normal
V009,2026-08-22T15:31:22,Semi-Trailer,2,12.8,21196.8,Diesel,19.084991,72.898214,43.7,-1.2,1524.0,4,0.0,36.0,34.6,-0.31,Highway,Low,28.9,0.927,0,211.38,16.72,38.29,normal
V009,2026-08-22T15:31:23,Semi-Trailer,2,12.8,21196.8,Diesel,19.085111,72.89831,48.0,1.2,1405.0,5,50.0,0.0,64.0,-0.74,Highway,Low,28.6,0.94,0,211.38,18.01,37.51,normal
V009,2026-08-22T15:31:24,Semi-Trailer,2,12.8,21196.8,Diesel,19.085242,72.898415,52.3,1.2,1520.0,5,50.0,0.0,65.3,0.1,Highway,Low,29.6,0.955,0,211.37,19.13,36.56,normal
V009,2026-08-22T15:31:25,Semi-Trailer,2,12.8,21196.8,Diesel,19.085383,72.898528,56.6,1.2,1452.0,6,50.0,0.0,63.1,-1.37,Highway,Low,28.7,0.971,0,211.37,19.45,34.34,normal
V009,2026-08-22T15:31:26,Semi-Trailer,2,12.8,21196.8,Diesel,19.085514,72.898633,52.3,-1.2,1502.0,5,0.0,36.0,33.7,-0.92,Highway,Low,26.2,0.985,0,211.36,18.4,35.18,normal
V009,2026-08-22T15:31:27,Semi-Trailer,2,12.8,21196.8,Diesel,19.085656,72.898746,56.6,1.2,1423.0,6,50.0,0.0,65.1,0.04,Highway,Low,27.7,1.001,0,211.36,20.98,37.04,normal
V009,2026-08-22T15:31:28,Semi-Trailer,2,12.8,21196.8,Diesel,19.085787,72.89885,52.3,-1.2,1505.0,5,0.0,36.0,33.5,-1.11,Highway,Low,29.2,1.015,0,211.35,17.61,33.66,normal
V009,2026-08-22T15:31:29,Semi-Trailer,2,12.8,21196.8,Diesel,19.085915,72.898953,51.4,-0.26,1486.0,5,13.5,0.0,42.6,-0.35,Highway,Low,27.9,1.03,0,211.35,18.51,36.01,normal
V009,2026-08-22T15:31:30,Semi-Trailer,2,12.8,21196.8,Diesel,19.086054,72.899065,55.7,1.2,1559.0,5,50.0,0.0,63.7,-0.89,Highway,Low,27.0,1.045,0,211.34,19.36,34.75,normal
V009,2026-08-22T15:31:31,Semi-Trailer,2,12.8,21196.8,Diesel,19.086205,72.899185,60.0,1.2,1405.0,6,50.0,0.0,65.3,0.12,Highway,Low,27.7,1.062,0,211.33,21.45,35.73,normal
V009,2026-08-22T15:31:32,Semi-Trailer,2,12.8,21196.8,Diesel,19.086365,72.899313,64.4,1.2,1541.0,6,50.0,0.0,65.3,0.11,Highway,Low,26.0,1.08,0,211.33,22.71,35.29,normal
V009,2026-08-22T15:31:33,Semi-Trailer,2,12.8,21196.8,Diesel,19.086516,72.899433,60.0,-1.2,1498.0,6,0.0,36.0,35.8,0.3,Highway,Low,27.7,1.096,0,211.32,20.92,34.84,normal
V009,2026-08-22T15:31:34,Semi-Trailer,2,12.8,21196.8,Diesel,19.086655,72.899545,55.7,-1.2,1583.0,5,0.0,36.0,33.2,-1.32,Highway,Low,27.8,1.112,0,211.32,18.55,33.29,normal
V009,2026-08-22T15:31:35,Semi-Trailer,2,12.8,21196.8,Diesel,19.086783,72.899648,51.4,-1.2,1503.0,5,0.0,36.0,36.9,0.73,Highway,Low,27.8,1.126,0,211.31,19.02,37.0,normal
V009,2026-08-22T15:31:36,Semi-Trailer,2,12.8,21196.8,Diesel,19.086901,72.899742,47.1,-1.2,1423.0,5,0.0,36.0,34.2,-0.57,Highway,Low,29.6,1.139,0,211.31,17.15,36.44,normal
V009,2026-08-22T15:31:37,Semi-Trailer,2,12.8,21196.8,Diesel,19.087029,72.899845,51.4,1.2,1530.0,5,50.0,0.0,62.8,-1.59,Highway,Low,28.4,1.153,0,211.3,17.26,33.59,normal
V009,2026-08-22T15:31:38,Semi-Trailer,2,12.8,21196.8,Diesel,19.087157,72.899947,51.1,-0.08,1534.0,5,18.1,0.0,49.6,1.43,Highway,Low,26.6,1.168,0,211.3,20.99,41.07,normal
V009,2026-08-22T15:31:39,Semi-Trailer,2,12.8,21196.8,Diesel,19.087296,72.900058,55.4,1.2,1567.0,5,50.0,0.0,66.1,0.43,Highway,Low,27.1,1.183,0,211.29,20.79,37.5,normal
V009,2026-08-22T15:31:40,Semi-Trailer,2,12.8,21196.8,Diesel,19.087431,72.900166,53.9,-0.42,1556.0,5,9.5,12.7,38.8,-1.31,Highway,Low,24.9,1.198,0,211.29,18.78,34.82,normal
V009,2026-08-22T15:31:41,Semi-Trailer,2,12.8,21196.8,Diesel,19.087576,72.900282,58.2,1.2,1485.0,6,50.0,0.0,66.5,0.57,Highway,Low,28.1,1.214,0,211.28,21.23,36.46,normal
V009,2026-08-22T15:31:42,Semi-Trailer,2,12.8,21196.8,Diesel,19.087711,72.90039,53.9,-1.2,1493.0,5,0.0,36.0,36.1,0.43,Highway,Low,26.8,1.229,0,211.27,20.4,37.84,normal
V009,2026-08-22T15:31:43,Semi-Trailer,2,12.8,21196.8,Diesel,19.087835,72.900489,49.6,-1.2,1452.0,5,0.0,36.0,34.6,-0.29,Highway,Low,29.8,1.243,0,211.27,18.5,37.3,normal
V009,2026-08-22T15:31:44,Semi-Trailer,2,12.8,21196.8,Diesel,19.087948,72.90058,45.3,-1.2,1384.0,5,0.0,36.0,34.9,-0.11,Highway,Low,31.1,1.256,0,211.26,17.34,38.3,normal
V009,2026-08-22T15:31:45,Semi-Trailer,2,12.8,21196.8,Diesel,19.088051,72.900662,41.0,-1.2,1470.0,4,0.0,36.0,33.5,-1.05,Highway,Low,25.9,1.267,0,211.26,14.82,36.17,normal
V009,2026-08-22T15:31:46,Semi-Trailer,2,12.8,21196.8,Diesel,19.088161,72.90075,44.1,0.88,1413.0,5,42.1,0.0,59.2,-0.78,Highway,Low,29.7,1.279,0,211.25,15.97,36.18,normal
V009,2026-08-22T15:31:47,Semi-Trailer,2,12.8,21196.8,Diesel,19.088282,72.900847,48.5,1.2,1469.0,5,50.0,0.0,67.1,0.8,Highway,Low,29.5,1.293,0,211.25,18.62,38.42,normal
V009,2026-08-22T15:31:48,Semi-Trailer,2,12.8,21196.8,Diesel,19.088414,72.900952,52.8,1.2,1544.0,5,50.0,0.0,67.6,1.0,Highway,Low,27.0,1.307,0,211.24,20.79,39.39,normal
V009,2026-08-22T15:31:49,Semi-Trailer,2,12.8,21196.8,Diesel,19.088546,72.901058,52.6,-0.04,1479.0,5,19.0,0.0,44.4,-1.45,Highway,Low,30.0,1.322,0,211.24,17.64,33.51,normal
V009,2026-08-22T15:31:50,Semi-Trailer,2,12.8,21196.8,Diesel,19.088688,72.901171,57.0,1.2,1417.0,6,50.0,0.0,63.7,-0.91,Highway,Low,27.7,1.338,0,211.23,19.53,34.28,normal
V009,2026-08-22T15:31:51,Semi-Trailer,2,12.8,21196.8,Diesel,19.08882,72.901277,52.6,-1.2,1455.0,5,0.0,36.0,37.1,0.79,Highway,Low,29.5,1.352,0,211.23,19.5,37.06,normal
V009,2026-08-22T15:31:52,Semi-Trailer,2,12.8,21196.8,Diesel,19.08894,72.901373,48.3,-1.2,1484.0,5,0.0,36.0,36.9,0.72,Highway,Low,29.5,1.366,0,211.22,18.77,38.86,normal
V009,2026-08-22T15:31:53,Semi-Trailer,2,12.8,21196.8,Diesel,19.089072,72.901479,52.6,1.2,1500.0,5,50.0,0.0,67.4,0.92,Highway,Low,29.9,1.38,0,211.22,19.51,37.07,normal
V009,2026-08-22T15:31:54,Semi-Trailer,2,12.8,21196.8,Diesel,19.089214,72.901593,57.0,1.2,1402.0,6,50.0,0.0,64.7,-0.2,Highway,Low,26.6,1.396,0,211.21,20.36,35.74,normal
V009,2026-08-22T15:31:55,Semi-Trailer,2,12.8,21196.8,Diesel,19.089361,72.90171,58.5,0.44,1502.0,6,31.1,0.0,51.9,-1.23,Highway,Low,28.3,1.412,0,211.21,20.13,34.37,normal
V009,2026-08-22T15:31:56,Semi-Trailer,2,12.8,21196.8,Diesel,19.089513,72.901832,61.0,0.69,1523.0,6,37.1,0.0,58.6,0.51,Highway,Low,26.7,1.429,0,211.2,22.89,37.52,normal
V009,2026-08-22T15:31:57,Semi-Trailer,2,12.8,21196.8,Diesel,19.089655,72.901945,56.7,-1.2,1368.0,6,0.0,36.0,36.1,0.42,Highway,Low,27.9,1.445,0,211.19,20.74,36.57,normal
V009,2026-08-22T15:31:58,Semi-Trailer,2,12.8,21196.8,Diesel,19.089786,72.90205,52.4,-1.2,1513.0,5,0.0,36.0,33.8,-0.85,Highway,Low,25.9,1.46,0,211.19,19.01,36.29,normal
V009,2026-08-22T15:31:59,Semi-Trailer,2,12.8,21196.8,Diesel,19.089913,72.902151,50.8,-0.45,1466.0,5,8.7,13.5,43.2,1.14,Highway,Low,29.1,1.474,0,211.18,20.35,40.09,normal
V010,2026-08-22T09:40:00,Bus,1,7.2,13119.2,Petrol,19.06182,72.864984,31.5,0.12,928.0,5,55.4,0.0,90.2,0.76,Highway,Medium,26.0,0.009,0,223.51,15.18,48.24,inefficient_gear
V010,2026-08-22T09:40:01,Bus,1,7.2,13119.2,Petrol,19.061901,72.865049,32.5,0.28,2763.0,5,79.5,0.0,85.2,0.33,Highway,Medium,29.8,0.018,0,223.5,15.67,48.24,inefficient_gear
V010,2026-08-22T09:40:02,Bus,1,7.2,13119.2,Petrol,19.061984,72.865115,33.3,0.23,945.0,5,67.9,0.0,82.5,-0.6,Highway,Medium,29.7,0.027,0,223.5,16.07,48.24,inefficient_gear
V010,2026-08-22T09:40:03,Bus,1,7.2,13119.2,Petrol,19.062066,72.865181,32.9,-0.1,2772.0,5,61.7,0.0,86.7,0.27,Highway,Medium,30.1,0.036,0,223.49,15.89,48.24,inefficient_gear
V010,2026-08-22T09:40:04,Bus,1,7.2,13119.2,Petrol,19.062149,72.865247,33.1,0.04,925.0,5,74.4,0.0,78.6,-1.32,Highway,Medium,27.3,0.045,0,223.49,15.97,48.24,inefficient_gear
V010,2026-08-22T09:40:05,Bus,1,7.2,13119.2,Petrol,19.06223,72.865312,32.3,-0.22,2824.0,5,63.1,0.0,88.8,-0.86,Highway,Medium,28.9,0.054,0,223.49,15.59,48.24,inefficient_gear
V010,2026-08-22T09:40:06,Bus,1,7.2,13119.2,Petrol,19.062314,72.865379,33.6,0.37,967.0,5,62.6,0.0,86.4,-1.26,Highway,Medium,28.3,0.064,0,223.48,16.23,48.24,inefficient_gear
V010,2026-08-22T09:40:07,Bus,1,7.2,13119.2,Petrol,19.0624,72.865449,34.6,0.27,1007.0,5,78.2,0.0,78.5,1.0,Highway,Medium,28.3,0.073,0,223.48,16.69,48.24,inefficient_gear
V010,2026-08-22T09:40:08,Bus,1,7.2,13119.2,Petrol,19.062485,72.865516,33.9,-0.19,2773.0,5,55.9,0.0,87.6,-0.04,Highway,Medium,26.3,0.083,0,223.47,16.37,48.24,inefficient_gear
V010,2026-08-22T09:40:09,Bus,1,7.2,13119.2,Petrol,19.06257,72.865585,34.1,0.03,2807.0,5,77.0,0.0,84.1,-0.39,Highway,Medium,26.6,0.092,0,223.47,16.43,48.24,inefficient_gear
V010,2026-08-22T09:40:10,Bus,1,7.2,13119.2,Petrol,19.062654,72.865651,33.3,-0.21,997.0,5,61.0,0.0,75.5,-1.04,Highway,Medium,27.9,0.101,0,223.46,16.07,48.24,inefficient_gear
V010,2026-08-22T09:40:11,Bus,1,7.2,13119.2,Petrol,19.062739,72.865719,34.0,0.18,2801.0,5,70.1,0.0,82.3,-0.62,Highway,Medium,27.2,0.111,0,223.46,16.38,48.24,inefficient_gear
V010,2026-08-22T09:40:12,Bus,1,7.2,13119.2,Petrol,19.062825,72.865788,34.3,0.11,2793.0,5,60.5,0.0,78.9,-0.02,Highway,Medium,27.2,0.12,0,223.45,16.57,48.24,inefficient_gear
V010,2026-08-22T09:40:13,Bus,1,7.2,13119.2,Petrol,19.062911,72.865857,34.6,0.06,964.0,5,70.1,0.0,89.1,-0.19,Highway,Medium,28.9,0.13,0,223.45,16.68,48.24,inefficient_gear
V010,2026-08-22T09:40:14,Bus,1,7.2,13119.2,Petrol,19.062998,72.865927,34.9,0.1,2815.0,5,75.4,0.0,76.0,1.2,Highway,Medium,27.1,0.14,0,223.44,16.85,48.24,inefficient_gear
V010,2026-08-22T09:40:15,Bus,1,7.2,13119.2,Petrol,19.063086,72.865997,35.2,0.09,2771.0,5,68.4,0.0,91.0,0.68,Highway,Medium,25.3,0.15,0,223.44,17.0,48.24,inefficient_gear
V010,2026-08-22T09:40:16,Bus,1,7.2,13119.2,Petrol,19.063176,72.866069,36.0,0.21,2814.0,5,58.7,0.0,89.1,-0.76,Highway,Medium,26.5,0.159,0,223.43,17.36,48.24,inefficient_gear
V010,2026-08-22T09:40:17,Bus,1,7.2,13119.2,Petrol,19.063266,72.866141,35.8,-0.04,2768.0,5,76.9,0.0,87.1,0.22,Highway,Medium,29.7,0.169,0,223.43,17.29,48.24,inefficient_gear
V010,2026-08-22T09:40:18,Bus,1,7.2,13119.2,Petrol,19.063357,72.866214,36.4,0.16,2808.0,5,72.9,0.0,82.5,0.01,Highway,Medium,27.1,0.18,0,223.42,17.57,48.24,inefficient_gear
V010,2026-08-22T09:40:19,Bus,1,7.2,13119.2,Petrol,19.063449,72.866287,36.7,0.09,2818.0,5,68.4,0.0,75.7,-0.09,Highway,Medium,29.8,0.19,0,223.42,17.73,48.24,inefficient_gear
V010,2026-08-22T09:40:20,Bus,1,7.2,13119.2,Petrol,19.06354,72.86636,36.3,-0.12,988.0,5,65.5,0.0,77.0,-0.03,Highway,Medium,27.8,0.2,0,223.42,17.51,48.24,inefficient_gear
V010,2026-08-22T09:40:21,Bus,1,7.2,13119.2,Petrol,19.06363,72.866432,36.1,-0.06,989.0,5,79.3,0.0,77.3,-1.02,Highway,Medium,28.0,0.21,0,223.41,17.41,48.24,inefficient_gear
V010,2026-08-22T09:40:22,Bus,1,7.2,13119.2,Petrol,19.063719,72.866503,35.7,-0.12,2818.0,5,64.1,0.0,80.9,-1.14,Highway,Medium,28.6,0.22,0,223.41,17.21,48.24,inefficient_gear
V010,2026-08-22T09:40:23,Bus,1,7.2,13119.2,Petrol,19.063808,72.866575,35.7,0.0,2795.0,5,57.6,0.0,86.7,0.16,Highway,Medium,30.4,0.23,0,223.4,17.21,48.24,inefficient_gear
V010,2026-08-22T09:40:24,Bus,1,7.2,13119.2,Petrol,19.0639,72.866648,36.6,0.25,2790.0,5,66.2,0.0,87.6,0.74,Highway,Medium,31.3,0.24,0,223.4,17.64,48.24,inefficient_gear
V010,2026-08-22T09:40:25,Bus,1,7.2,13119.2,Petrol,19.063994,72.866723,37.7,0.31,1016.0,5,78.8,0.0,76.3,-0.17,Highway,Medium,26.0,0.25,0,223.39,18.18,48.24,inefficient_gear
V010,2026-08-22T09:40:26,Bus,1,7.2,13119.2,Petrol,19.064092,72.866802,39.1,0.41,2852.0,5,75.8,0.0,85.3,1.07,Highway,Medium,27.4,0.261,0,223.39,18.89,48.24,inefficient_gear
V010,2026-08-22T09:40:27,Bus,1,7.2,13119.2,Petrol,19.064192,72.866882,40.1,0.27,2066.0,2,55.4,0.0,91.2,-0.19,Highway,Medium,29.8,0.272,0,223.38,19.35,48.24,inefficient_gear
V010,2026-08-22T09:40:28,Bus,1,7.2,13119.2,Petrol,19.064295,72.866964,41.1,0.27,2069.0,2,68.5,0.0,86.4,0.16,Highway,Medium,27.7,0.284,0,223.37,19.82,48.24,inefficient_gear
V010,2026-08-22T09:40:29,Bus,1,7.2,13119.2,Petrol,19.064399,72.867048,41.9,0.22,2141.0,2,78.5,0.0,77.8,-0.79,Highway,Medium,28.8,0.295,0,223.37,20.2,48.24,inefficient_gear
V010,2026-08-22T09:40:30,Bus,1,7.2,13119.2,Petrol,19.064505,72.867132,42.3,0.11,2214.0,2,56.8,0.0,76.1,0.75,Highway,Medium,27.1,0.307,0,223.36,20.4,48.24,inefficient_gear
V010,2026-08-22T09:40:31,Bus,1,7.2,13119.2,Petrol,19.064613,72.867218,43.1,0.23,2806.0,2,66.6,0.0,76.1,-0.07,Highway,Medium,27.7,0.319,0,223.36,20.79,48.24,inefficient_gear
V010,2026-08-22T09:40:32,Bus,1,7.2,13119.2,Petrol,19.06472,72.867304,42.7,-0.11,2815.0,2,57.0,0.0,89.4,-0.61,Highway,Medium,28.1,0.331,0,223.35,20.61,48.24,inefficient_gear
V010,2026-08-22T09:40:33,Bus,1,7.2,13119.2,Petrol,19.064831,72.867393,44.4,0.48,2263.0,2,63.7,0.0,86.0,0.63,Highway,Medium,30.2,0.343,0,223.35,21.44,48.24,inefficient_gear
V010,2026-08-22T09:40:34,Bus,1,7.2,13119.2,Petrol,19.064944,72.867483,45.3,0.24,2798.0,2,71.0,0.0,76.7,0.1,Highway,Medium,25.1,0.356,0,223.34,21.86,48.24,inefficient_gear
V010,2026-08-22T09:40:35,Bus,1,7.2,13119.2,Petrol,19.065058,72.867575,45.6,0.09,2731.0,2,71.4,0.0,84.4,1.08,Highway,Medium,28.9,0.369,0,223.33,22.02,48.24,inefficient_gear
V010,2026-08-22T09:40:36,Bus,1,7.2,13119.2,Petrol,19.065173,72.867666,45.8,0.05,2258.0,2,77.0,0.0,81.8,-0.1,Highway,Medium,29.6,0.381,0,223.33,22.1,48.24,inefficient_gear
V010,2026-08-22T09:40:37,Bus,1,7.2,13119.2,Petrol,19.065291,72.867761,47.3,0.41,2859.0,2,68.5,0.0,81.7,-0.14,Highway,Medium,29.7,0.394,0,223.32,22.81,48.24,inefficient_gear
V010,2026-08-22T09:40:38,Bus,1,7.2,13119.2,Petrol,19.065412,72.867858,48.4,0.32,2424.0,2,77.9,0.0,91.7,1.5,Highway,Medium,27.5,0.408,0,223.31,23.36,48.24,inefficient_gear
V010,2026-08-22T09:40:39,Bus,1,7.2,13119.2,Petrol,19.065533,72.867955,48.5,0.03,2403.0,2,68.0,0.0,80.1,-0.09,Highway,Medium,30.4,0.421,0,223.31,23.42,48.24,inefficient_gear
V010,2026-08-22T09:40:40,Bus,1,7.2,13119.2,Petrol,19.065658,72.868055,49.8,0.36,2762.0,2,76.1,0.0,89.1,-0.34,Highway,Medium,28.4,0.435,0,223.3,24.04,48.24,inefficient_gear
V010,2026-08-22T09:40:41,Bus,1,7.2,13119.2,Petrol,19.065783,72.868155,50.2,0.1,2467.0,2,65.7,0.0,83.6,0.66,Highway,Medium,27.1,0.449,0,223.29,24.22,48.24,inefficient_gear
V010,2026-08-22T09:40:42,Bus,1,7.2,13119.2,Petrol,19.065909,72.868256,50.4,0.06,2480.0,2,61.3,0.0,80.3,-0.67,Highway,Medium,29.0,0.463,0,223.29,24.32,48.24,inefficient_gear
V010,2026-08-22T09:40:43,Bus,1,7.2,13119.2,Petrol,19.066036,72.868357,50.7,0.08,2806.0,2,66.3,0.0,88.9,0.43,Highway,Medium,26.0,0.477,0,223.28,24.45,48.24,inefficient_gear
V010,2026-08-22T09:40:44,Bus,1,7.2,13119.2,Petrol,19.066162,72.868458,50.5,-0.06,2485.0,2,71.0,0.0,84.8,-0.86,Highway,Medium,27.3,0.491,0,223.27,24.35,48.24,inefficient_gear
V010,2026-08-22T09:40:45,Bus,1,7.2,13119.2,Petrol,19.06629,72.86856,51.1,0.17,2513.0,2,71.2,0.0,88.4,0.32,Highway,Medium,29.3,0.505,0,223.27,24.64,48.24,inefficient_gear
V010,2026-08-22T09:40:46,Bus,1,7.2,13119.2,Petrol,19.066421,72.868665,52.3,0.32,2766.0,2,65.2,0.0,91.6,0.8,Highway,Medium,26.9,0.52,0,223.26,25.21,48.24,inefficient_gear
V010,2026-08-22T09:40:47,Bus,1,7.2,13119.2,Petrol,19.066553,72.86877,52.9,0.17,2770.0,2,63.6,0.0,80.4,-0.29,Highway,Medium,26.4,0.535,0,223.25,25.51,48.24,inefficient_gear
V010,2026-08-22T09:40:48,Bus,1,7.2,13119.2,Petrol,19.066688,72.868879,54.1,0.35,2781.0,2,75.5,0.0,77.1,-0.35,Highway,Medium,26.8,0.55,0,223.25,26.11,48.24,inefficient_gear
V010,2026-08-22T09:40:49,Bus,1,7.2,13119.2,Petrol,19.066826,72.868989,55.2,0.28,2645.0,2,74.8,0.0,89.4,0.36,Highway,Medium,25.7,0.565,0,223.24,26.61,48.24,inefficient_gear
V010,2026-08-22T09:40:50,Bus,1,7.2,13119.2,Petrol,19.066965,72.8691,55.7,0.14,2809.0,2,78.9,0.0,75.3,-0.36,Highway,Medium,28.7,0.58,0,223.23,26.85,48.24,inefficient_gear
V010,2026-08-22T09:40:51,Bus,1,7.2,13119.2,Petrol,19.067106,72.869213,56.2,0.15,2807.0,2,73.9,0.0,88.1,1.2,Highway,Medium,26.7,0.596,0,223.22,27.11,48.24,inefficient_gear
V010,2026-08-22T09:40:52,Bus,1,7.2,13119.2,Petrol,19.067247,72.869326,56.6,0.12,2675.0,2,62.0,0.0,91.0,-0.15,Highway,Medium,26.3,0.612,0,223.22,27.32,48.24,inefficient_gear
V010,2026-08-22T09:40:53,Bus,1,7.2,13119.2,Petrol,19.06739,72.86944,56.9,0.09,2729.0,2,72.7,0.0,81.9,-0.73,Highway,Medium,27.2,0.628,0,223.21,27.47,48.24,inefficient_gear
V010,2026-08-22T09:40:54,Bus,1,7.2,13119.2,Petrol,19.067533,72.869554,57.2,0.07,2814.0,2,66.0,0.0,87.7,0.24,Highway,Medium,26.7,0.644,0,223.2,27.59,48.24,inefficient_gear
V010,2026-08-22T09:40:55,Bus,1,7.2,13119.2,Petrol,19.067674,72.869667,56.5,-0.2,2759.0,2,74.9,0.0,90.6,-1.76,Highway,Medium,28.3,0.659,0,223.19,27.25,48.24,inefficient_gear
V010,2026-08-22T09:40:56,Bus,1,7.2,13119.2,Petrol,19.067816,72.869781,56.7,0.07,2814.0,2,61.5,0.0,84.1,1.09,Highway,Medium,28.3,0.675,0,223.19,27.37,48.24,inefficient_gear
V010,2026-08-22T09:40:57,Bus,1,7.2,13119.2,Petrol,19.06796,72.869896,57.7,0.27,2787.0,2,55.1,0.0,84.5,0.3,Highway,Medium,28.9,0.691,0,223.18,27.84,48.24,inefficient_gear
V010,2026-08-22T09:40:58,Bus,1,7.2,13119.2,Petrol,19.068102,72.87001,56.8,-0.25,2751.0,2,58.2,0.0,78.8,2.04,Highway,Medium,27.5,0.707,0,223.17,27.41,48.24,inefficient_gear
V010,2026-08-22T09:40:59,Bus,1,7.2,13119.2,Petrol,19.068247,72.870125,57.8,0.28,2799.0,2,59.2,0.0,88.3,-0.55,Highway,Medium,27.0,0.723,0,223.16,27.9,48.24,inefficient_gear
V010,2026-08-22T09:41:00,Bus,1,7.2,13119.2,Petrol,19.068395,72.870244,59.5,0.46,2816.0,2,71.7,0.0,87.6,-0.38,Highway,Medium,29.0,0.739,0,223.15,28.7,48.24,inefficient_gear
V010,2026-08-22T09:41:01,Bus,1,7.2,13119.2,Petrol,19.068545,72.870364,59.7,0.06,2860.0,2,64.6,0.0,88.4,-1.34,Highway,Medium,29.1,0.756,0,223.15,28.81,48.24,inefficient_gear
V010,2026-08-22T09:41:02,Bus,1,7.2,13119.2,Petrol,19.068694,72.870484,59.9,0.04,2800.0,2,78.3,0.0,89.7,-0.36,Highway,Medium,28.7,0.773,0,223.14,28.88,48.24,inefficient_gear
V010,2026-08-22T09:41:03,Bus,1,7.2,13119.2,Petrol,19.068843,72.870603,59.5,-0.1,2889.0,2,56.5,0.0,79.8,0.08,Highway,Medium,25.8,0.789,0,223.13,28.7,48.24,inefficient_gear
V010,2026-08-22T09:41:04,Bus,1,7.2,13119.2,Petrol,19.068992,72.870722,59.5,0.01,2866.0,2,55.1,0.0,90.4,1.66,Highway,Medium,28.6,0.806,0,223.12,28.71,48.24,inefficient_gear
V010,2026-08-22T09:41:05,Bus,1,7.2,13119.2,Petrol,19.069143,72.870842,60.4,0.24,2906.0,2,73.2,0.0,84.9,1.91,Highway,Medium,26.5,0.822,0,223.11,29.12,48.24,inefficient_gear
V010,2026-08-22T09:41:06,Bus,1,7.2,13119.2,Petrol,19.069297,72.870966,61.6,0.34,2947.0,2,61.6,0.0,81.7,0.41,Highway,Medium,27.9,0.84,0,223.11,29.71,48.24,inefficient_gear
V010,2026-08-22T09:41:07,Bus,1,7.2,13119.2,Petrol,19.06945,72.871088,61.2,-0.11,2928.0,2,78.4,0.0,84.3,-1.04,Highway,Medium,27.8,0.857,0,223.1,29.52,48.24,inefficient_gear
V010,2026-08-22T09:41:08,Bus,1,7.2,13119.2,Petrol,19.069607,72.871214,62.9,0.48,2800.0,2,68.0,0.0,85.3,1.16,Highway,Medium,28.0,0.874,0,223.09,30.34,48.24,inefficient_gear
V010,2026-08-22T09:41:09,Bus,1,7.2,13119.2,Petrol,19.069765,72.871341,63.4,0.13,3000.0,2,61.5,0.0,82.3,-0.08,Highway,Medium,30.0,0.892,0,223.08,30.58,48.24,inefficient_gear
V010,2026-08-22T09:41:10,Bus,1,7.2,13119.2,Petrol,19.069925,72.871469,64.0,0.17,3000.0,2,65.9,0.0,91.5,-0.34,Highway,Medium,29.2,0.909,0,223.07,30.87,48.24,inefficient_gear
V010,2026-08-22T09:41:11,Bus,1,7.2,13119.2,Petrol,19.070084,72.871595,63.3,-0.21,3000.0,2,65.0,0.0,82.1,0.19,Highway,Medium,27.4,0.927,0,223.06,30.51,48.24,inefficient_gear
V010,2026-08-22T09:41:12,Bus,1,7.2,13119.2,Petrol,19.070243,72.871722,63.7,0.12,3000.0,2,62.9,0.0,81.8,-0.36,Highway,Medium,28.8,0.945,0,223.06,30.72,48.24,inefficient_gear
V010,2026-08-22T09:41:13,Bus,1,7.2,13119.2,Petrol,19.0704,72.871848,63.0,-0.2,2984.0,2,56.9,0.0,80.0,-1.01,Highway,Medium,27.4,0.962,0,223.05,30.37,48.24,inefficient_gear
V010,2026-08-22T09:41:14,Bus,1,7.2,13119.2,Petrol,19.070561,72.871977,64.2,0.35,2780.0,2,74.7,0.0,85.6,0.74,Highway,Medium,29.7,0.98,0,223.04,30.97,48.24,inefficient_gear
V010,2026-08-22T09:41:15,Bus,1,7.2,13119.2,Petrol,19.070725,72.872108,65.8,0.46,2807.0,2,59.7,0.0,88.7,0.47,Highway,Medium,27.3,0.998,0,223.03,31.77,48.24,inefficient_gear
V010,2026-08-22T09:41:16,Bus,1,7.2,13119.2,Petrol,19.070892,72.872242,66.6,0.22,2793.0,2,79.7,0.0,86.3,-0.01,Highway,Medium,24.8,1.017,0,223.02,32.15,48.24,inefficient_gear
V010,2026-08-22T09:41:17,Bus,1,7.2,13119.2,Petrol,19.071057,72.872373,65.9,-0.21,2787.0,2,57.6,0.0,75.1,0.23,Highway,Medium,28.1,1.035,0,223.01,31.78,48.24,inefficient_gear
V010,2026-08-22T09:41:18,Bus,1,7.2,13119.2,Petrol,19.071222,72.872506,66.2,0.09,3000.0,2,66.3,0.0,91.4,-1.36,Highway,Medium,29.5,1.053,0,223.0,31.93,48.24,inefficient_gear
V010,2026-08-22T09:41:19,Bus,1,7.2,13119.2,Petrol,19.071391,72.872641,67.4,0.34,3000.0,2,70.7,0.0,87.1,0.61,Highway,Medium,27.0,1.072,0,222.99,32.52,48.24,inefficient_gear
V010,2026-08-22T09:41:20,Bus,1,7.2,13119.2,Petrol,19.071562,72.872778,68.5,0.3,3000.0,2,76.1,0.0,79.5,-1.1,Highway,Medium,27.3,1.091,0,222.99,33.05,48.24,inefficient_gear
V010,2026-08-22T09:41:21,Bus,1,7.2,13119.2,Petrol,19.071733,72.872915,68.6,0.01,2840.0,2,57.9,0.0,90.8,0.35,Highway,Medium,27.5,1.11,0,222.98,33.08,48.24,inefficient_gear
V010,2026-08-22T09:41:22,Bus,1,7.2,13119.2,Petrol,19.071905,72.873052,68.8,0.06,3000.0,2,61.2,0.0,86.1,-0.03,Highway,Medium,31.2,1.129,0,222.97,33.18,48.24,inefficient_gear
V010,2026-08-22T09:41:23,Bus,1,7.2,13119.2,Petrol,19.07208,72.873193,70.1,0.36,2797.0,2,73.5,0.0,80.9,0.1,Highway,Medium,26.3,1.149,0,222.96,33.81,48.24,inefficient_gear
V010,2026-08-22T09:41:24,Bus,1,7.2,13119.2,Petrol,19.072255,72.873333,70.0,-0.02,3000.0,2,59.3,0.0,84.9,0.36,Highway,Medium,27.6,1.168,0,222.95,33.77,48.24,inefficient_gear
V010,2026-08-22T09:41:25,Bus,1,7.2,13119.2,Petrol,19.072432,72.873474,70.7,0.18,2808.0,2,62.0,0.0,90.4,0.06,Highway,Medium,27.7,1.188,0,222.94,34.09,48.24,inefficient_gear
V010,2026-08-22T09:41:26,Bus,1,7.2,13119.2,Petrol,19.07261,72.873616,71.2,0.15,3000.0,2,66.1,0.0,81.9,1.02,Highway,Medium,29.0,1.208,0,222.93,34.34,48.24,inefficient_gear
V010,2026-08-22T09:41:27,Bus,1,7.2,13119.2,Petrol,19.07279,72.87376,71.8,0.16,3000.0,2,69.1,0.0,76.1,-0.16,Highway,Medium,27.4,1.228,0,222.92,34.63,48.24,inefficient_gear
V010,2026-08-22T09:41:28,Bus,1,7.2,13119.2,Petrol,19.072971,72.873905,72.8,0.27,2793.0,2,69.7,0.0,81.7,0.95,Highway,Medium,26.3,1.248,0,222.91,35.1,48.24,inefficient_gear
V010,2026-08-22T09:41:29,Bus,1,7.2,13119.2,Petrol,19.073154,72.874051,73.0,0.06,3000.0,2,76.1,0.0,86.7,-0.07,Highway,Medium,28.8,1.268,0,222.9,35.2,48.24,inefficient_gear
V010,2026-08-22T09:41:30,Bus,1,7.2,13119.2,Petrol,19.07334,72.8742,74.4,0.39,3000.0,2,67.0,0.0,78.6,-1.03,Highway,Medium,28.1,1.289,0,222.89,35.87,48.24,inefficient_gear
V010,2026-08-22T09:41:31,Bus,1,7.2,13119.2,Petrol,19.073524,72.874347,73.8,-0.17,2846.0,2,58.5,0.0,87.1,-0.6,Highway,Medium,30.0,1.309,0,222.88,35.58,48.24,inefficient_gear
V010,2026-08-22T09:41:32,Bus,1,7.2,13119.2,Petrol,19.073711,72.874497,74.8,0.29,2806.0,2,66.0,0.0,87.7,0.78,Highway,Medium,29.9,1.33,0,222.87,36.08,48.24,inefficient_gear
V010,2026-08-22T09:41:33,Bus,1,7.2,13119.2,Petrol,19.073899,72.874647,75.0,0.5,3000.0,2,60.7,0.0,90.4,0.67,Highway,Medium,27.0,1.351,0,222.86,36.18,48.24,inefficient_gear
V010,2026-08-22T09:41:34,Bus,1,7.2,13119.2,Petrol,19.074086,72.874797,75.0,0.32,3000.0,2,73.7,0.0,85.3,0.17,Highway,Medium,27.2,1.372,0,222.85,36.18,48.24,inefficient_gear
V010,2026-08-22T09:41:35,Bus,1,7.2,13119.2,Petrol,19.074274,72.874947,75.0,0.18,2745.0,2,60.5,0.0,85.3,0.69,Highway,Medium,26.6,1.393,0,222.84,36.18,48.24,inefficient_gear
V010,2026-08-22T09:41:36,Bus,1,7.2,13119.2,Petrol,19.074459,72.875095,74.1,-0.24,2814.0,2,74.5,0.0,81.9,-1.8,Highway,Medium,25.4,1.413,0,222.83,35.76,48.24,inefficient_gear
V010,2026-08-22T09:41:37,Bus,1,7.2,13119.2,Petrol,19.074646,72.875245,74.7,0.17,2817.0,2,70.4,0.0,88.5,0.78,Highway,Medium,29.1,1.434,0,222.82,36.05,48.24,inefficient_gear
V010,2026-08-22T09:41:38,Bus,1,7.2,13119.2,Petrol,19.074833,72.875395,75.0,0.17,3000.0,2,78.2,0.0,86.8,-0.57,Highway,Medium,29.9,1.455,0,222.81,36.18,48.24,inefficient_gear
V010,2026-08-22T09:41:39,Bus,1,7.2,13119.2,Petrol,19.075021,72.875545,75.0,0.43,3000.0,2,72.6,0.0,90.6,1.41,Highway,Medium,26.3,1.476,0,222.8,36.18,48.24,inefficient_gear
V010,2026-08-22T09:41:40,Bus,1,7.2,13119.2,Petrol,19.075207,72.875694,74.5,-0.15,2810.0,2,61.4,0.0,76.4,-0.25,Highway,Medium,28.9,1.496,0,222.79,35.92,48.24,inefficient_gear
V010,2026-08-22T09:41:41,Bus,1,7.2,13119.2,Petrol,19.075392,72.875842,74.1,-0.09,2842.0,2,77.5,0.0,78.6,0.15,Highway,Medium,29.9,1.517,0,222.78,35.76,48.24,inefficient_gear
V010,2026-08-22T09:41:42,Bus,1,7.2,13119.2,Petrol,19.075578,72.875991,74.4,0.09,3000.0,2,70.3,0.0,91.7,0.63,Highway,Medium,26.6,1.537,0,222.77,35.91,48.24,inefficient_gear
V010,2026-08-22T09:41:43,Bus,1,7.2,13119.2,Petrol,19.075766,72.876141,75.0,0.17,2780.0,2,66.8,0.0,84.7,0.24,Highway,Medium,27.1,1.558,0,222.76,36.18,48.24,inefficient_gear
V010,2026-08-22T09:41:44,Bus,1,7.2,13119.2,Petrol,19.075953,72.876291,75.0,0.36,3000.0,2,68.5,0.0,82.5,-1.1,Highway,Medium,27.2,1.579,0,222.75,36.18,48.24,inefficient_gear
V010,2026-08-22T09:41:45,Bus,1,7.2,13119.2,Petrol,19.076141,72.876441,75.0,0.0,2773.0,2,57.8,0.0,79.7,0.41,Highway,Medium,27.4,1.6,0,222.74,36.18,48.24,inefficient_gear
V010,2026-08-22T09:41:46,Bus,1,7.2,13119.2,Petrol,19.076328,72.876591,75.0,0.28,2816.0,2,72.8,0.0,76.0,0.01,Highway,Medium,28.6,1.621,0,222.73,36.18,48.24,inefficient_gear
V010,2026-08-22T09:41:47,Bus,1,7.2,13119.2,Petrol,19.076516,72.876741,75.0,0.34,2783.0,2,65.7,0.0,82.1,0.92,Highway,Medium,26.9,1.642,0,222.72,36.18,48.24,inefficient_gear
V010,2026-08-22T09:41:48,Bus,1,7.2,13119.2,Petrol,19.0767,72.876888,73.8,-0.34,2784.0,2,55.6,0.0,80.9,0.15,Highway,Medium,28.6,1.662,0,222.71,35.59,48.24,inefficient_gear
V010,2026-08-22T09:41:49,Bus,1,7.2,13119.2,Petrol,19.076885,72.877036,73.8,0.01,3000.0,2,66.8,0.0,75.1,0.25,Highway,Medium,29.0,1.683,0,222.7,35.62,48.24,inefficient_gear
V010,2026-08-22T09:41:50,Bus,1,7.2,13119.2,Petrol,19.07707,72.877184,73.9,0.03,3000.0,2,57.2,0.0,79.3,0.07,Highway,Medium,27.7,1.703,0,222.69,35.67,48.24,inefficient_gear
V010,2026-08-22T09:41:51,Bus,1,7.2,13119.2,Petrol,19.077254,72.877331,73.6,-0.09,2759.0,2,61.6,0.0,87.0,-0.5,Highway,Medium,26.6,1.724,0,222.68,35.51,48.24,inefficient_gear
V010,2026-08-22T09:41:52,Bus,1,7.2,13119.2,Petrol,19.077439,72.877479,74.0,0.12,3000.0,2,77.4,0.0,89.7,-0.05,Highway,Medium,27.4,1.744,0,222.67,35.72,48.24,inefficient_gear
V010,2026-08-22T09:41:53,Bus,1,7.2,13119.2,Petrol,19.077623,72.877626,73.6,-0.12,3000.0,2,57.0,0.0,82.1,-0.57,Highway,Medium,29.0,1.765,0,222.66,35.5,48.24,inefficient_gear
V010,2026-08-22T09:41:54,Bus,1,7.2,13119.2,Petrol,19.077809,72.877776,74.6,0.27,3000.0,2,59.9,0.0,84.7,-0.4,Highway,Medium,28.2,1.785,0,222.65,35.98,48.24,inefficient_gear
V010,2026-08-22T09:41:55,Bus,1,7.2,13119.2,Petrol,19.077996,72.877925,74.6,0.01,2771.0,2,75.7,0.0,82.4,0.86,Highway,Medium,30.1,1.806,0,222.64,35.99,48.24,inefficient_gear
V010,2026-08-22T09:41:56,Bus,1,7.2,13119.2,Petrol,19.078183,72.878075,75.0,0.19,3000.0,2,73.7,0.0,86.5,0.19,Highway,Medium,29.4,1.827,0,222.63,36.18,48.24,inefficient_gear
V010,2026-08-22T09:41:57,Bus,1,7.2,13119.2,Petrol,19.078371,72.878225,75.0,0.37,2810.0,2,69.0,0.0,82.7,-0.51,Highway,Medium,29.6,1.848,0,222.62,36.18,48.24,inefficient_gear
V010,2026-08-22T09:41:58,Bus,1,7.2,13119.2,Petrol,19.078558,72.878375,75.0,0.44,2792.0,2,58.4,0.0,75.1,0.44,Highway,Medium,26.6,1.869,0,222.61,36.18,48.24,inefficient_gear
V010,2026-08-22T09:41:59,Bus,1,7.2,13119.2,Petrol,19.078746,72.878525,75.0,0.19,3000.0,2,77.0,0.0,91.3,-0.02,Highway,Medium,26.8,1.889,0,222.6,36.18,48.24,inefficient_gear
V010,2026-08-22T11:40:00,Bus,1,7.2,12372.5,Petrol,19.042733,72.837906,0.0,0.0,1420.0,0,0.0,55.0,16.4,0.45,Highway,Medium,29.1,0.0,1,243.47,2.91,99.9,excessive_idling
V010,2026-08-22T11:40:01,Bus,1,7.2,12372.5,Petrol,19.042733,72.837906,0.0,0.0,1430.0,0,0.0,37.7,13.5,-0.07,Highway,Medium,27.3,0.0,2,243.47,2.79,99.9,excessive_idling
V010,2026-08-22T11:40:02,Bus,1,7.2,12372.5,Petrol,19.042733,72.837906,0.0,0.0,1406.0,0,0.0,59.1,12.2,1.18,Highway,Medium,31.7,0.0,3,243.47,2.88,99.9,excessive_idling
V010,2026-08-22T11:40:03,Bus,1,7.2,12372.5,Petrol,19.042733,72.837906,0.0,0.0,1428.0,0,0.0,52.2,12.7,0.59,Highway,Medium,27.9,0.0,4,243.46,2.78,99.9,excessive_idling
V010,2026-08-22T11:40:04,Bus,1,7.2,12372.5,Petrol,19.042733,72.837906,0.0,0.0,1425.0,0,0.0,40.2,14.1,-0.86,Highway,Medium,29.6,0.0,5,243.46,2.63,99.9,excessive_idling
V010,2026-08-22T11:40:05,Bus,1,7.2,12372.5,Petrol,19.042733,72.837906,0.0,0.0,1417.0,0,0.0,50.5,13.2,0.45,Highway,Medium,27.2,0.0,6,243.46,2.89,99.9,excessive_idling
V010,2026-08-22T11:40:06,Bus,1,7.2,12372.5,Petrol,19.042733,72.837906,0.0,0.0,1424.0,0,0.0,51.2,13.9,-0.34,Highway,Medium,27.6,0.0,7,243.46,2.86,99.9,excessive_idling
V010,2026-08-22T11:40:07,Bus,1,7.2,12372.5,Petrol,19.042733,72.837906,0.0,0.0,1447.0,0,0.0,40.0,15.2,-1.15,Highway,Medium,28.9,0.0,8,243.46,2.77,99.9,excessive_idling
V010,2026-08-22T11:40:08,Bus,1,7.2,12372.5,Petrol,19.042733,72.837906,0.0,0.0,1398.0,0,0.0,58.0,13.4,0.24,Highway,Medium,29.7,0.0,9,243.46,2.85,99.9,excessive_idling
V010,2026-08-22T11:40:09,Bus,1,7.2,12372.5,Petrol,19.042733,72.837906,0.0,0.0,1417.0,0,0.0,30.8,16.1,-0.45,Highway,Medium,26.9,0.0,10,243.46,2.73,99.9,excessive_idling
V010,2026-08-22T11:40:10,Bus,1,7.2,12372.5,Petrol,19.042733,72.837906,0.0,0.0,1402.0,0,0.0,59.4,12.9,0.12,Highway,Medium,29.0,0.0,11,243.46,2.78,99.9,excessive_idling
V010,2026-08-22T11:40:11,Bus,1,7.2,12372.5,Petrol,19.042733,72.837906,0.0,0.0,1420.0,0,0.0,35.7,17.6,-0.97,Highway,Medium,26.2,0.0,12,243.46,2.97,99.9,excessive_idling
V010,2026-08-22T11:40:12,Bus,1,7.2,12372.5,Petrol,19.042733,72.837906,0.0,0.0,1382.0,0,0.0,49.7,15.5,0.58,Highway,Medium,25.1,0.0,13,243.46,2.88,99.9,excessive_idling
V010,2026-08-22T11:40:13,Bus,1,7.2,12372.5,Petrol,19.042733,72.837906,0.0,0.0,1399.0,0,0.0,52.8,12.5,0.15,Highway,Medium,27.9,0.0,14,243.46,2.83,99.9,excessive_idling
V010,2026-08-22T11:40:14,Bus,1,7.2,12372.5,Petrol,19.042733,72.837906,0.0,0.0,1388.0,0,0.0,49.3,15.7,0.15,Highway,Medium,27.5,0.0,15,243.46,2.72,99.9,excessive_idling
V010,2026-08-22T11:40:15,Bus,1,7.2,12372.5,Petrol,19.042733,72.837906,0.0,0.0,1418.0,0,0.0,34.8,17.3,0.33,Highway,Medium,25.4,0.0,16,243.46,2.81,99.9,excessive_idling
V010,2026-08-22T11:40:16,Bus,1,7.2,12372.5,Petrol,19.042733,72.837906,0.0,0.0,1425.0,0,0.0,52.0,13.0,-0.17,Highway,Medium,28.4,0.0,17,243.45,2.9,99.9,excessive_idling
V010,2026-08-22T11:40:17,Bus,1,7.2,12372.5,Petrol,19.042733,72.837906,0.0,0.0,1413.0,0,0.0,36.8,15.2,-0.79,Highway,Medium,29.2,0.0,18,243.45,2.87,99.9,excessive_idling
V010,2026-08-22T11:40:18,Bus,1,7.2,12372.5,Petrol,19.042733,72.837906,0.0,0.0,1441.0,0,0.0,42.8,17.1,0.61,Highway,Medium,27.8,0.0,19,243.45,2.7,99.9,excessive_idling
V010,2026-08-22T11:40:19,Bus,1,7.2,12372.5,Petrol,19.042733,72.837906,0.0,0.0,1418.0,0,0.0,42.6,12.5,0.32,Highway,Medium,26.4,0.0,20,243.45,2.79,99.9,excessive_idling
V010,2026-08-22T11:40:20,Bus,1,7.2,12372.5,Petrol,19.042733,72.837906,0.0,0.0,1421.0,0,0.0,32.6,12.2,0.16,Highway,Medium,26.5,0.0,21,243.45,2.9,99.9,excessive_idling
V010,2026-08-22T11:40:21,Bus,1,7.2,12372.5,Petrol,19.042733,72.837906,0.0,0.0,1415.0,0,0.0,57.3,13.6,-0.81,Highway,Medium,27.1,0.0,22,243.45,2.91,99.9,excessive_idling
V010,2026-08-22T11:40:22,Bus,1,7.2,12372.5,Petrol,19.042733,72.837906,0.0,0.0,1421.0,0,0.0,59.8,16.4,0.58,Highway,Medium,27.7,0.0,23,243.45,2.89,99.9,excessive_idling
V010,2026-08-22T11:40:23,Bus,1,7.2,12372.5,Petrol,19.042733,72.837906,0.0,0.0,1400.0,0,0.0,39.1,16.9,-0.53,Highway,Medium,28.9,0.0,24,243.45,2.96,99.9,excessive_idling
V010,2026-08-22T11:40:24,Bus,1,7.2,12372.5,Petrol,19.042733,72.837906,0.0,0.0,1397.0,0,0.0,51.4,13.1,-0.41,Highway,Medium,27.0,0.0,25,243.45,2.77,99.9,excessive_idling
V010,2026-08-22T11:40:25,Bus,1,7.2,12372.5,Petrol,19.042733,72.837906,0.0,0.0,1417.0,0,0.0,49.2,13.0,-0.2,Highway,Medium,29.1,0.0,26,243.45,2.72,99.9,excessive_idling
V010,2026-08-22T11:40:26,Bus,1,7.2,12372.5,Petrol,19.042733,72.837906,0.0,0.0,1438.0,0,0.0,32.5,15.8,1.79,Highway,Medium,28.8,0.0,27,243.45,2.95,99.9,excessive_idling
V010,2026-08-22T11:40:27,Bus,1,7.2,12372.5,Petrol,19.042733,72.837906,0.0,0.0,1436.0,0,0.0,56.3,16.3,-0.53,Highway,Medium,27.7,0.0,28,243.45,2.93,99.9,excessive_idling
V010,2026-08-22T11:40:28,Bus,1,7.2,12372.5,Petrol,19.042733,72.837906,0.0,0.0,1414.0,0,0.0,37.8,15.5,0.87,Highway,Medium,28.1,0.0,29,243.44,2.75,99.9,excessive_idling
V010,2026-08-22T11:40:29,Bus,1,7.2,12372.5,Petrol,19.042733,72.837906,0.0,0.0,1435.0,0,0.0,51.0,14.2,0.12,Highway,Medium,27.3,0.0,30,243.44,2.9,99.9,excessive_idling
V010,2026-08-22T11:40:30,Bus,1,7.2,12372.5,Petrol,19.042733,72.837906,0.0,0.0,1404.0,0,0.0,48.1,13.3,-0.19,Highway,Medium,30.7,0.0,31,243.44,2.9,99.9,excessive_idling
V010,2026-08-22T11:40:31,Bus,1,7.2,12372.5,Petrol,19.042733,72.837906,0.0,0.0,1444.0,0,0.0,47.8,16.7,-0.94,Highway,Medium,26.9,0.0,32,243.44,2.69,99.9,excessive_idling
V010,2026-08-22T11:40:32,Bus,1,7.2,12372.5,Petrol,19.042733,72.837906,0.0,0.0,1422.0,0,0.0,53.9,14.3,-0.22,Highway,Medium,26.5,0.0,33,243.44,2.92,99.9,excessive_idling
V010,2026-08-22T11:40:33,Bus,1,7.2,12372.5,Petrol,19.042733,72.837906,0.0,0.0,1435.0,0,0.0,46.8,16.3,-0.07,Highway,Medium,28.9,0.0,34,243.44,2.72,99.9,excessive_idling
V010,2026-08-22T11:40:34,Bus,1,7.2,12372.5,Petrol,19.042733,72.837906,0.0,0.0,1412.0,0,0.0,43.9,14.3,-1.15,Highway,Medium,30.4,0.0,35,243.44,2.89,99.9,excessive_idling
V010,2026-08-22T11:40:35,Bus,1,7.2,12372.5,Petrol,19.042733,72.837906,0.0,0.0,1425.0,0,0.0,58.3,17.7,-0.25,Highway,Medium,27.1,0.0,36,243.44,2.77,99.9,excessive_idling
V010,2026-08-22T11:40:36,Bus,1,7.2,12372.5,Petrol,19.042733,72.837906,0.0,0.0,1433.0,0,0.0,42.7,17.9,1.34,Highway,Medium,26.5,0.0,37,243.44,2.91,99.9,excessive_idling
V010,2026-08-22T11:40:37,Bus,1,7.2,12372.5,Petrol,19.042733,72.837906,0.0,0.0,1422.0,0,0.0,38.2,17.7,0.84,Highway,Medium,26.9,0.0,38,243.44,2.97,99.9,excessive_idling
V010,2026-08-22T11:40:38,Bus,1,7.2,12372.5,Petrol,19.042733,72.837906,0.0,0.0,1416.0,0,0.0,56.3,16.1,0.61,Highway,Medium,29.7,0.0,39,243.44,2.79,99.9,excessive_idling
V010,2026-08-22T11:40:39,Bus,1,7.2,12372.5,Petrol,19.042733,72.837906,0.0,0.0,1400.0,0,0.0,57.7,12.7,-2.27,Highway,Medium,29.3,0.0,40,243.44,2.84,99.9,excessive_idling
V010,2026-08-22T11:40:40,Bus,1,7.2,12372.5,Petrol,19.042733,72.837906,0.0,0.0,1415.0,0,0.0,56.1,14.5,0.5,Highway,Medium,29.6,0.0,41,243.44,2.8,99.9,excessive_idling
V010,2026-08-22T11:40:41,Bus,1,7.2,12372.5,Petrol,19.042733,72.837906,0.0,0.0,1387.0,0,0.0,41.0,16.8,0.35,Highway,Medium,29.3,0.0,42,243.43,2.76,99.9,excessive_idling
V010,2026-08-22T11:40:42,Bus,1,7.2,12372.5,Petrol,19.042733,72.837906,0.0,0.0,1439.0,0,0.0,43.6,12.4,-1.24,Highway,Medium,27.4,0.0,43,243.43,2.84,99.9,excessive_idling
V010,2026-08-22T11:40:43,Bus,1,7.2,12372.5,Petrol,19.042733,72.837906,0.0,0.0,1412.0,0,0.0,37.1,13.1,0.21,Highway,Medium,28.0,0.0,44,243.43,2.82,99.9,excessive_idling
V010,2026-08-22T11:40:44,Bus,1,7.2,12372.5,Petrol,19.042733,72.837906,0.0,0.0,1431.0,0,0.0,44.5,17.6,-1.61,Highway,Medium,26.8,0.0,45,243.43,2.95,99.9,excessive_idling
V010,2026-08-22T11:40:45,Bus,1,7.2,12372.5,Petrol,19.042733,72.837906,0.0,0.0,1421.0,0,0.0,42.2,14.3,1.04,Highway,Medium,28.8,0.0,46,243.43,2.75,99.9,excessive_idling
V010,2026-08-22T11:40:46,Bus,1,7.2,12372.5,Petrol,19.042733,72.837906,0.0,0.0,1429.0,0,0.0,50.2,17.3,-1.64,Highway,Medium,30.3,0.0,47,243.43,2.83,99.9,excessive_idling
V010,2026-08-22T11:40:47,Bus,1,7.2,12372.5,Petrol,19.042733,72.837906,0.0,0.0,1413.0,0,0.0,40.8,14.1,-0.84,Highway,Medium,26.1,0.0,48,243.43,2.83,99.9,excessive_idling
V010,2026-08-22T11:40:48,Bus,1,7.2,12372.5,Petrol,19.042733,72.837906,0.0,0.0,1420.0,0,0.0,57.0,17.7,-0.08,Highway,Medium,29.1,0.0,49,243.43,2.87,99.9,excessive_idling
V010,2026-08-22T11:40:49,Bus,1,7.2,12372.5,Petrol,19.042733,72.837906,0.0,0.0,1413.0,0,0.0,37.0,15.0,0.34,Highway,Medium,29.0,0.0,50,243.43,2.78,99.9,excessive_idling
V010,2026-08-22T11:40:50,Bus,1,7.2,12372.5,Petrol,19.042733,72.837906,0.0,0.0,1415.0,0,0.0,45.4,15.5,1.47,Highway,Medium,28.8,0.0,51,243.43,2.87,99.9,excessive_idling
V010,2026-08-22T11:40:51,Bus,1,7.2,12372.5,Petrol,19.042733,72.837906,0.0,0.0,1427.0,0,0.0,50.7,12.6,0.92,Highway,Medium,28.8,0.0,52,243.43,2.89,99.9,excessive_idling
V010,2026-08-22T11:40:52,Bus,1,7.2,12372.5,Petrol,19.042733,72.837906,0.0,0.0,1406.0,0,0.0,39.6,12.1,1.21,Highway,Medium,23.4,0.0,53,243.43,2.8,99.9,excessive_idling
V010,2026-08-22T11:40:53,Bus,1,7.2,12372.5,Petrol,19.042733,72.837906,0.0,0.0,1415.0,0,0.0,46.1,12.8,1.14,Highway,Medium,29.7,0.0,54,243.43,2.84,99.9,excessive_idling
V010,2026-08-22T11:40:54,Bus,1,7.2,12372.5,Petrol,19.042733,72.837906,0.0,0.0,1432.0,0,0.0,40.5,13.0,-0.06,Highway,Medium,29.4,0.0,55,243.42,2.89,99.9,excessive_idling
V010,2026-08-22T11:40:55,Bus,1,7.2,12372.5,Petrol,19.042733,72.837906,0.0,0.0,1427.0,0,0.0,48.0,16.8,0.64,Highway,Medium,28.2,0.0,56,243.42,2.87,99.9,excessive_idling
V010,2026-08-22T11:40:56,Bus,1,7.2,12372.5,Petrol,19.042733,72.837906,0.0,0.0,1406.0,0,0.0,49.8,15.1,-0.17,Highway,Medium,28.7,0.0,57,243.42,2.88,99.9,excessive_idling
V010,2026-08-22T11:40:57,Bus,1,7.2,12372.5,Petrol,19.042733,72.837906,0.0,0.0,1405.0,0,0.0,33.4,14.7,-0.18,Highway,Medium,27.8,0.0,58,243.42,2.85,99.9,excessive_idling
V010,2026-08-22T11:40:58,Bus,1,7.2,12372.5,Petrol,19.042733,72.837906,0.0,0.0,1428.0,0,0.0,31.7,14.5,-1.88,Highway,Medium,26.4,0.0,59,243.42,2.91,99.9,excessive_idling
V010,2026-08-22T11:40:59,Bus,1,7.2,12372.5,Petrol,19.042733,72.837906,0.0,0.0,1434.0,0,0.0,31.2,16.4,0.39,Highway,Medium,28.8,0.0,60,243.42,2.93,99.9,excessive_idling
V010,2026-08-22T11:41:00,Bus,1,7.2,12372.5,Petrol,19.042733,72.837906,0.0,0.0,1425.0,0,0.0,59.8,12.9,-1.63,Highway,Medium,25.0,0.0,61,243.42,2.84,99.9,excessive_idling
V010,2026-08-22T11:41:01,Bus,1,7.2,12372.5,Petrol,19.042733,72.837906,0.0,0.0,1414.0,0,0.0,43.7,14.5,1.08,Highway,Medium,28.3,0.0,62,243.42,2.78,99.9,excessive_idling
V010,2026-08-22T11:41:02,Bus,1,7.2,12372.5,Petrol,19.042733,72.837906,0.0,0.0,1416.0,0,0.0,59.6,13.3,-0.53,Highway,Medium,26.4,0.0,63,243.42,2.98,99.9,excessive_idling
V010,2026-08-22T11:41:03,Bus,1,7.2,12372.5,Petrol,19.042733,72.837906,0.0,0.0,1414.0,0,0.0,48.6,17.0,-0.35,Highway,Medium,26.7,0.0,64,243.42,2.74,99.9,excessive_idling
V010,2026-08-22T11:41:04,Bus,1,7.2,12372.5,Petrol,19.042733,72.837906,0.0,0.0,1415.0,0,0.0,37.5,16.2,-0.98,Highway,Medium,29.4,0.0,65,243.42,2.78,99.9,excessive_idling
V010,2026-08-22T11:41:05,Bus,1,7.2,12372.5,Petrol,19.042733,72.837906,0.0,0.0,1412.0,0,0.0,38.0,13.1,2.38,Highway,Medium,25.3,0.0,66,243.42,2.74,99.9,excessive_idling
V010,2026-08-22T11:41:06,Bus,1,7.2,12372.5,Petrol,19.042733,72.837906,0.0,0.0,1445.0,0,0.0,57.7,16.9,0.26,Highway,Medium,25.6,0.0,67,243.41,2.78,99.9,excessive_idling
V010,2026-08-22T11:41:07,Bus,1,7.2,12372.5,Petrol,19.042733,72.837906,0.0,0.0,1428.0,0,0.0,35.6,14.1,-2.01,Highway,Medium,27.1,0.0,68,243.41,2.92,99.9,excessive_idling
V010,2026-08-22T11:41:08,Bus,1,7.2,12372.5,Petrol,19.042733,72.837906,0.0,0.0,1424.0,0,0.0,33.9,13.7,1.08,Highway,Medium,26.4,0.0,69,243.41,2.65,99.9,excessive_idling
V010,2026-08-22T11:41:09,Bus,1,7.2,12372.5,Petrol,19.042733,72.837906,0.0,0.0,1395.0,0,0.0,39.0,12.1,-0.21,Highway,Medium,30.4,0.0,70,243.41,2.86,99.9,excessive_idling
V010,2026-08-22T11:41:10,Bus,1,7.2,12372.5,Petrol,19.042733,72.837906,0.0,0.0,1444.0,0,0.0,33.0,13.0,0.46,Highway,Medium,27.2,0.0,71,243.41,2.9,99.9,excessive_idling
V010,2026-08-22T11:41:11,Bus,1,7.2,12372.5,Petrol,19.042733,72.837906,0.0,0.0,1423.0,0,0.0,58.5,12.4,1.24,Highway,Medium,27.1,0.0,72,243.41,2.89,99.9,excessive_idling
V010,2026-08-22T11:41:12,Bus,1,7.2,12372.5,Petrol,19.042733,72.837906,0.0,0.0,1413.0,0,0.0,47.2,13.6,-0.35,Highway,Medium,30.1,0.0,73,243.41,2.96,99.9,excessive_idling
V010,2026-08-22T11:41:13,Bus,1,7.2,12372.5,Petrol,19.042733,72.837906,0.0,0.0,1425.0,0,0.0,51.6,18.0,0.16,Highway,Medium,28.9,0.0,74,243.41,2.81,99.9,excessive_idling
V010,2026-08-22T11:41:14,Bus,1,7.2,12372.5,Petrol,19.042733,72.837906,0.0,0.0,1427.0,0,0.0,51.1,12.2,0.55,Highway,Medium,29.1,0.0,75,243.41,2.79,99.9,excessive_idling
V010,2026-08-22T11:41:15,Bus,1,7.2,12372.5,Petrol,19.042733,72.837906,0.0,0.0,1437.0,0,0.0,56.0,17.7,0.57,Highway,Medium,28.0,0.0,76,243.41,2.82,99.9,excessive_idling
V010,2026-08-22T11:41:16,Bus,1,7.2,12372.5,Petrol,19.042733,72.837906,0.0,0.0,1419.0,0,0.0,49.7,18.0,-0.7,Highway,Medium,27.9,0.0,77,243.41,2.81,99.9,excessive_idling
V010,2026-08-22T11:41:17,Bus,1,7.2,12372.5,Petrol,19.042733,72.837906,0.0,0.0,1423.0,0,0.0,56.7,15.7,0.76,Highway,Medium,32.6,0.0,78,243.41,3.01,99.9,excessive_idling
V010,2026-08-22T11:41:18,Bus,1,7.2,12372.5,Petrol,19.042733,72.837906,0.0,0.0,1417.0,0,0.0,38.1,16.7,0.99,Highway,Medium,28.6,0.0,79,243.41,2.79,99.9,excessive_idling
V010,2026-08-22T11:41:19,Bus,1,7.2,12372.5,Petrol,19.042733,72.837906,0.0,0.0,1424.0,0,0.0,32.7,17.5,0.29,Highway,Medium,26.9,0.0,80,243.4,2.79,99.9,excessive_idling
V010,2026-08-22T11:41:20,Bus,1,7.2,12372.5,Petrol,19.042733,72.837906,0.0,0.0,1452.0,0,0.0,49.6,14.0,-0.44,Highway,Medium,29.0,0.0,81,243.4,2.76,99.9,excessive_idling
V010,2026-08-22T11:41:21,Bus,1,7.2,12372.5,Petrol,19.042733,72.837906,0.0,0.0,1426.0,0,0.0,51.3,15.7,0.83,Highway,Medium,29.1,0.0,82,243.4,2.89,99.9,excessive_idling
V010,2026-08-22T11:41:22,Bus,1,7.2,12372.5,Petrol,19.042733,72.837906,0.0,0.0,1438.0,0,0.0,33.9,17.4,1.36,Highway,Medium,27.3,0.0,83,243.4,2.8,99.9,excessive_idling
V010,2026-08-22T11:41:23,Bus,1,7.2,12372.5,Petrol,19.042733,72.837906,0.0,0.0,1422.0,0,0.0,42.2,12.8,1.17,Highway,Medium,28.6,0.0,84,243.4,2.88,99.9,excessive_idling
V010,2026-08-22T11:41:24,Bus,1,7.2,12372.5,Petrol,19.042733,72.837906,0.0,0.0,1444.0,0,0.0,38.7,16.6,0.63,Highway,Medium,27.8,0.0,85,243.4,2.78,99.9,excessive_idling
V010,2026-08-22T11:41:25,Bus,1,7.2,12372.5,Petrol,19.042733,72.837906,0.0,0.0,1433.0,0,0.0,54.1,14.3,1.25,Highway,Medium,26.1,0.0,86,243.4,2.77,99.9,excessive_idling
V010,2026-08-22T11:41:26,Bus,1,7.2,12372.5,Petrol,19.042733,72.837906,0.0,0.0,1446.0,0,0.0,53.8,15.4,-0.77,Highway,Medium,27.0,0.0,87,243.4,2.76,99.9,excessive_idling
V010,2026-08-22T11:41:27,Bus,1,7.2,12372.5,Petrol,19.042733,72.837906,0.0,0.0,1436.0,0,0.0,44.8,15.7,0.5,Highway,Medium,30.0,0.0,88,243.4,2.81,99.9,excessive_idling
V010,2026-08-22T11:41:28,Bus,1,7.2,12372.5,Petrol,19.042733,72.837906,0.0,0.0,1423.0,0,0.0,49.8,12.1,0.14,Highway,Medium,27.4,0.0,89,243.4,2.84,99.9,excessive_idling
V010,2026-08-22T11:41:29,Bus,1,7.2,12372.5,Petrol,19.042733,72.837906,0.0,0.0,1404.0,0,0.0,58.8,13.2,0.74,Highway,Medium,29.9,0.0,90,243.4,2.91,99.9,excessive_idling
V010,2026-08-22T11:41:30,Bus,1,7.2,12372.5,Petrol,19.042733,72.837906,0.0,0.0,1446.0,0,0.0,50.8,14.8,-0.69,Highway,Medium,27.3,0.0,91,243.4,2.62,99.9,excessive_idling
V010,2026-08-22T11:41:31,Bus,1,7.2,12372.5,Petrol,19.042733,72.837906,0.0,0.0,1427.0,0,0.0,56.3,13.3,-1.42,Highway,Medium,28.1,0.0,92,243.4,2.92,99.9,excessive_idling
V010,2026-08-22T11:41:32,Bus,1,7.2,12372.5,Petrol,19.042733,72.837906,0.0,0.0,1417.0,0,0.0,31.6,16.1,-0.27,Highway,Medium,27.3,0.0,93,243.39,2.91,99.9,excessive_idling
V010,2026-08-22T11:41:33,Bus,1,7.2,12372.5,Petrol,19.042733,72.837906,0.0,0.0,1433.0,0,0.0,47.8,12.4,0.42,Highway,Medium,25.8,0.0,94,243.39,2.81,99.9,excessive_idling
V010,2026-08-22T11:41:34,Bus,1,7.2,12372.5,Petrol,19.042733,72.837906,0.0,0.0,1427.0,0,0.0,54.5,14.0,-0.41,Highway,Medium,25.0,0.0,95,243.39,2.92,99.9,excessive_idling
V010,2026-08-22T11:41:35,Bus,1,7.2,12372.5,Petrol,19.042733,72.837906,0.0,0.0,1417.0,0,0.0,39.8,13.9,-0.47,Highway,Medium,27.6,0.0,96,243.39,2.77,99.9,excessive_idling
V010,2026-08-22T11:41:36,Bus,1,7.2,12372.5,Petrol,19.042733,72.837906,0.0,0.0,1428.0,0,0.0,40.7,18.0,-1.07,Highway,Medium,28.0,0.0,97,243.39,2.8,99.9,excessive_idling
V010,2026-08-22T11:41:37,Bus,1,7.2,12372.5,Petrol,19.042733,72.837906,0.0,0.0,1442.0,0,0.0,45.7,12.8,0.15,Highway,Medium,29.1,0.0,98,243.39,2.86,99.9,excessive_idling
V010,2026-08-22T11:41:38,Bus,1,7.2,12372.5,Petrol,19.042733,72.837906,0.0,0.0,1442.0,0,0.0,37.2,16.7,-0.31,Highway,Medium,27.2,0.0,99,243.39,2.76,99.9,excessive_idling
V010,2026-08-22T11:41:39,Bus,1,7.2,12372.5,Petrol,19.042733,72.837906,0.0,0.0,1407.0,0,0.0,51.1,16.1,1.44,Highway,Medium,24.6,0.0,100,243.39,2.77,99.9,excessive_idling
V010,2026-08-22T11:41:40,Bus,1,7.2,12372.5,Petrol,19.042733,72.837906,0.0,0.0,1433.0,0,0.0,57.2,13.5,0.31,Highway,Medium,26.2,0.0,101,243.39,2.91,99.9,excessive_idling
V010,2026-08-22T11:41:41,Bus,1,7.2,12372.5,Petrol,19.042733,72.837906,0.0,0.0,1422.0,0,0.0,35.5,15.7,1.58,Highway,Medium,26.5,0.0,102,243.39,2.92,99.9,excessive_idling
V010,2026-08-22T11:41:42,Bus,1,7.2,12372.5,Petrol,19.042733,72.837906,0.0,0.0,1393.0,0,0.0,38.5,16.1,-0.55,Highway,Medium,29.1,0.0,103,243.39,2.91,99.9,excessive_idling
V010,2026-08-22T11:41:43,Bus,1,7.2,12372.5,Petrol,19.042733,72.837906,0.0,0.0,1431.0,0,0.0,45.6,16.3,-0.6,Highway,Medium,29.4,0.0,104,243.39,2.89,99.9,excessive_idling
V010,2026-08-22T11:41:44,Bus,1,7.2,12372.5,Petrol,19.042733,72.837906,0.0,0.0,1406.0,0,0.0,56.3,17.9,0.9,Highway,Medium,25.3,0.0,105,243.38,2.86,99.9,excessive_idling
V010,2026-08-22T11:41:45,Bus,1,7.2,12372.5,Petrol,19.042733,72.837906,0.0,0.0,1383.0,0,0.0,56.8,16.3,1.66,Highway,Medium,29.3,0.0,106,243.38,2.72,99.9,excessive_idling
V010,2026-08-22T11:41:46,Bus,1,7.2,12372.5,Petrol,19.042733,72.837906,0.0,0.0,1413.0,0,0.0,32.9,15.0,0.41,Highway,Medium,27.5,0.0,107,243.38,2.7,99.9,excessive_idling
V010,2026-08-22T11:41:47,Bus,1,7.2,12372.5,Petrol,19.042733,72.837906,0.0,0.0,1416.0,0,0.0,59.4,15.9,-0.06,Highway,Medium,25.6,0.0,108,243.38,2.8,99.9,excessive_idling
V010,2026-08-22T11:41:48,Bus,1,7.2,12372.5,Petrol,19.042733,72.837906,0.0,0.0,1420.0,0,0.0,52.2,12.9,0.46,Highway,Medium,26.8,0.0,109,243.38,2.85,99.9,excessive_idling
V010,2026-08-22T11:41:49,Bus,1,7.2,12372.5,Petrol,19.042733,72.837906,0.0,0.0,1405.0,0,0.0,45.0,17.4,-1.22,Highway,Medium,26.9,0.0,110,243.38,2.75,99.9,excessive_idling
V010,2026-08-22T11:41:50,Bus,1,7.2,12372.5,Petrol,19.042733,72.837906,0.0,0.0,1406.0,0,0.0,50.4,16.9,-0.93,Highway,Medium,26.3,0.0,111,243.38,2.71,99.9,excessive_idling
V010,2026-08-22T11:41:51,Bus,1,7.2,12372.5,Petrol,19.042733,72.837906,0.0,0.0,1435.0,0,0.0,50.3,14.3,0.35,Highway,Medium,29.2,0.0,112,243.38,2.82,99.9,excessive_idling
V010,2026-08-22T11:41:52,Bus,1,7.2,12372.5,Petrol,19.042733,72.837906,0.0,0.0,1435.0,0,0.0,42.6,13.3,-0.18,Highway,Medium,26.7,0.0,113,243.38,2.92,99.9,excessive_idling
V010,2026-08-22T11:41:53,Bus,1,7.2,12372.5,Petrol,19.042733,72.837906,0.0,0.0,1430.0,0,0.0,38.9,13.2,0.37,Highway,Medium,29.1,0.0,114,243.38,2.76,99.9,excessive_idling
V010,2026-08-22T11:41:54,Bus,1,7.2,12372.5,Petrol,19.042733,72.837906,0.0,0.0,1415.0,0,0.0,36.0,12.1,-0.68,Highway,Medium,27.1,0.0,115,243.38,2.87,99.9,excessive_idling
V010,2026-08-22T11:41:55,Bus,1,7.2,12372.5,Petrol,19.042733,72.837906,0.0,0.0,1410.0,0,0.0,36.2,13.4,0.13,Highway,Medium,27.8,0.0,116,243.38,2.91,99.9,excessive_idling
V010,2026-08-22T11:41:56,Bus,1,7.2,12372.5,Petrol,19.042733,72.837906,0.0,0.0,1402.0,0,0.0,36.1,16.0,0.11,Highway,Medium,28.0,0.0,117,243.38,2.89,99.9,excessive_idling
V010,2026-08-22T11:41:57,Bus,1,7.2,12372.5,Petrol,19.042733,72.837906,0.0,0.0,1422.0,0,0.0,57.0,12.8,-0.19,Highway,Medium,30.6,0.0,118,243.37,2.8,99.9,excessive_idling
V010,2026-08-22T11:41:58,Bus,1,7.2,12372.5,Petrol,19.042733,72.837906,0.0,0.0,1413.0,0,0.0,36.7,13.7,1.0,Highway,Medium,28.9,0.0,119,243.37,2.95,99.9,excessive_idling
V010,2026-08-22T11:41:59,Bus,1,7.2,12372.5,Petrol,19.042733,72.837906,0.0,0.0,1402.0,0,0.0,51.3,14.1,0.83,Highway,Medium,27.8,0.0,120,243.37,2.84,99.9,excessive_idling
V010,2026-08-22T13:40:00,Bus,1,7.2,10834.7,Petrol,19.027314,72.913609,30.9,-1.05,2810.0,2,0.0,31.5,34.6,-0.29,Urban,High,29.7,0.009,0,253.31,11.79,38.16,normal
V010,2026-08-22T13:40:01,Bus,1,7.2,10834.7,Petrol,19.027384,72.913664,27.9,-0.83,2603.0,2,0.0,24.8,35.3,0.11,Urban,High,28.1,0.016,0,253.31,11.09,39.68,normal
V010,2026-08-22T13:40:02,Bus,1,7.2,10834.7,Petrol,19.027443,72.913712,23.6,-1.2,2326.0,2,0.0,36.0,36.4,0.53,Urban,High,27.6,0.023,0,253.3,9.92,42.0,normal
V010,2026-08-22T13:40:03,Bus,1,7.2,10834.7,Petrol,19.027491,72.91375,19.3,-1.2,2057.0,2,0.0,36.0,39.7,1.79,Urban,High,28.5,0.028,0,253.3,9.32,48.3,normal
V010,2026-08-22T13:40:04,Bus,1,7.2,10834.7,Petrol,19.027534,72.913784,17.1,-0.62,3000.0,1,4.4,18.7,37.0,-0.48,Urban,High,31.7,0.033,0,253.3,7.25,42.48,normal
V010,2026-08-22T13:40:05,Bus,1,7.2,10834.7,Petrol,19.027588,72.913827,21.4,1.2,2114.0,2,50.0,0.0,61.4,-2.54,Urban,High,25.5,0.039,0,253.3,7.69,35.99,normal
V010,2026-08-22T13:40:06,Bus,1,7.2,10834.7,Petrol,19.027643,72.913871,22.1,0.2,2239.0,2,25.0,0.0,47.5,-1.77,Urban,High,28.9,0.045,0,253.29,8.42,38.12,normal
V010,2026-08-22T13:40:07,Bus,1,7.2,10834.7,Petrol,19.027709,72.913924,26.4,1.2,2454.0,2,50.0,0.0,65.5,0.18,Urban,High,28.6,0.052,0,253.29,10.17,38.5,normal
V010,2026-08-22T13:40:08,Bus,1,7.2,10834.7,Petrol,19.027777,72.913979,27.3,0.24,2528.0,2,25.9,0.0,49.9,-0.45,Urban,High,28.6,0.06,0,253.29,10.21,37.46,normal
V010,2026-08-22T13:40:09,Bus,1,7.2,10834.7,Petrol,19.027853,72.91404,30.5,0.9,2788.0,2,42.4,0.0,61.1,0.24,Urban,High,30.8,0.068,0,253.28,11.82,38.75,normal
V010,2026-08-22T13:40:10,Bus,1,7.2,10834.7,Petrol,19.027924,72.914096,28.2,-0.63,2612.0,2,4.3,18.9,39.4,0.7,Urban,High,26.5,0.076,0,253.28,12.04,42.65,normal
V010,2026-08-22T13:40:11,Bus,1,7.2,10834.7,Petrol,19.027984,72.914144,24.0,-1.18,2320.0,2,0.0,35.5,36.5,0.59,Urban,High,27.7,0.083,0,253.28,10.29,42.93,normal
V010,2026-08-22T13:40:12,Bus,1,7.2,10834.7,Petrol,19.028051,72.914198,26.9,0.82,2498.0,2,40.5,0.0,61.8,0.95,Urban,High,29.8,0.09,0,253.28,11.45,42.54,normal
V010,2026-08-22T13:40:13,Bus,1,7.2,10834.7,Petrol,19.028116,72.91425,25.9,-0.29,2439.0,2,12.6,0.0,43.5,0.35,Urban,High,26.4,0.098,0,253.27,10.78,41.67,normal
V010,2026-08-22T13:40:14,Bus,1,7.2,10834.7,Petrol,19.028182,72.914303,26.6,0.22,2536.0,2,25.4,0.0,51.6,0.5,Urban,High,29.2,0.105,0,253.27,10.9,40.91,normal
V010,2026-08-22T13:40:15,Bus,1,7.2,10834.7,Petrol,19.028259,72.914365,30.9,1.17,2766.0,2,49.2,0.0,66.2,0.63,Urban,High,29.6,0.114,0,253.27,11.97,38.81,normal
V010,2026-08-22T13:40:16,Bus,1,7.2,10834.7,Petrol,19.028334,72.914424,29.9,-0.27,2759.0,2,13.2,0.0,46.5,1.36,Urban,High,29.3,0.122,0,253.26,12.85,43.02,normal
V010,2026-08-22T13:40:17,Bus,1,7.2,10834.7,Petrol,19.028398,72.914476,25.6,-1.2,2411.0,2,0.0,36.0,39.2,1.61,Urban,High,29.4,0.129,0,253.26,11.39,44.58,normal
V010,2026-08-22T13:40:18,Bus,1,7.2,10834.7,Petrol,19.028457,72.914523,23.5,-0.57,2317.0,2,5.7,17.1,37.0,-1.03,Urban,High,28.5,0.136,0,253.26,8.94,38.03,normal
V010,2026-08-22T13:40:19,Bus,1,7.2,10834.7,Petrol,19.028526,72.914578,27.6,1.13,2605.0,2,48.4,0.0,63.9,-0.11,Urban,High,28.1,0.143,0,253.25,10.41,37.75,normal
V010,2026-08-22T13:40:20,Bus,1,7.2,10834.7,Petrol,19.028587,72.914627,24.7,-0.8,2366.0,2,0.0,24.1,36.0,0.38,Urban,High,29.2,0.15,0,253.25,10.06,40.74,normal
V010,2026-08-22T13:40:21,Bus,1,7.2,10834.7,Petrol,19.028638,72.914668,20.4,-1.2,2098.0,2,0.0,36.0,34.6,-0.25,Urban,High,27.6,0.156,0,253.25,8.62,42.32,normal
V010,2026-08-22T13:40:22,Bus,1,7.2,10834.7,Petrol,19.02868,72.914701,16.5,-1.08,2959.0,1,0.0,32.4,30.9,-2.9,Urban,High,26.6,0.16,0,253.25,6.4,38.81,normal
V010,2026-08-22T13:40:23,Bus,1,7.2,10834.7,Petrol,19.028732,72.914742,20.8,1.2,2149.0,2,50.0,0.0,64.5,-0.39,Urban,High,29.1,0.166,0,253.24,8.55,41.09,normal
V010,2026-08-22T13:40:24,Bus,1,7.2,10834.7,Petrol,19.028778,72.914779,18.5,-0.64,1936.0,2,3.9,19.3,44.6,2.76,Urban,High,27.0,0.171,0,253.24,9.6,51.92,normal
V010,2026-08-22T13:40:25,Bus,1,7.2,10834.7,Petrol,19.028832,72.914823,21.8,0.91,2160.0,2,42.7,0.0,60.6,-0.01,Urban,High,27.6,0.177,0,253.24,9.19,42.25,normal
V010,2026-08-22T13:40:26,Bus,1,7.2,10834.7,Petrol,19.028897,72.914875,26.0,1.19,2496.0,2,49.7,0.0,66.0,0.45,Urban,High,25.8,0.184,0,253.24,10.84,41.65,normal
V010,2026-08-22T13:40:27,Bus,1,7.2,10834.7,Petrol,19.028969,72.914933,28.9,0.79,2657.0,2,39.6,0.0,58.9,0.03,Urban,High,27.8,0.192,0,253.23,10.91,37.81,normal
V010,2026-08-22T13:40:28,Bus,1,7.2,10834.7,Petrol,19.029037,72.914987,27.1,-0.48,2530.0,2,8.1,14.3,39.8,-0.06,Urban,High,25.2,0.2,0,253.23,10.56,38.88,normal
V010,2026-08-22T13:40:29,Bus,1,7.2,10834.7,Petrol,19.029115,72.915049,31.0,1.08,2821.0,2,47.0,0.0,66.2,1.14,Urban,High,28.6,0.209,0,253.23,13.16,42.4,normal
V010,2026-08-22T13:40:30,Bus,1,7.2,10834.7,Petrol,19.029182,72.915102,26.7,-1.2,2532.0,2,0.0,36.0,35.0,0.01,Urban,High,26.2,0.216,0,253.22,11.04,41.33,normal
V010,2026-08-22T13:40:31,Bus,1,7.2,10834.7,Petrol,19.029244,72.915152,25.0,-0.47,2379.0,2,8.1,14.2,42.2,0.87,Urban,High,28.1,0.223,0,253.22,10.98,43.92,normal
V010,2026-08-22T13:40:32,Bus,1,7.2,10834.7,Petrol,19.0293,72.915197,22.5,-0.7,2229.0,2,2.5,21.0,36.0,-0.37,Urban,High,31.0,0.229,0,253.22,8.92,39.69,normal
V010,2026-08-22T13:40:33,Bus,1,7.2,10834.7,Petrol,19.029356,72.915242,22.4,-0.02,2267.0,2,19.5,0.0,49.1,0.93,Urban,High,27.3,0.235,0,253.22,9.96,44.46,normal
V010,2026-08-22T13:40:34,Bus,1,7.2,10834.7,Petrol,19.029406,72.915282,19.7,-0.76,1988.0,2,1.0,22.8,40.6,1.91,Urban,High,27.3,0.241,0,253.21,9.17,46.61,normal
V010,2026-08-22T13:40:35,Bus,1,7.2,10834.7,Petrol,19.029459,72.915324,21.2,0.44,2149.0,2,30.9,0.0,50.7,-2.03,Urban,High,28.4,0.247,0,253.21,8.1,38.15,normal
V010,2026-08-22T13:40:36,Bus,1,7.2,10834.7,Petrol,19.02952,72.915373,24.4,0.86,2345.0,2,41.6,0.0,58.1,-1.33,Urban,High,28.0,0.254,0,253.21,9.48,38.9,normal
V010,2026-08-22T13:40:37,Bus,1,7.2,10834.7,Petrol,19.029581,72.915422,24.7,0.1,2340.0,2,22.6,0.0,52.4,1.46,Urban,High,29.4,0.26,0,253.2,11.26,45.53,normal
V010,2026-08-22T13:40:38,Bus,1,7.2,10834.7,Petrol,19.029632,72.915463,20.4,-1.2,2094.0,2,0.0,36.0,36.6,0.62,Urban,High,26.5,0.266,0,253.2,9.02,44.21,normal
V010,2026-08-22T13:40:39,Bus,1,7.2,10834.7,Petrol,19.029689,72.915508,22.7,0.65,2213.0,2,36.2,0.0,55.6,-0.85,Urban,High,24.6,0.272,0,253.2,9.14,40.21,normal
V010,2026-08-22T13:40:40,Bus,1,7.2,10834.7,Petrol,19.029757,72.915563,27.1,1.2,2564.0,2,50.0,0.0,65.9,0.36,Urban,High,29.8,0.28,0,253.2,10.98,40.58,normal
V010,2026-08-22T13:40:41,Bus,1,7.2,10834.7,Petrol,19.029814,72.915608,22.7,-1.2,2246.0,2,0.0,36.0,33.7,-0.9,Urban,High,26.6,0.286,0,253.19,8.95,39.36,normal
V010,2026-08-22T13:40:42,Bus,1,7.2,10834.7,Petrol,19.029881,72.915662,27.0,1.18,2551.0,2,49.6,0.0,65.2,0.18,Urban,High,30.4,0.294,0,253.19,10.77,39.88,normal
V010,2026-08-22T13:40:43,Bus,1,7.2,10834.7,Petrol,19.029938,72.915707,22.7,-1.2,2265.0,2,0.0,36.0,32.7,-1.67,Urban,High,29.1,0.3,0,253.19,8.83,38.94,normal
V010,2026-08-22T13:40:44,Bus,1,7.2,10834.7,Petrol,19.029984,72.915744,18.4,-1.2,1970.0,2,0.0,36.0,31.6,-2.39,Urban,High,27.6,0.305,0,253.19,6.91,37.61,normal
V010,2026-08-22T13:40:45,Bus,1,7.2,10834.7,Petrol,19.030024,72.915776,15.9,-0.67,2864.0,1,3.2,20.1,33.3,-2.59,Urban,High,26.4,0.31,0,253.19,6.05,37.91,normal
V010,2026-08-22T13:40:46,Bus,1,7.2,10834.7,Petrol,19.030061,72.915806,14.8,-0.33,2737.0,1,11.8,9.8,41.4,-0.5,Urban,High,28.7,0.314,0,253.18,6.21,42.06,normal
V010,2026-08-22T13:40:47,Bus,1,7.2,10834.7,Petrol,19.030108,72.915844,19.1,1.2,1945.0,2,50.0,0.0,66.7,0.63,Urban,High,29.5,0.319,0,253.18,8.25,43.2,normal
V010,2026-08-22T13:40:48,Bus,1,7.2,10834.7,Petrol,19.030153,72.91588,17.9,-0.34,3000.0,1,11.5,10.2,36.5,-3.84,Urban,High,26.5,0.324,0,253.18,6.68,37.4,normal
V010,2026-08-22T13:40:49,Bus,1,7.2,10834.7,Petrol,19.030209,72.915924,22.2,1.2,2229.0,2,50.0,0.0,66.0,0.37,Urban,High,28.1,0.33,0,253.18,9.59,43.23,normal
V010,2026-08-22T13:40:50,Bus,1,7.2,10834.7,Petrol,19.030275,72.915977,26.5,1.2,2477.0,2,50.0,0.0,69.5,1.71,Urban,High,29.2,0.338,0,253.17,12.12,45.72,normal
V010,2026-08-22T13:40:51,Bus,1,7.2,10834.7,Petrol,19.030337,72.916027,25.0,-0.42,2433.0,2,9.5,12.6,42.3,0.6,Urban,High,27.6,0.344,0,253.17,10.67,42.69,normal
V010,2026-08-22T13:40:52,Bus,1,7.2,10834.7,Petrol,19.030397,72.916074,23.8,-0.34,2357.0,2,11.4,10.3,41.0,-0.63,Urban,High,28.3,0.351,0,253.17,9.52,40.05,normal
V010,2026-08-22T13:40:53,Bus,1,7.2,10834.7,Petrol,19.030453,72.916119,22.5,-0.35,2257.0,2,11.2,10.6,44.3,0.97,Urban,High,28.7,0.357,0,253.17,9.53,42.37,normal
V010,2026-08-22T13:40:54,Bus,1,7.2,10834.7,Petrol,19.030519,72.916172,26.3,1.06,2504.0,2,46.5,0.0,64.5,0.63,Urban,High,25.4,0.365,0,253.16,10.85,41.26,normal
V010,2026-08-22T13:40:55,Bus,1,7.2,10834.7,Petrol,19.030574,72.916216,22.0,-1.2,2188.0,2,0.0,36.0,34.7,-0.18,Urban,High,26.4,0.371,0,253.16,8.83,40.16,normal
V010,2026-08-22T13:40:56,Bus,1,7.2,10834.7,Petrol,19.030639,72.916268,26.0,1.13,2502.0,2,48.1,0.0,63.8,-0.03,Urban,High,28.2,0.378,0,253.16,10.32,39.61,normal
V010,2026-08-22T13:40:57,Bus,1,7.2,10834.7,Petrol,19.03071,72.916325,28.4,0.64,2582.0,2,36.1,0.0,57.3,0.23,Urban,High,27.5,0.386,0,253.15,11.44,40.36,normal
V010,2026-08-22T13:40:58,Bus,1,7.2,10834.7,Petrol,19.03077,72.916373,24.0,-1.2,2337.0,2,0.0,36.0,34.9,-0.11,Urban,High,28.5,0.393,0,253.15,9.7,40.35,normal
V010,2026-08-22T13:40:59,Bus,1,7.2,10834.7,Petrol,19.030822,72.916415,20.9,-0.87,2184.0,2,0.0,26.0,34.0,-0.72,Urban,High,28.2,0.398,0,253.15,8.56,40.94,normal
V010,2026-08-22T13:41:00,Bus,1,7.2,10834.7,Petrol,19.030878,72.916459,22.4,0.4,2188.0,2,30.1,0.0,53.3,0.1,Urban,High,26.4,0.405,0,253.15,9.32,41.68,normal
V010,2026-08-22T13:41:01,Bus,1,7.2,10834.7,Petrol,19.030929,72.9165,20.4,-0.54,2095.0,2,6.6,16.1,40.5,0.57,Urban,High,28.9,0.41,0,253.14,9.16,44.83,normal
V010,2026-08-22T13:41:02,Bus,1,7.2,10834.7,Petrol,19.030981,72.916542,20.8,0.1,2129.0,2,22.4,0.0,49.4,0.37,Urban,High,27.6,0.416,0,253.14,9.18,44.16,normal
V010,2026-08-22T13:41:03,Bus,1,7.2,10834.7,Petrol,19.031022,72.916575,16.5,-1.2,2968.0,1,0.0,36.0,34.9,-0.1,Urban,High,26.2,0.421,0,253.14,7.27,44.15,normal
V010,2026-08-22T13:41:04,Bus,1,7.2,10834.7,Petrol,19.031071,72.916614,19.3,0.8,1976.0,2,40.0,0.0,56.8,-1.57,Urban,High,29.8,0.426,0,253.14,7.74,40.0,normal
V010,2026-08-22T13:41:05,Bus,1,7.2,10834.7,Petrol,19.03113,72.916661,23.7,1.2,2340.0,2,50.0,0.0,69.0,1.54,Urban,High,28.5,0.433,0,253.13,10.53,44.49,normal
V010,2026-08-22T13:41:06,Bus,1,7.2,10834.7,Petrol,19.031198,72.916715,27.1,0.96,2545.0,2,44.1,0.0,61.2,-0.21,Urban,High,27.6,0.44,0,253.13,10.23,37.7,normal
V010,2026-08-22T13:41:07,Bus,1,7.2,10834.7,Petrol,19.031255,72.916761,22.8,-1.2,2253.0,2,0.0,36.0,36.5,0.59,Urban,High,27.2,0.446,0,253.13,9.96,43.65,normal
V010,2026-08-22T13:41:08,Bus,1,7.2,10834.7,Petrol,19.031306,72.916802,20.7,-0.58,2158.0,2,5.5,17.5,38.6,0.11,Urban,High,28.1,0.452,0,253.13,8.8,42.46,normal
V010,2026-08-22T13:41:09,Bus,1,7.2,10834.7,Petrol,19.031347,72.916835,16.4,-1.2,2944.0,1,0.0,36.0,32.9,-1.51,Urban,High,26.7,0.457,0,253.12,6.81,41.48,normal
V010,2026-08-22T13:41:10,Bus,1,7.2,10834.7,Petrol,19.031399,72.916876,20.7,1.18,2091.0,2,49.5,0.0,65.4,0.27,Urban,High,30.3,0.462,0,253.12,8.93,43.25,normal
V010,2026-08-22T13:41:11,Bus,1,7.2,10834.7,Petrol,19.031443,72.916912,17.6,-0.86,3000.0,1,0.0,25.7,34.1,-0.61,Urban,High,28.3,0.467,0,253.12,7.22,41.09,normal
V010,2026-08-22T13:41:12,Bus,1,7.2,10834.7,Petrol,19.031492,72.91695,19.5,0.53,2001.0,2,33.3,0.0,53.3,-1.23,Urban,High,26.6,0.473,0,253.12,7.74,39.73,normal
V010,2026-08-22T13:41:13,Bus,1,7.2,10834.7,Petrol,19.031551,72.916998,23.8,1.2,2285.0,2,50.0,0.0,68.1,1.17,Urban,High,28.7,0.479,0,253.11,10.53,44.23,normal
V010,2026-08-22T13:41:14,Bus,1,7.2,10834.7,Petrol,19.031616,72.91705,26.1,0.64,2432.0,2,35.9,0.0,61.4,1.83,Urban,High,29.8,0.487,0,253.11,11.56,44.3,normal
V010,2026-08-22T13:41:15,Bus,1,7.2,10834.7,Petrol,19.031679,72.9171,24.9,-0.33,2395.0,2,11.8,9.9,39.8,-1.65,Urban,High,25.8,0.494,0,253.11,9.17,36.81,normal
V010,2026-08-22T13:41:16,Bus,1,7.2,10834.7,Petrol,19.031734,72.917145,22.2,-0.75,2217.0,2,1.2,22.5,41.4,2.14,Urban,High,26.2,0.5,0,253.11,10.53,47.42,normal
V010,2026-08-22T13:41:17,Bus,1,7.2,10834.7,Petrol,19.031801,72.917198,26.5,1.2,2514.0,2,50.0,0.0,67.4,0.9,Urban,High,27.0,0.507,0,253.1,11.23,42.32,normal
V010,2026-08-22T13:41:18,Bus,1,7.2,10834.7,Petrol,19.031872,72.917254,28.4,0.52,2621.0,2,33.1,0.0,53.9,-0.68,Urban,High,29.1,0.515,0,253.1,10.56,37.15,normal
V010,2026-08-22T13:41:19,Bus,1,7.2,10834.7,Petrol,19.031936,72.917306,25.6,-0.77,2500.0,2,0.7,23.2,36.7,0.48,Urban,High,28.5,0.522,0,253.1,10.86,42.35,normal
V010,2026-08-22T13:41:20,Bus,1,7.2,10834.7,Petrol,19.032003,72.917359,26.8,0.32,2517.0,2,27.9,0.0,52.1,0.13,Urban,High,27.2,0.53,0,253.09,10.82,40.43,normal
V010,2026-08-22T13:41:21,Bus,1,7.2,10834.7,Petrol,19.032069,72.917412,26.6,-0.06,2487.0,2,18.5,0.0,43.0,-2.2,Urban,High,28.8,0.537,0,253.09,9.66,36.38,normal
V010,2026-08-22T13:41:22,Bus,1,7.2,10834.7,Petrol,19.032145,72.917473,30.3,1.02,2760.0,2,45.6,0.0,72.9,4.02,Urban,High,25.9,0.545,0,253.09,15.11,49.94,normal
V010,2026-08-22T13:41:23,Bus,1,7.2,10834.7,Petrol,19.03221,72.917525,25.9,-1.2,2464.0,2,0.0,36.0,36.1,0.42,Urban,High,30.4,0.553,0,253.08,10.82,41.72,normal
V010,2026-08-22T13:41:24,Bus,1,7.2,10834.7,Petrol,19.032268,72.917572,23.4,-0.69,2250.0,2,2.7,20.8,36.6,-0.02,Urban,High,29.7,0.559,0,253.08,9.26,39.51,normal
V010,2026-08-22T13:41:25,Bus,1,7.2,10834.7,Petrol,19.032322,72.917615,21.5,-0.55,2162.0,2,6.3,16.4,44.3,2.09,Urban,High,28.1,0.565,0,253.08,10.76,50.13,normal
V010,2026-08-22T13:41:26,Bus,1,7.2,10834.7,Petrol,19.032381,72.917662,23.8,0.64,2279.0,2,36.0,0.0,55.8,-0.57,Urban,High,27.6,0.572,0,253.08,9.13,38.4,normal
V010,2026-08-22T13:41:27,Bus,1,7.2,10834.7,Petrol,19.032447,72.917715,26.3,0.7,2506.0,2,37.5,0.0,60.4,1.11,Urban,High,25.7,0.579,0,253.07,11.08,42.15,normal
V010,2026-08-22T13:41:28,Bus,1,7.2,10834.7,Petrol,19.032513,72.917767,26.3,-0.01,2460.0,2,19.8,0.0,46.6,-0.22,Urban,High,27.9,0.586,0,253.07,10.3,39.21,normal
V010,2026-08-22T13:41:29,Bus,1,7.2,10834.7,Petrol,19.032573,72.917816,24.3,-0.56,2384.0,2,6.1,16.7,40.2,0.58,Urban,High,29.4,0.593,0,253.07,9.85,40.6,normal
V010,2026-08-22T13:41:30,Bus,1,7.2,10834.7,Petrol,19.03263,72.917861,22.5,-0.48,2221.0,2,8.0,14.4,38.4,-1.01,Urban,High,29.3,0.599,0,253.06,8.95,39.72,normal
V010,2026-08-22T13:41:31,Bus,1,7.2,10834.7,Petrol,19.032697,72.917914,26.8,1.2,2510.0,2,50.0,0.0,64.3,-0.48,Urban,High,28.0,0.607,0,253.06,10.6,39.5,normal
V010,2026-08-22T13:41:32,Bus,1,7.2,10834.7,Petrol,19.032762,72.917966,26.0,-0.23,2484.0,2,14.1,0.0,42.7,-0.53,Urban,High,24.7,0.614,0,253.06,10.15,39.03,normal
V010,2026-08-22T13:41:33,Bus,1,7.2,10834.7,Petrol,19.032835,72.918025,29.4,0.94,2756.0,2,43.4,0.0,62.9,0.71,Urban,High,26.1,0.622,0,253.06,12.05,41.01,normal
V010,2026-08-22T13:41:34,Bus,1,7.2,10834.7,Petrol,19.032904,72.91808,27.4,-0.54,2605.0,2,6.6,16.1,37.4,-1.14,Urban,High,29.3,0.63,0,253.05,9.86,35.92,normal
V010,2026-08-22T13:41:35,Bus,1,7.2,10834.7,Petrol,19.032962,72.918126,23.1,-1.2,2276.0,2,0.0,36.0,37.5,0.95,Urban,High,28.2,0.636,0,253.05,10.16,43.92,normal
V010,2026-08-22T13:41:36,Bus,1,7.2,10834.7,Petrol,19.033026,72.918178,25.9,0.78,2409.0,2,39.4,0.0,56.7,-1.39,Urban,High,27.5,0.643,0,253.05,9.45,36.46,normal
V010,2026-08-22T13:41:37,Bus,1,7.2,10834.7,Petrol,19.033091,72.91823,25.7,-0.08,2466.0,2,18.1,0.0,45.3,-0.38,Urban,High,25.7,0.65,0,253.04,10.05,39.19,normal
V010,2026-08-22T13:41:38,Bus,1,7.2,10834.7,Petrol,19.033164,72.918288,29.2,0.99,2709.0,2,44.7,0.0,60.8,-0.73,Urban,High,29.4,0.659,0,253.04,10.9,37.32,normal
V010,2026-08-22T13:41:39,Bus,1,7.2,10834.7,Petrol,19.03324,72.918349,30.7,0.4,2788.0,2,30.1,0.0,50.5,-1.84,Urban,High,28.6,0.667,0,253.04,10.52,34.29,normal
V010,2026-08-22T13:41:40,Bus,1,7.2,10834.7,Petrol,19.03332,72.918413,32.0,0.38,2868.0,2,29.5,0.0,54.4,0.65,Urban,High,26.1,0.676,0,253.03,12.87,40.18,normal
V010,2026-08-22T13:41:41,Bus,1,7.2,10834.7,Petrol,19.03339,72.918469,27.7,-1.2,2641.0,2,0.0,36.0,33.3,-1.19,Urban,High,30.5,0.684,0,253.03,10.33,37.28,normal
V010,2026-08-22T13:41:42,Bus,1,7.2,10834.7,Petrol,19.033448,72.918516,23.4,-1.2,2303.0,2,0.0,36.0,38.1,1.18,Urban,High,28.3,0.69,0,253.03,10.08,43.11,normal
V010,2026-08-22T13:41:43,Bus,1,7.2,10834.7,Petrol,19.033496,72.918554,19.2,-1.18,1956.0,2,0.0,35.4,35.2,0.09,Urban,High,27.6,0.695,0,253.03,8.23,42.99,normal
V010,2026-08-22T13:41:44,Bus,1,7.2,10834.7,Petrol,19.033544,72.918593,19.4,0.06,2006.0,2,21.6,0.0,47.9,-0.03,Urban,High,28.4,0.701,0,253.02,8.42,43.46,normal
V010,2026-08-22T13:41:45,Bus,1,7.2,10834.7,Petrol,19.033591,72.91863,18.7,-0.2,1946.0,2,15.0,0.0,45.8,0.68,Urban,High,26.1,0.706,0,253.02,8.5,45.53,normal
V010,2026-08-22T13:41:46,Bus,1,7.2,10834.7,Petrol,19.033631,72.918662,16.1,-0.72,2823.0,1,2.0,21.6,35.4,-0.54,Urban,High,29.0,0.71,0,253.02,7.01,43.66,normal
V010,2026-08-22T13:41:47,Bus,1,7.2,10834.7,Petrol,19.033682,72.918703,20.4,1.2,2076.0,2,50.0,0.0,61.6,-2.41,Urban,High,28.1,0.716,0,253.02,7.49,36.76,normal
V010,2026-08-22T13:41:48,Bus,1,7.2,10834.7,Petrol,19.033744,72.918752,24.7,1.2,2398.0,2,50.0,0.0,65.3,0.12,Urban,High,28.5,0.723,0,253.02,10.03,40.62,normal
V010,2026-08-22T13:41:49,Bus,1,7.2,10834.7,Petrol,19.033795,72.918793,20.4,-1.2,2107.0,2,0.0,36.0,41.3,2.4,Urban,High,24.7,0.729,0,253.01,9.82,48.17,normal
V010,2026-08-22T13:41:50,Bus,1,7.2,10834.7,Petrol,19.033845,72.918833,20.2,-0.05,2087.0,2,18.7,0.0,44.5,-1.2,Urban,High,26.9,0.734,0,253.01,8.06,39.89,normal
V010,2026-08-22T13:41:51,Bus,1,7.2,10834.7,Petrol,19.033907,72.918882,24.5,1.2,2354.0,2,50.0,0.0,64.4,-0.44,Urban,High,29.1,0.741,0,253.01,9.67,39.46,normal
V010,2026-08-22T13:41:52,Bus,1,7.2,10834.7,Petrol,19.033961,72.918926,21.7,-0.78,2138.0,2,0.6,23.3,35.0,-0.25,Urban,High,26.2,0.747,0,253.01,8.67,39.94,normal
V010,2026-08-22T13:41:53,Bus,1,7.2,10834.7,Petrol,19.034004,72.918961,17.4,-1.2,3000.0,1,0.0,36.0,32.3,-1.94,Urban,High,28.7,0.752,0,253.0,6.69,38.47,normal
V010,2026-08-22T13:41:54,Bus,1,7.2,10834.7,Petrol,19.034059,72.919004,21.7,1.2,2150.0,2,50.0,0.0,67.8,1.06,Urban,High,26.1,0.758,0,253.0,9.9,45.58,normal
V010,2026-08-22T13:41:55,Bus,1,7.2,10834.7,Petrol,19.034102,72.919039,17.4,-1.2,3000.0,1,0.0,36.0,39.6,1.73,Urban,High,26.8,0.763,0,253.0,8.25,47.4,normal
V010,2026-08-22T13:41:56,Bus,1,7.2,10834.7,Petrol,19.034157,72.919082,21.7,1.2,2195.0,2,50.0,0.0,65.4,0.15,Urban,High,25.1,0.769,0,253.0,8.98,41.36,normal
V010,2026-08-22T13:41:57,Bus,1,7.2,10834.7,Petrol,19.034221,72.919134,25.9,1.17,2496.0,2,49.4,0.0,63.9,-0.55,Urban,High,29.8,0.776,0,252.99,10.18,39.25,normal
V010,2026-08-22T13:41:58,Bus,1,7.2,10834.7,Petrol,19.034276,72.919178,22.0,-1.11,2141.0,2,0.0,33.2,32.4,-1.86,Urban,High,30.6,0.782,0,252.99,8.52,38.79,normal
V010,2026-08-22T13:41:59,Bus,1,7.2,10834.7,Petrol,19.034341,72.91923,26.0,1.13,2403.0,2,48.2,0.0,67.8,1.49,Urban,High,29.5,0.789,0,252.99,11.23,43.14,normal
V010,2026-08-22T15:40:00,Bus,1,7.2,13721.6,Petrol,19.110914,72.857991,26.4,0.26,3000.0,1,79.9,0.0,70.4,-2.33,Urban,Medium,31.0,0.007,0,191.94,23.1,87.47,excessive_revving
V010,2026-08-22T15:40:01,Bus,1,7.2,13721.6,Petrol,19.110984,72.858047,28.1,0.46,3000.0,1,85.1,0.0,86.5,0.95,Urban,Medium,28.3,0.015,0,191.93,24.56,87.47,excessive_revving
V010,2026-08-22T15:40:02,Bus,1,7.2,13721.6,Petrol,19.11106,72.858108,30.3,0.62,3000.0,1,83.4,0.0,75.0,-1.35,Urban,Medium,29.9,0.024,0,191.93,26.5,87.47,excessive_revving
V010,2026-08-22T15:40:03,Bus,1,7.2,13721.6,Petrol,19.111136,72.858169,30.6,0.08,3000.0,1,80.3,0.0,77.9,0.02,Urban,Medium,30.9,0.032,0,191.92,26.75,87.47,excessive_revving
V010,2026-08-22T15:40:04,Bus,1,7.2,13721.6,Petrol,19.111208,72.858226,28.7,-0.53,3000.0,1,88.5,0.0,82.9,1.15,Urban,Medium,26.6,0.04,0,191.91,25.09,87.47,excessive_revving
V010,2026-08-22T15:40:05,Bus,1,7.2,13721.6,Petrol,19.111279,72.858284,28.7,0.01,3000.0,1,75.8,0.0,72.1,-0.53,Urban,Medium,26.1,0.048,0,191.9,25.11,87.47,excessive_revving
V010,2026-08-22T15:40:06,Bus,1,7.2,13721.6,Petrol,19.111352,72.858342,29.1,0.12,3000.0,1,78.0,0.0,86.6,0.77,Urban,Medium,27.0,0.056,0,191.9,25.49,87.47,excessive_revving
V010,2026-08-22T15:40:07,Bus,1,7.2,13721.6,Petrol,19.111425,72.8584,29.2,0.02,3000.0,1,84.9,0.0,88.1,-1.13,Urban,Medium,27.4,0.064,0,191.89,25.56,87.47,excessive_revving
V010,2026-08-22T15:40:08,Bus,1,7.2,13721.6,Petrol,19.111502,72.858462,30.5,0.36,3000.0,1,80.0,0.0,70.7,-0.23,Urban,Medium,26.3,0.073,0,191.88,26.7,87.47,excessive_revving
V010,2026-08-22T15:40:09,Bus,1,7.2,13721.6,Petrol,19.111576,72.858521,29.5,-0.28,3000.0,1,89.8,0.0,72.8,2.72,Urban,Medium,28.7,0.081,0,191.87,25.83,87.47,excessive_revving
V010,2026-08-22T15:40:10,Bus,1,7.2,13721.6,Petrol,19.11165,72.85858,29.6,0.02,3000.0,1,76.0,0.0,76.2,-0.69,Urban,Medium,27.7,0.089,0,191.87,25.9,87.47,excessive_revving
V010,2026-08-22T15:40:11,Bus,1,7.2,13721.6,Petrol,19.111721,72.858637,28.5,-0.31,3000.0,1,70.7,0.0,77.0,1.9,Urban,Medium,28.9,0.097,0,191.86,24.93,87.47,excessive_revving
V010,2026-08-22T15:40:12,Bus,1,7.2,13721.6,Petrol,19.11179,72.858692,27.6,-0.24,3000.0,1,78.6,0.0,74.7,-1.04,Urban,Medium,25.5,0.105,0,191.85,24.18,87.47,excessive_revving
V010,2026-08-22T15:40:13,Bus,1,7.2,13721.6,Petrol,19.111855,72.858744,26.2,-0.4,3000.0,1,89.0,0.0,71.2,1.36,Urban,Medium,29.1,0.112,0,191.85,22.91,87.47,excessive_revving
V010,2026-08-22T15:40:14,Bus,1,7.2,13721.6,Petrol,19.111919,72.858795,25.4,-0.21,3000.0,1,76.0,0.0,83.0,-0.01,Urban,Medium,27.2,0.119,0,191.84,22.25,87.47,excessive_revving
V010,2026-08-22T15:40:15,Bus,1,7.2,13721.6,Petrol,19.111978,72.858843,23.8,-0.46,3000.0,1,77.5,0.0,82.7,-1.69,Urban,Medium,25.8,0.126,0,191.84,20.81,87.47,excessive_revving
V010,2026-08-22T15:40:16,Bus,1,7.2,13721.6,Petrol,19.112038,72.85889,23.8,-0.01,3000.0,1,83.2,0.0,75.0,-0.05,Urban,Medium,26.7,0.132,0,191.83,20.79,87.47,excessive_revving
V010,2026-08-22T15:40:17,Bus,1,7.2,13721.6,Petrol,19.112095,72.858936,22.8,-0.27,3000.0,1,69.2,0.0,81.3,0.72,Urban,Medium,29.8,0.139,0,191.82,19.94,87.47,excessive_revving
V010,2026-08-22T15:40:18,Bus,1,7.2,13721.6,Petrol,19.112158,72.858987,25.3,0.69,3000.0,1,79.1,0.0,77.0,0.08,Urban,Medium,30.9,0.146,0,191.82,22.13,87.47,excessive_revving
V010,2026-08-22T15:40:19,Bus,1,7.2,13721.6,Petrol,19.112221,72.859037,25.1,-0.07,3000.0,1,78.8,0.0,80.2,0.0,Urban,Medium,27.3,0.153,0,191.81,21.91,87.47,excessive_revving
V010,2026-08-22T15:40:20,Bus,1,7.2,13721.6,Petrol,19.112283,72.859086,24.7,-0.09,3000.0,1,74.6,0.0,74.8,0.16,Urban,Medium,26.8,0.159,0,191.81,21.63,87.47,excessive_revving
V010,2026-08-22T15:40:21,Bus,1,7.2,13721.6,Petrol,19.112346,72.859137,25.6,0.24,3000.0,1,80.2,0.0,84.5,0.27,Urban,Medium,31.6,0.167,0,191.8,22.37,87.47,excessive_revving
V010,2026-08-22T15:40:22,Bus,1,7.2,13721.6,Petrol,19.112411,72.859189,25.9,0.08,3000.0,1,74.0,0.0,75.7,-0.41,Urban,Medium,26.0,0.174,0,191.79,22.63,87.47,excessive_revving
V010,2026-08-22T15:40:23,Bus,1,7.2,13721.6,Petrol,19.112475,72.85924,25.6,-0.07,3000.0,1,69.3,0.0,79.6,-1.67,Urban,Medium,31.2,0.181,0,191.79,22.4,87.47,excessive_revving
V010,2026-08-22T15:40:24,Bus,1,7.2,13721.6,Petrol,19.112543,72.859295,27.2,0.43,3000.0,1,73.5,0.0,87.0,-1.75,Urban,Medium,27.8,0.188,0,191.78,23.75,87.47,excessive_revving
V010,2026-08-22T15:40:25,Bus,1,7.2,13721.6,Petrol,19.112616,72.859353,29.1,0.55,3000.0,1,79.9,0.0,77.7,0.46,Urban,Medium,26.8,0.196,0,191.77,25.47,87.47,excessive_revving
V010,2026-08-22T15:40:26,Bus,1,7.2,13721.6,Petrol,19.112687,72.85941,28.6,-0.14,3000.0,1,70.3,0.0,82.2,0.14,Urban,Medium,28.3,0.204,0,191.77,25.04,87.47,excessive_revving
V010,2026-08-22T15:40:27,Bus,1,7.2,13721.6,Petrol,19.11276,72.859468,29.0,0.1,3000.0,1,77.9,0.0,73.8,0.9,Urban,Medium,28.8,0.212,0,191.76,25.34,87.47,excessive_revving
V010,2026-08-22T15:40:28,Bus,1,7.2,13721.6,Petrol,19.112834,72.859528,29.8,0.24,3000.0,1,85.9,0.0,81.2,-0.65,Urban,Medium,27.6,0.221,0,191.75,26.1,87.47,excessive_revving
V010,2026-08-22T15:40:29,Bus,1,7.2,13721.6,Petrol,19.112905,72.859584,28.3,-0.44,3000.0,1,80.2,0.0,70.4,0.98,Urban,Medium,28.1,0.229,0,191.75,24.71,87.47,excessive_revving
V010,2026-08-22T15:40:30,Bus,1,7.2,13721.6,Petrol,19.112976,72.859641,28.4,0.04,3000.0,1,80.3,0.0,85.1,0.64,Urban,Medium,27.8,0.236,0,191.74,24.84,87.47,excessive_revving
V010,2026-08-22T15:40:31,Bus,1,7.2,13721.6,Petrol,19.113047,72.859698,28.4,-0.0,3000.0,1,85.5,0.0,71.6,-1.55,Urban,Medium,27.9,0.244,0,191.73,24.84,87.47,excessive_revving
V010,2026-08-22T15:40:32,Bus,1,7.2,13721.6,Petrol,19.113123,72.859758,30.3,0.53,3000.0,1,86.5,0.0,86.3,-0.73,Urban,Medium,25.8,0.253,0,191.72,26.5,87.47,excessive_revving
V010,2026-08-22T15:40:33,Bus,1,7.2,13721.6,Petrol,19.113194,72.859815,28.5,-0.49,3000.0,1,71.1,0.0,84.9,-0.17,Urban,Medium,29.5,0.261,0,191.72,24.96,87.47,excessive_revving
V010,2026-08-22T15:40:34,Bus,1,7.2,13721.6,Petrol,19.113268,72.859874,29.4,0.23,3000.0,1,76.9,0.0,85.5,-1.34,Urban,Medium,25.3,0.269,0,191.71,25.68,87.47,excessive_revving
V010,2026-08-22T15:40:35,Bus,1,7.2,13721.6,Petrol,19.113341,72.859933,29.6,0.06,3000.0,1,78.2,0.0,89.7,0.39,Urban,Medium,26.6,0.277,0,191.7,25.85,87.47,excessive_revving
V010,2026-08-22T15:40:36,Bus,1,7.2,13721.6,Petrol,19.113412,72.85999,28.2,-0.39,3000.0,1,65.6,0.0,75.2,0.46,Urban,Medium,23.7,0.285,0,191.7,24.63,87.47,excessive_revving
V010,2026-08-22T15:40:37,Bus,1,7.2,13721.6,Petrol,19.113484,72.860048,29.0,0.23,3000.0,1,79.7,0.0,80.6,1.78,Urban,Medium,27.3,0.293,0,191.69,25.35,87.47,excessive_revving
V010,2026-08-22T15:40:38,Bus,1,7.2,13721.6,Petrol,19.113555,72.860104,28.3,-0.18,3000.0,1,75.8,0.0,73.3,-0.61,Urban,Medium,27.6,0.301,0,191.68,24.79,87.47,excessive_revving
V010,2026-08-22T15:40:39,Bus,1,7.2,13721.6,Petrol,19.113619,72.860156,25.6,-0.75,3000.0,1,86.5,0.0,76.6,1.51,Urban,Medium,28.7,0.308,0,191.68,22.42,87.47,excessive_revving
V010,2026-08-22T15:40:40,Bus,1,7.2,13721.6,Petrol,19.113684,72.860207,25.9,0.09,3000.0,1,66.4,0.0,70.4,-0.28,Urban,Medium,30.8,0.315,0,191.67,22.69,87.47,excessive_revving
V010,2026-08-22T15:40:41,Bus,1,7.2,13721.6,Petrol,19.113746,72.860257,24.8,-0.3,3000.0,1,73.5,0.0,77.3,-0.61,Urban,Medium,31.5,0.322,0,191.66,21.73,87.47,excessive_revving
V010,2026-08-22T15:40:42,Bus,1,7.2,13721.6,Petrol,19.113811,72.860309,26.0,0.31,3000.0,1,73.0,0.0,86.7,-0.84,Urban,Medium,28.6,0.329,0,191.66,22.71,87.47,excessive_revving
V010,2026-08-22T15:40:43,Bus,1,7.2,13721.6,Petrol,19.113877,72.860362,26.3,0.08,3000.0,1,87.1,0.0,83.8,0.99,Urban,Medium,27.8,0.337,0,191.65,22.97,87.47,excessive_revving
V010,2026-08-22T15:40:44,Bus,1,7.2,13721.6,Petrol,19.113947,72.860418,28.2,0.53,3000.0,1,65.8,0.0,88.4,-0.28,Urban,Medium,27.9,0.344,0,191.64,24.63,87.47,excessive_revving
V010,2026-08-22T15:40:45,Bus,1,7.2,13721.6,Petrol,19.114016,72.860473,27.5,-0.18,3000.0,1,68.6,0.0,77.6,0.58,Urban,Medium,28.5,0.352,0,191.64,24.06,87.47,excessive_revving
V010,2026-08-22T15:40:46,Bus,1,7.2,13721.6,Petrol,19.114078,72.860523,25.0,-0.69,3000.0,1,78.0,0.0,83.5,-0.36,Urban,Medium,29.0,0.359,0,191.63,21.88,87.47,excessive_revving
V010,2026-08-22T15:40:47,Bus,1,7.2,13721.6,Petrol,19.114144,72.860576,26.4,0.39,3000.0,1,68.1,0.0,83.1,-1.46,Urban,Medium,28.7,0.366,0,191.63,23.11,87.47,excessive_revving
V010,2026-08-22T15:40:48,Bus,1,7.2,13721.6,Petrol,19.114207,72.860626,25.2,-0.34,3000.0,1,69.5,0.0,72.4,1.54,Urban,Medium,27.2,0.373,0,191.62,22.05,87.47,excessive_revving
V010,2026-08-22T15:40:49,Bus,1,7.2,13721.6,Petrol,19.114271,72.860677,25.4,0.07,3000.0,1,87.9,0.0,85.4,0.12,Urban,Medium,27.9,0.38,0,191.61,22.25,87.47,excessive_revving
V010,2026-08-22T15:40:50,Bus,1,7.2,13721.6,Petrol,19.114337,72.86073,26.3,0.24,3000.0,1,86.5,0.0,72.0,0.37,Urban,Medium,28.0,0.388,0,191.61,23.01,87.47,excessive_revving
V010,2026-08-22T15:40:51,Bus,1,7.2,13721.6,Petrol,19.1144,72.86078,25.3,-0.27,3000.0,1,88.0,0.0,77.8,-0.98,Urban,Medium,30.2,0.395,0,191.6,22.16,87.47,excessive_revving
V010,2026-08-22T15:40:52,Bus,1,7.2,13721.6,Petrol,19.114466,72.860833,26.5,0.31,3000.0,1,83.9,0.0,80.2,1.99,Urban,Medium,29.1,0.402,0,191.59,23.14,87.47,excessive_revving
V010,2026-08-22T15:40:53,Bus,1,7.2,13721.6,Petrol,19.114532,72.860886,26.2,-0.08,3000.0,1,72.5,0.0,78.1,-0.01,Urban,Medium,28.0,0.409,0,191.59,22.9,87.47,excessive_revving
V010,2026-08-22T15:40:54,Bus,1,7.2,13721.6,Petrol,19.114599,72.860939,26.9,0.2,3000.0,1,67.0,0.0,77.1,-2.16,Urban,Medium,26.8,0.417,0,191.58,23.53,87.47,excessive_revving
V010,2026-08-22T15:40:55,Bus,1,7.2,13721.6,Petrol,19.114665,72.860992,26.4,-0.13,3000.0,1,67.9,0.0,81.8,-1.43,Urban,Medium,27.0,0.424,0,191.57,23.11,87.47,excessive_revving
V010,2026-08-22T15:40:56,Bus,1,7.2,13721.6,Petrol,19.114726,72.861041,24.5,-0.54,3000.0,1,65.0,0.0,80.8,-0.01,Urban,Medium,27.8,0.431,0,191.57,21.41,87.47,excessive_revving
V010,2026-08-22T15:40:57,Bus,1,7.2,13721.6,Petrol,19.11479,72.861092,25.5,0.3,3000.0,1,73.2,0.0,84.2,1.31,Urban,Medium,29.1,0.438,0,191.56,22.34,87.47,excessive_revving
V010,2026-08-22T15:40:58,Bus,1,7.2,13721.6,Petrol,19.114858,72.861146,27.1,0.43,3000.0,1,88.9,0.0,81.9,-0.28,Urban,Medium,28.4,0.446,0,191.56,23.69,87.47,excessive_revving
V010,2026-08-22T15:40:59,Bus,1,7.2,13721.6,Petrol,19.114921,72.861197,25.3,-0.49,3000.0,1,85.8,0.0,79.4,0.87,Urban,Medium,27.9,0.453,0,191.55,22.15,87.47,excessive_revving
V010,2026-08-22T15:41:00,Bus,1,7.2,13721.6,Petrol,19.114984,72.861247,25.1,-0.05,3000.0,1,67.2,0.0,75.7,-0.89,Urban,Medium,29.9,0.46,0,191.54,21.99,87.47,excessive_revving
V010,2026-08-22T15:41:01,Bus,1,7.2,13721.6,Petrol,19.115047,72.861298,25.1,-0.0,3000.0,1,89.7,0.0,83.3,1.91,Urban,Medium,28.7,0.467,0,191.54,21.97,87.47,excessive_revving
V010,2026-08-22T15:41:02,Bus,1,7.2,13721.6,Petrol,19.115111,72.861349,25.7,0.15,3000.0,1,67.6,0.0,78.2,0.49,Urban,Medium,28.1,0.474,0,191.53,22.44,87.47,excessive_revving
V010,2026-08-22T15:41:03,Bus,1,7.2,13721.6,Petrol,19.115177,72.861402,26.5,0.23,3000.0,1,69.0,0.0,76.6,1.68,Urban,Medium,28.1,0.481,0,191.52,23.16,87.47,excessive_revving
V010,2026-08-22T15:41:04,Bus,1,7.2,13721.6,Petrol,19.115242,72.861454,26.2,-0.09,3000.0,1,76.0,0.0,74.6,0.82,Urban,Medium,26.0,0.488,0,191.52,22.9,87.47,excessive_revving
V010,2026-08-22T15:41:05,Bus,1,7.2,13721.6,Petrol,19.115309,72.861508,26.8,0.16,3000.0,1,79.3,0.0,72.5,-0.43,Urban,Medium,29.7,0.496,0,191.51,23.4,87.47,excessive_revving
V010,2026-08-22T15:41:06,Bus,1,7.2,13721.6,Petrol,19.115374,72.861559,25.7,-0.3,3000.0,1,75.6,0.0,72.3,-1.66,Urban,Medium,29.9,0.503,0,191.51,22.46,87.47,excessive_revving
V010,2026-08-22T15:41:07,Bus,1,7.2,13721.6,Petrol,19.11544,72.861612,26.5,0.24,3000.0,1,81.9,0.0,75.0,0.22,Urban,Medium,27.8,0.51,0,191.5,23.22,87.47,excessive_revving
V010,2026-08-22T15:41:08,Bus,1,7.2,13721.6,Petrol,19.115509,72.861667,27.6,0.3,3000.0,1,73.0,0.0,84.3,0.5,Urban,Medium,27.1,0.518,0,191.49,24.16,87.47,excessive_revving
V010,2026-08-22T15:41:09,Bus,1,7.2,13721.6,Petrol,19.115582,72.861726,29.3,0.46,3000.0,1,69.8,0.0,74.7,-0.73,Urban,Medium,30.0,0.526,0,191.49,25.59,87.47,excessive_revving
V010,2026-08-22T15:41:10,Bus,1,7.2,13721.6,Petrol,19.115656,72.861785,29.7,0.13,3000.0,1,65.4,0.0,78.2,1.08,Urban,Medium,29.2,0.534,0,191.48,25.99,87.47,excessive_revving
V010,2026-08-22T15:41:11,Bus,1,7.2,13721.6,Petrol,19.115731,72.861845,29.8,0.03,3000.0,1,80.2,0.0,80.9,3.45,Urban,Medium,29.8,0.543,0,191.47,26.1,87.47,excessive_revving
V010,2026-08-22T15:41:12,Bus,1,7.2,13721.6,Petrol,19.1158,72.861901,27.8,-0.56,3000.0,1,82.5,0.0,78.8,1.68,Urban,Medium,27.5,0.55,0,191.46,24.32,87.47,excessive_revving
V010,2026-08-22T15:41:13,Bus,1,7.2,13721.6,Petrol,19.115872,72.861958,28.6,0.23,3000.0,1,67.3,0.0,86.7,0.39,Urban,Medium,27.8,0.558,0,191.46,25.05,87.47,excessive_revving
V010,2026-08-22T15:41:14,Bus,1,7.2,13721.6,Petrol,19.115941,72.862013,27.6,-0.29,3000.0,1,77.7,0.0,85.3,-0.47,Urban,Medium,27.8,0.566,0,191.45,24.13,87.47,excessive_revving
V010,2026-08-22T15:41:15,Bus,1,7.2,13721.6,Petrol,19.116011,72.862069,27.9,0.08,3000.0,1,70.5,0.0,77.5,0.16,Urban,Medium,27.7,0.574,0,191.44,24.4,87.47,excessive_revving
V010,2026-08-22T15:41:16,Bus,1,7.2,13721.6,Petrol,19.116079,72.862123,27.1,-0.22,3000.0,1,76.8,0.0,87.8,-1.42,Urban,Medium,29.6,0.581,0,191.44,23.71,87.47,excessive_revving
V010,2026-08-22T15:41:17,Bus,1,7.2,13721.6,Petrol,19.116146,72.862177,27.0,-0.03,3000.0,1,72.4,0.0,89.4,0.89,Urban,Medium,28.5,0.589,0,191.43,23.6,87.47,excessive_revving
V010,2026-08-22T15:41:18,Bus,1,7.2,13721.6,Petrol,19.116217,72.862234,28.4,0.4,3000.0,1,71.3,0.0,84.1,0.21,Urban,Medium,28.3,0.597,0,191.42,24.84,87.47,excessive_revving
V010,2026-08-22T15:41:19,Bus,1,7.2,13721.6,Petrol,19.116289,72.862292,29.0,0.17,3000.0,1,88.6,0.0,70.8,0.12,Urban,Medium,29.9,0.605,0,191.42,25.36,87.47,excessive_revving
V010,2026-08-22T15:41:20,Bus,1,7.2,13721.6,Petrol,19.116364,72.862352,29.9,0.25,3000.0,1,77.4,0.0,78.9,-1.41,Urban,Medium,28.3,0.613,0,191.41,26.16,87.47,excessive_revving
V010,2026-08-22T15:41:21,Bus,1,7.2,13721.6,Petrol,19.116437,72.86241,29.2,-0.2,3000.0,1,73.4,0.0,77.3,-0.23,Urban,Medium,28.6,0.621,0,191.4,25.53,87.47,excessive_revving
V010,2026-08-22T15:41:22,Bus,1,7.2,13721.6,Petrol,19.116509,72.862467,28.6,-0.17,3000.0,1,78.8,0.0,78.0,0.62,Urban,Medium,28.2,0.629,0,191.4,25.01,87.47,excessive_revving
V010,2026-08-22T15:41:23,Bus,1,7.2,13721.6,Petrol,19.116577,72.862521,27.2,-0.39,3000.0,1,74.3,0.0,76.7,1.26,Urban,Medium,25.9,0.637,0,191.39,23.77,87.47,excessive_revving
V010,2026-08-22T15:41:24,Bus,1,7.2,13721.6,Petrol,19.116647,72.862578,28.3,0.3,3000.0,1,72.0,0.0,75.0,-2.27,Urban,Medium,29.4,0.644,0,191.38,24.71,87.47,excessive_revving
V010,2026-08-22T15:41:25,Bus,1,7.2,13721.6,Petrol,19.116721,72.862637,29.4,0.32,3000.0,1,66.8,0.0,83.1,-2.25,Urban,Medium,30.3,0.653,0,191.37,25.73,87.47,excessive_revving
V010,2026-08-22T15:41:26,Bus,1,7.2,13721.6,Petrol,19.116799,72.862699,31.3,0.52,3000.0,1,73.0,0.0,82.2,-0.63,Urban,Medium,26.6,0.661,0,191.37,27.37,87.47,excessive_revving
V010,2026-08-22T15:41:27,Bus,1,7.2,13721.6,Petrol,19.116876,72.862761,31.0,-0.07,3000.0,1,78.1,0.0,74.5,0.18,Urban,Medium,25.5,0.67,0,191.36,27.13,87.47,excessive_revving
V010,2026-08-22T15:41:28,Bus,1,7.2,13721.6,Petrol,19.116957,72.862826,32.3,0.36,3000.0,1,84.2,0.0,71.8,-1.61,Urban,Medium,28.3,0.679,0,191.35,28.26,87.47,excessive_revving
V010,2026-08-22T15:41:29,Bus,1,7.2,13721.6,Petrol,19.117038,72.862891,32.3,0.01,3000.0,1,68.6,0.0,74.9,1.12,Urban,Medium,27.4,0.688,0,191.34,28.28,87.47,excessive_revving
V010,2026-08-22T15:41:30,Bus,1,7.2,13721.6,Petrol,19.117122,72.862958,33.7,0.38,3000.0,1,87.2,0.0,87.1,-0.99,Urban,Medium,30.8,0.697,0,191.34,29.47,87.47,excessive_revving
V010,2026-08-22T15:41:31,Bus,1,7.2,13721.6,Petrol,19.11721,72.863028,35.1,0.4,3000.0,2,84.6,0.0,78.9,0.1,Urban,Medium,28.5,0.707,0,191.33,30.75,87.47,excessive_revving
V010,2026-08-22T15:41:32,Bus,1,7.2,13721.6,Petrol,19.117295,72.863096,34.0,-0.33,3000.0,1,81.4,0.0,88.8,-2.03,Urban,Medium,30.2,0.716,0,191.32,29.7,87.47,excessive_revving
V010,2026-08-22T15:41:33,Bus,1,7.2,13721.6,Petrol,19.117382,72.863166,34.7,0.21,3000.0,1,71.9,0.0,76.0,0.23,Urban,Medium,26.5,0.726,0,191.31,30.37,87.47,excessive_revving
V010,2026-08-22T15:41:34,Bus,1,7.2,13721.6,Petrol,19.117472,72.863238,36.2,0.41,3000.0,2,66.1,0.0,80.8,1.44,Urban,Medium,28.0,0.736,0,191.3,31.67,87.47,excessive_revving
V010,2026-08-22T15:41:35,Bus,1,7.2,13721.6,Petrol,19.117564,72.863311,36.5,0.08,3000.0,2,74.3,0.0,86.2,1.84,Urban,Medium,28.4,0.746,0,191.29,31.92,87.47,excessive_revving
V010,2026-08-22T15:41:36,Bus,1,7.2,13721.6,Petrol,19.117653,72.863382,35.7,-0.21,3000.0,2,69.9,0.0,82.0,-0.58,Urban,Medium,28.6,0.756,0,191.28,31.25,87.47,excessive_revving
V010,2026-08-22T15:41:37,Bus,1,7.2,13721.6,Petrol,19.117744,72.863456,36.5,0.23,3000.0,2,84.5,0.0,71.4,-0.89,Urban,Medium,29.5,0.766,0,191.28,31.96,87.47,excessive_revving
V010,2026-08-22T15:41:38,Bus,1,7.2,13721.6,Petrol,19.117838,72.86353,37.4,0.25,3000.0,2,83.3,0.0,71.0,1.7,Urban,Medium,26.5,0.777,0,191.27,32.74,87.47,excessive_revving
V010,2026-08-22T15:41:39,Bus,1,7.2,13721.6,Petrol,19.117935,72.863608,38.7,0.35,3000.0,2,82.8,0.0,72.6,-0.61,Urban,Medium,28.7,0.787,0,191.26,33.83,87.47,excessive_revving
V010,2026-08-22T15:41:40,Bus,1,7.2,13721.6,Petrol,19.11803,72.863685,38.4,-0.08,3000.0,2,65.4,0.0,72.1,-0.91,Urban,Medium,30.2,0.798,0,191.25,33.58,87.47,excessive_revving
V010,2026-08-22T15:41:41,Bus,1,7.2,13721.6,Petrol,19.118128,72.863762,39.0,0.16,3000.0,2,78.4,0.0,84.6,-0.23,Urban,Medium,28.0,0.809,0,191.24,34.09,87.47,excessive_revving
V010,2026-08-22T15:41:42,Bus,1,7.2,13721.6,Petrol,19.118223,72.863839,38.0,-0.26,3000.0,2,88.2,0.0,75.0,0.83,Urban,Medium,25.6,0.819,0,191.23,33.28,87.47,excessive_revving
V010,2026-08-22T15:41:43,Bus,1,7.2,13721.6,Petrol,19.118316,72.863913,37.3,-0.21,3000.0,2,79.5,0.0,89.8,-0.18,Urban,Medium,29.5,0.83,0,191.22,32.62,87.47,excessive_revving
V010,2026-08-22T15:41:44,Bus,1,7.2,13721.6,Petrol,19.11841,72.863988,37.7,0.1,3000.0,2,79.2,0.0,75.3,-0.63,Urban,Medium,26.2,0.84,0,191.21,32.95,87.47,excessive_revving
V010,2026-08-22T15:41:45,Bus,1,7.2,13721.6,Petrol,19.118503,72.864062,36.9,-0.21,3000.0,2,69.6,0.0,76.7,-0.48,Urban,Medium,26.6,0.851,0,191.2,32.28,87.47,excessive_revving
V010,2026-08-22T15:41:46,Bus,1,7.2,13721.6,Petrol,19.118595,72.864136,36.8,-0.04,3000.0,2,83.8,0.0,88.6,-0.11,Urban,Medium,25.8,0.861,0,191.19,32.15,87.47,excessive_revving
V010,2026-08-22T15:41:47,Bus,1,7.2,13721.6,Petrol,19.118688,72.864211,37.5,0.21,3000.0,2,85.9,0.0,80.1,1.83,Urban,Medium,28.4,0.871,0,191.18,32.83,87.47,excessive_revving
V010,2026-08-22T15:41:48,Bus,1,7.2,13721.6,Petrol,19.118781,72.864285,37.2,-0.1,3000.0,2,70.6,0.0,87.4,0.85,Urban,Medium,30.4,0.882,0,191.17,32.51,87.47,excessive_revving
V010,2026-08-22T15:41:49,Bus,1,7.2,13721.6,Petrol,19.118878,72.864362,38.7,0.41,3000.0,2,80.8,0.0,73.7,-1.66,Urban,Medium,25.3,0.892,0,191.17,33.81,87.47,excessive_revving
V010,2026-08-22T15:41:50,Bus,1,7.2,13721.6,Petrol,19.118967,72.864434,35.6,-0.85,3000.0,2,71.3,0.0,82.2,0.22,Urban,Medium,28.0,0.902,0,191.16,31.14,87.47,excessive_revving
V010,2026-08-22T15:41:51,Bus,1,7.2,13721.6,Petrol,19.119055,72.864505,35.4,-0.05,3000.0,2,65.2,0.0,79.3,2.02,Urban,Medium,27.3,0.912,0,191.15,30.97,87.47,excessive_revving
V010,2026-08-22T15:41:52,Bus,1,7.2,13721.6,Petrol,19.119138,72.86457,32.9,-0.69,3000.0,1,79.4,0.0,85.6,0.96,Urban,Medium,28.2,0.921,0,191.14,28.8,87.47,excessive_revving
V010,2026-08-22T15:41:53,Bus,1,7.2,13721.6,Petrol,19.11922,72.864636,32.8,-0.03,3000.0,1,70.3,0.0,74.4,2.07,Urban,Medium,30.8,0.93,0,191.13,28.71,87.47,excessive_revving
V010,2026-08-22T15:41:54,Bus,1,7.2,13721.6,Petrol,19.119306,72.864705,34.3,0.41,3000.0,1,83.0,0.0,86.1,0.51,Urban,Medium,26.9,0.94,0,191.12,30.01,87.47,excessive_revving
V010,2026-08-22T15:41:55,Bus,1,7.2,13721.6,Petrol,19.11939,72.864772,33.6,-0.19,3000.0,1,75.4,0.0,79.7,-1.03,Urban,Medium,30.2,0.949,0,191.12,29.42,87.47,excessive_revving
V010,2026-08-22T15:41:56,Bus,1,7.2,13721.6,Petrol,19.119471,72.864837,32.4,-0.35,3000.0,1,89.4,0.0,71.6,2.24,Urban,Medium,28.7,0.958,0,191.11,28.32,87.47,excessive_revving
V010,2026-08-22T15:41:57,Bus,1,7.2,13721.6,Petrol,19.119552,72.864902,32.6,0.07,3000.0,1,85.5,0.0,84.6,-0.65,Urban,Medium,28.1,0.967,0,191.1,28.52,87.47,excessive_revving
V010,2026-08-22T15:41:58,Bus,1,7.2,13721.6,Petrol,19.119638,72.864971,34.4,0.5,3000.0,1,69.1,0.0,85.9,-0.96,Urban,Medium,27.5,0.977,0,191.09,30.1,87.47,excessive_revving
V010,2026-08-22T15:41:59,Bus,1,7.2,13721.6,Petrol,19.119723,72.865039,34.1,-0.08,3000.0,1,66.4,0.0,89.3,-1.07,Urban,Medium,27.5,0.986,0,191.08,29.85,87.47,excessive_revving
V011,2026-08-22T09:50:00,Van,5,2.0,2695.1,Hybrid,19.030736,72.84696,0.0,0.0,907.0,0,0.0,51.4,17.7,0.83,Urban,Low,26.6,0.0,1,51.95,0.87,99.9,excessive_idling
V011,2026-08-22T09:50:01,Van,5,2.0,2695.1,Hybrid,19.030736,72.84696,0.0,0.0,917.0,0,0.0,54.5,16.9,0.74,Urban,Low,27.5,0.0,2,51.95,0.87,99.9,excessive_idling
V011,2026-08-22T09:50:02,Van,5,2.0,2695.1,Hybrid,19.030736,72.84696,0.0,0.0,904.0,0,0.0,32.5,12.7,0.73,Urban,Low,28.4,0.0,3,51.95,0.85,99.9,excessive_idling
V011,2026-08-22T09:50:03,Van,5,2.0,2695.1,Hybrid,19.030736,72.84696,0.0,0.0,883.0,0,0.0,34.3,16.8,0.42,Urban,Low,26.4,0.0,4,51.95,0.82,99.9,excessive_idling
V011,2026-08-22T09:50:04,Van,5,2.0,2695.1,Hybrid,19.030736,72.84696,0.0,0.0,911.0,0,0.0,40.0,17.5,-0.87,Urban,Low,29.8,0.0,5,51.95,0.89,99.9,excessive_idling
V011,2026-08-22T09:50:05,Van,5,2.0,2695.1,Hybrid,19.030736,72.84696,0.0,0.0,881.0,0,0.0,43.5,12.4,-0.01,Urban,Low,26.3,0.0,6,51.95,0.82,99.9,excessive_idling
V011,2026-08-22T09:50:06,Van,5,2.0,2695.1,Hybrid,19.030736,72.84696,0.0,0.0,901.0,0,0.0,43.8,15.0,-3.23,Urban,Low,25.0,0.0,7,51.95,0.83,99.9,excessive_idling
V011,2026-08-22T09:50:07,Van,5,2.0,2695.1,Hybrid,19.030736,72.84696,0.0,0.0,900.0,0,0.0,31.5,13.4,1.12,Urban,Low,26.3,0.0,8,51.95,0.86,99.9,excessive_idling
V011,2026-08-22T09:50:08,Van,5,2.0,2695.1,Hybrid,19.030736,72.84696,0.0,0.0,887.0,0,0.0,58.8,14.5,-0.87,Urban,Low,27.4,0.0,9,51.95,0.79,99.9,excessive_idling
V011,2026-08-22T09:50:09,Van,5,2.0,2695.1,Hybrid,19.030736,72.84696,0.0,0.0,918.0,0,0.0,58.8,13.8,-0.6,Urban,Low,30.0,0.0,10,51.95,0.85,99.9,excessive_idling
V011,2026-08-22T09:50:10,Van,5,2.0,2695.1,Hybrid,19.030736,72.84696,0.0,0.0,894.0,0,0.0,56.2,12.0,-0.86,Urban,Low,28.6,0.0,11,51.95,0.84,99.9,excessive_idling
V011,2026-08-22T09:50:11,Van,5,2.0,2695.1,Hybrid,19.030736,72.84696,0.0,0.0,884.0,0,0.0,41.2,17.0,1.11,Urban,Low,25.4,0.0,12,51.95,0.84,99.9,excessive_idling
V011,2026-08-22T09:50:12,Van,5,2.0,2695.1,Hybrid,19.030736,72.84696,0.0,0.0,887.0,0,0.0,35.0,13.5,0.57,Urban,Low,28.2,0.0,13,51.95,0.87,99.9,excessive_idling
V011,2026-08-22T09:50:13,Van,5,2.0,2695.1,Hybrid,19.030736,72.84696,0.0,0.0,889.0,0,0.0,47.9,14.8,-0.23,Urban,Low,30.4,0.0,14,51.95,0.85,99.9,excessive_idling
V011,2026-08-22T09:50:14,Van,5,2.0,2695.1,Hybrid,19.030736,72.84696,0.0,0.0,899.0,0,0.0,40.2,16.6,-1.2,Urban,Low,28.1,0.0,15,51.95,0.87,99.9,excessive_idling
V011,2026-08-22T09:50:15,Van,5,2.0,2695.1,Hybrid,19.030736,72.84696,0.0,0.0,908.0,0,0.0,58.5,17.9,1.27,Urban,Low,31.0,0.0,16,51.95,0.85,99.9,excessive_idling
V011,2026-08-22T09:50:16,Van,5,2.0,2695.1,Hybrid,19.030736,72.84696,0.0,0.0,917.0,0,0.0,57.9,13.8,0.14,Urban,Low,30.2,0.0,17,51.95,0.82,99.9,excessive_idling
V011,2026-08-22T09:50:17,Van,5,2.0,2695.1,Hybrid,19.030736,72.84696,0.0,0.0,876.0,0,0.0,59.5,12.7,-0.14,Urban,Low,25.7,0.0,18,51.95,0.89,99.9,excessive_idling
V011,2026-08-22T09:50:18,Van,5,2.0,2695.1,Hybrid,19.030736,72.84696,0.0,0.0,893.0,0,0.0,41.8,12.8,1.75,Urban,Low,28.1,0.0,19,51.95,0.86,99.9,excessive_idling
V011,2026-08-22T09:50:19,Van,5,2.0,2695.1,Hybrid,19.030736,72.84696,0.0,0.0,877.0,0,0.0,54.1,13.5,0.97,Urban,Low,29.2,0.0,20,51.95,0.84,99.9,excessive_idling
V011,2026-08-22T09:50:20,Van,5,2.0,2695.1,Hybrid,19.030736,72.84696,0.0,0.0,876.0,0,0.0,32.4,14.0,2.7,Urban,Low,27.0,0.0,21,51.95,0.84,99.9,excessive_idling
V011,2026-08-22T09:50:21,Van,5,2.0,2695.1,Hybrid,19.030736,72.84696,0.0,0.0,910.0,0,0.0,40.3,12.6,0.61,Urban,Low,27.0,0.0,22,51.95,0.86,99.9,excessive_idling
V011,2026-08-22T09:50:22,Van,5,2.0,2695.1,Hybrid,19.030736,72.84696,0.0,0.0,891.0,0,0.0,48.5,15.4,-2.85,Urban,Low,28.1,0.0,23,51.95,0.86,99.9,excessive_idling
V011,2026-08-22T09:50:23,Van,5,2.0,2695.1,Hybrid,19.030736,72.84696,0.0,0.0,892.0,0,0.0,39.9,12.6,0.07,Urban,Low,28.8,0.0,24,51.95,0.84,99.9,excessive_idling
V011,2026-08-22T09:50:24,Van,5,2.0,2695.1,Hybrid,19.030736,72.84696,0.0,0.0,899.0,0,0.0,54.0,12.8,0.66,Urban,Low,27.7,0.0,25,51.95,0.83,99.9,excessive_idling
V011,2026-08-22T09:50:25,Van,5,2.0,2695.1,Hybrid,19.030736,72.84696,0.0,0.0,889.0,0,0.0,31.6,16.7,-0.37,Urban,Low,29.0,0.0,26,51.95,0.88,99.9,excessive_idling
V011,2026-08-22T09:50:26,Van,5,2.0,2695.1,Hybrid,19.030736,72.84696,0.0,0.0,906.0,0,0.0,49.0,17.4,0.11,Urban,Low,28.6,0.0,27,51.95,0.83,99.9,excessive_idling
V011,2026-08-22T09:50:27,Van,5,2.0,2695.1,Hybrid,19.030736,72.84696,0.0,0.0,904.0,0,0.0,41.6,16.8,1.01,Urban,Low,27.7,0.0,28,51.95,0.82,99.9,excessive_idling
V011,2026-08-22T09:50:28,Van,5,2.0,2695.1,Hybrid,19.030736,72.84696,0.0,0.0,913.0,0,0.0,48.6,17.1,0.2,Urban,Low,25.8,0.0,29,51.95,0.86,99.9,excessive_idling
V011,2026-08-22T09:50:29,Van,5,2.0,2695.1,Hybrid,19.030736,72.84696,0.0,0.0,906.0,0,0.0,45.5,16.1,1.25,Urban,Low,28.6,0.0,30,51.95,0.84,99.9,excessive_idling
V011,2026-08-22T09:50:30,Van,5,2.0,2695.1,Hybrid,19.030736,72.84696,0.0,0.0,859.0,0,0.0,47.5,12.2,-1.93,Urban,Low,28.9,0.0,31,51.95,0.85,99.9,excessive_idling
V011,2026-08-22T09:50:31,Van,5,2.0,2695.1,Hybrid,19.030736,72.84696,0.0,0.0,888.0,0,0.0,42.2,14.3,0.88,Urban,Low,26.3,0.0,32,51.95,0.84,99.9,excessive_idling
V011,2026-08-22T09:50:32,Van,5,2.0,2695.1,Hybrid,19.030736,72.84696,0.0,0.0,873.0,0,0.0,32.8,13.0,1.96,Urban,Low,26.7,0.0,33,51.95,0.84,99.9,excessive_idling
V011,2026-08-22T09:50:33,Van,5,2.0,2695.1,Hybrid,19.030736,72.84696,0.0,0.0,903.0,0,0.0,47.9,15.8,-0.15,Urban,Low,27.2,0.0,34,51.95,0.87,99.9,excessive_idling
V011,2026-08-22T09:50:34,Van,5,2.0,2695.1,Hybrid,19.030736,72.84696,0.0,0.0,919.0,0,0.0,45.5,13.5,0.74,Urban,Low,28.4,0.0,35,51.95,0.85,99.9,excessive_idling
V011,2026-08-22T09:50:35,Van,5,2.0,2695.1,Hybrid,19.030736,72.84696,0.0,0.0,900.0,0,0.0,44.9,13.7,2.13,Urban,Low,29.2,0.0,36,51.95,0.85,99.9,excessive_idling
V011,2026-08-22T09:50:36,Van,5,2.0,2695.1,Hybrid,19.030736,72.84696,0.0,0.0,881.0,0,0.0,55.1,16.6,-0.76,Urban,Low,27.7,0.0,37,51.95,0.84,99.9,excessive_idling
V011,2026-08-22T09:50:37,Van,5,2.0,2695.1,Hybrid,19.030736,72.84696,0.0,0.0,901.0,0,0.0,57.5,12.3,0.22,Urban,Low,26.5,0.0,38,51.95,0.83,99.9,excessive_idling
V011,2026-08-22T09:50:38,Van,5,2.0,2695.1,Hybrid,19.030736,72.84696,0.0,0.0,903.0,0,0.0,34.0,17.2,-1.06,Urban,Low,30.5,0.0,39,51.95,0.81,99.9,excessive_idling
V011,2026-08-22T09:50:39,Van,5,2.0,2695.1,Hybrid,19.030736,72.84696,0.0,0.0,884.0,0,0.0,36.5,16.2,0.52,Urban,Low,26.9,0.0,40,51.95,0.84,99.9,excessive_idling
V011,2026-08-22T09:50:40,Van,5,2.0,2695.1,Hybrid,19.030736,72.84696,0.0,0.0,902.0,0,0.0,56.5,15.3,1.08,Urban,Low,27.7,0.0,41,51.95,0.83,99.9,excessive_idling
V011,2026-08-22T09:50:41,Van,5,2.0,2695.1,Hybrid,19.030736,72.84696,0.0,0.0,868.0,0,0.0,58.7,15.9,1.23,Urban,Low,28.6,0.0,42,51.94,0.87,99.9,excessive_idling
V011,2026-08-22T09:50:42,Van,5,2.0,2695.1,Hybrid,19.030736,72.84696,0.0,0.0,895.0,0,0.0,31.8,15.8,0.4,Urban,Low,28.9,0.0,43,51.94,0.89,99.9,excessive_idling
V011,2026-08-22T09:50:43,Van,5,2.0,2695.1,Hybrid,19.030736,72.84696,0.0,0.0,920.0,0,0.0,49.1,13.3,1.62,Urban,Low,27.3,0.0,44,51.94,0.79,99.9,excessive_idling
V011,2026-08-22T09:50:44,Van,5,2.0,2695.1,Hybrid,19.030736,72.84696,0.0,0.0,865.0,0,0.0,59.8,16.6,-0.79,Urban,Low,29.8,0.0,45,51.94,0.83,99.9,excessive_idling
V011,2026-08-22T09:50:45,Van,5,2.0,2695.1,Hybrid,19.030736,72.84696,0.0,0.0,889.0,0,0.0,54.2,15.6,1.19,Urban,Low,25.9,0.0,46,51.94,0.87,99.9,excessive_idling
V011,2026-08-22T09:50:46,Van,5,2.0,2695.1,Hybrid,19.030736,72.84696,0.0,0.0,866.0,0,0.0,44.5,16.0,-2.2,Urban,Low,27.8,0.0,47,51.94,0.87,99.9,excessive_idling
V011,2026-08-22T09:50:47,Van,5,2.0,2695.1,Hybrid,19.030736,72.84696,0.0,0.0,882.0,0,0.0,54.6,15.1,-0.13,Urban,Low,26.7,0.0,48,51.94,0.84,99.9,excessive_idling
V011,2026-08-22T09:50:48,Van,5,2.0,2695.1,Hybrid,19.030736,72.84696,0.0,0.0,903.0,0,0.0,31.6,12.8,0.9,Urban,Low,26.3,0.0,49,51.94,0.83,99.9,excessive_idling
V011,2026-08-22T09:50:49,Van,5,2.0,2695.1,Hybrid,19.030736,72.84696,0.0,0.0,892.0,0,0.0,33.5,13.3,2.24,Urban,Low,29.3,0.0,50,51.94,0.86,99.9,excessive_idling
V011,2026-08-22T09:50:50,Van,5,2.0,2695.1,Hybrid,19.030736,72.84696,0.0,0.0,900.0,0,0.0,32.4,13.0,0.63,Urban,Low,28.7,0.0,51,51.94,0.84,99.9,excessive_idling
V011,2026-08-22T09:50:51,Van,5,2.0,2695.1,Hybrid,19.030736,72.84696,0.0,0.0,919.0,0,0.0,30.1,15.3,-0.67,Urban,Low,29.8,0.0,52,51.94,0.83,99.9,excessive_idling
V011,2026-08-22T09:50:52,Van,5,2.0,2695.1,Hybrid,19.030736,72.84696,0.0,0.0,895.0,0,0.0,58.3,17.6,-0.49,Urban,Low,26.0,0.0,53,51.94,0.85,99.9,excessive_idling
V011,2026-08-22T09:50:53,Van,5,2.0,2695.1,Hybrid,19.030736,72.84696,0.0,0.0,912.0,0,0.0,46.0,17.4,-0.94,Urban,Low,27.4,0.0,54,51.94,0.86,99.9,excessive_idling
V011,2026-08-22T09:50:54,Van,5,2.0,2695.1,Hybrid,19.030736,72.84696,0.0,0.0,897.0,0,0.0,52.7,13.6,-1.51,Urban,Low,28.4,0.0,55,51.94,0.83,99.9,excessive_idling
V011,2026-08-22T09:50:55,Van,5,2.0,2695.1,Hybrid,19.030736,72.84696,0.0,0.0,929.0,0,0.0,55.2,15.5,-0.91,Urban,Low,25.8,0.0,56,51.94,0.83,99.9,excessive_idling
V011,2026-08-22T09:50:56,Van,5,2.0,2695.1,Hybrid,19.030736,72.84696,0.0,0.0,901.0,0,0.0,51.7,16.5,-1.01,Urban,Low,28.3,0.0,57,51.94,0.89,99.9,excessive_idling
V011,2026-08-22T09:50:57,Van,5,2.0,2695.1,Hybrid,19.030736,72.84696,0.0,0.0,928.0,0,0.0,52.4,15.8,-0.59,Urban,Low,25.0,0.0,58,51.94,0.85,99.9,excessive_idling
V011,2026-08-22T09:50:58,Van,5,2.0,2695.1,Hybrid,19.030736,72.84696,0.0,0.0,911.0,0,0.0,31.6,17.6,-0.91,Urban,Low,27.1,0.0,59,51.94,0.87,99.9,excessive_idling
V011,2026-08-22T09:50:59,Van,5,2.0,2695.1,Hybrid,19.030736,72.84696,0.0,0.0,862.0,0,0.0,59.1,15.3,-0.3,Urban,Low,26.8,0.0,60,51.94,0.86,99.9,excessive_idling
V011,2026-08-22T09:51:00,Van,5,2.0,2695.1,Hybrid,19.030736,72.84696,0.0,0.0,913.0,0,0.0,49.1,16.9,-1.22,Urban,Low,26.4,0.0,61,51.94,0.88,99.9,excessive_idling
V011,2026-08-22T09:51:01,Van,5,2.0,2695.1,Hybrid,19.030736,72.84696,0.0,0.0,859.0,0,0.0,50.3,15.5,-1.0,Urban,Low,28.3,0.0,62,51.94,0.84,99.9,excessive_idling
V011,2026-08-22T09:51:02,Van,5,2.0,2695.1,Hybrid,19.030736,72.84696,0.0,0.0,884.0,0,0.0,39.3,16.9,1.09,Urban,Low,29.1,0.0,63,51.94,0.82,99.9,excessive_idling
V011,2026-08-22T09:51:03,Van,5,2.0,2695.1,Hybrid,19.030736,72.84696,0.0,0.0,887.0,0,0.0,45.5,16.4,0.04,Urban,Low,29.5,0.0,64,51.94,0.86,99.9,excessive_idling
V011,2026-08-22T09:51:04,Van,5,2.0,2695.1,Hybrid,19.030736,72.84696,0.0,0.0,901.0,0,0.0,35.2,16.5,1.11,Urban,Low,27.3,0.0,65,51.94,0.83,99.9,excessive_idling
V011,2026-08-22T09:51:05,Van,5,2.0,2695.1,Hybrid,19.030736,72.84696,0.0,0.0,896.0,0,0.0,38.3,12.7,0.03,Urban,Low,28.4,0.0,66,51.94,0.88,99.9,excessive_idling
V011,2026-08-22T09:51:06,Van,5,2.0,2695.1,Hybrid,19.030736,72.84696,0.0,0.0,892.0,0,0.0,51.3,16.1,0.67,Urban,Low,29.6,0.0,67,51.94,0.84,99.9,excessive_idling
V011,2026-08-22T09:51:07,Van,5,2.0,2695.1,Hybrid,19.030736,72.84696,0.0,0.0,910.0,0,0.0,57.0,13.7,1.56,Urban,Low,29.4,0.0,68,51.94,0.87,99.9,excessive_idling
V011,2026-08-22T09:51:08,Van,5,2.0,2695.1,Hybrid,19.030736,72.84696,0.0,0.0,876.0,0,0.0,39.4,15.6,-1.1,Urban,Low,27.4,0.0,69,51.94,0.81,99.9,excessive_idling
V011,2026-08-22T09:51:09,Van,5,2.0,2695.1,Hybrid,19.030736,72.84696,0.0,0.0,897.0,0,0.0,51.8,13.6,1.32,Urban,Low,30.0,0.0,70,51.94,0.85,99.9,excessive_idling
V011,2026-08-22T09:51:10,Van,5,2.0,2695.1,Hybrid,19.030736,72.84696,0.0,0.0,910.0,0,0.0,34.9,12.1,0.64,Urban,Low,30.7,0.0,71,51.94,0.81,99.9,excessive_idling
V011,2026-08-22T09:51:11,Van,5,2.0,2695.1,Hybrid,19.030736,72.84696,0.0,0.0,852.0,0,0.0,42.0,16.8,0.73,Urban,Low,25.9,0.0,72,51.94,0.87,99.9,excessive_idling
V011,2026-08-22T09:51:12,Van,5,2.0,2695.1,Hybrid,19.030736,72.84696,0.0,0.0,905.0,0,0.0,55.9,15.7,-0.42,Urban,Low,28.4,0.0,73,51.94,0.81,99.9,excessive_idling
V011,2026-08-22T09:51:13,Van,5,2.0,2695.1,Hybrid,19.030736,72.84696,0.0,0.0,893.0,0,0.0,46.2,17.1,2.11,Urban,Low,27.2,0.0,74,51.94,0.82,99.9,excessive_idling
V011,2026-08-22T09:51:14,Van,5,2.0,2695.1,Hybrid,19.030736,72.84696,0.0,0.0,870.0,0,0.0,52.8,17.9,0.77,Urban,Low,28.8,0.0,75,51.94,0.85,99.9,excessive_idling
V011,2026-08-22T09:51:15,Van,5,2.0,2695.1,Hybrid,19.030736,72.84696,0.0,0.0,883.0,0,0.0,37.2,17.0,0.7,Urban,Low,28.4,0.0,76,51.94,0.87,99.9,excessive_idling
V011,2026-08-22T09:51:16,Van,5,2.0,2695.1,Hybrid,19.030736,72.84696,0.0,0.0,913.0,0,0.0,55.0,14.0,-0.08,Urban,Low,27.8,0.0,77,51.94,0.84,99.9,excessive_idling
V011,2026-08-22T09:51:17,Van,5,2.0,2695.1,Hybrid,19.030736,72.84696,0.0,0.0,909.0,0,0.0,42.8,14.9,1.01,Urban,Low,27.6,0.0,78,51.94,0.82,99.9,excessive_idling
V011,2026-08-22T09:51:18,Van,5,2.0,2695.1,Hybrid,19.030736,72.84696,0.0,0.0,898.0,0,0.0,40.3,13.7,0.86,Urban,Low,26.1,0.0,79,51.94,0.87,99.9,excessive_idling
V011,2026-08-22T09:51:19,Van,5,2.0,2695.1,Hybrid,19.030736,72.84696,0.0,0.0,912.0,0,0.0,46.8,15.5,-1.45,Urban,Low,30.7,0.0,80,51.94,0.83,99.9,excessive_idling
V011,2026-08-22T09:51:20,Van,5,2.0,2695.1,Hybrid,19.030736,72.84696,0.0,0.0,892.0,0,0.0,45.8,13.2,3.99,Urban,Low,28.7,0.0,81,51.94,0.86,99.9,excessive_idling
V011,2026-08-22T09:51:21,Van,5,2.0,2695.1,Hybrid,19.030736,72.84696,0.0,0.0,894.0,0,0.0,38.7,17.2,-0.89,Urban,Low,28.6,0.0,82,51.94,0.84,99.9,excessive_idling
V011,2026-08-22T09:51:22,Van,5,2.0,2695.1,Hybrid,19.030736,72.84696,0.0,0.0,853.0,0,0.0,42.0,12.7,1.73,Urban,Low,26.6,0.0,83,51.94,0.83,99.9,excessive_idling
V011,2026-08-22T09:51:23,Van,5,2.0,2695.1,Hybrid,19.030736,72.84696,0.0,0.0,894.0,0,0.0,54.9,13.7,-0.28,Urban,Low,29.4,0.0,84,51.93,0.86,99.9,excessive_idling
V011,2026-08-22T09:51:24,Van,5,2.0,2695.1,Hybrid,19.030736,72.84696,0.0,0.0,910.0,0,0.0,52.8,14.4,1.15,Urban,Low,27.3,0.0,85,51.93,0.87,99.9,excessive_idling
V011,2026-08-22T09:51:25,Van,5,2.0,2695.1,Hybrid,19.030736,72.84696,0.0,0.0,887.0,0,0.0,41.7,15.3,0.64,Urban,Low,29.2,0.0,86,51.93,0.85,99.9,excessive_idling
V011,2026-08-22T09:51:26,Van,5,2.0,2695.1,Hybrid,19.030736,72.84696,0.0,0.0,881.0,0,0.0,59.0,17.8,0.06,Urban,Low,25.3,0.0,87,51.93,0.78,99.9,excessive_idling
V011,2026-08-22T09:51:27,Van,5,2.0,2695.1,Hybrid,19.030736,72.84696,0.0,0.0,898.0,0,0.0,41.3,16.1,0.52,Urban,Low,28.2,0.0,88,51.93,0.85,99.9,excessive_idling
V011,2026-08-22T09:51:28,Van,5,2.0,2695.1,Hybrid,19.030736,72.84696,0.0,0.0,893.0,0,0.0,47.3,17.5,-0.09,Urban,Low,28.9,0.0,89,51.93,0.86,99.9,excessive_idling
V011,2026-08-22T09:51:29,Van,5,2.0,2695.1,Hybrid,19.030736,72.84696,0.0,0.0,891.0,0,0.0,40.4,14.4,0.96,Urban,Low,27.6,0.0,90,51.93,0.87,99.9,excessive_idling
V011,2026-08-22T09:51:30,Van,5,2.0,2695.1,Hybrid,19.030736,72.84696,0.0,0.0,916.0,0,0.0,59.0,14.5,-3.38,Urban,Low,29.2,0.0,91,51.93,0.85,99.9,excessive_idling
V011,2026-08-22T09:51:31,Van,5,2.0,2695.1,Hybrid,19.030736,72.84696,0.0,0.0,903.0,0,0.0,57.7,13.1,-0.46,Urban,Low,29.1,0.0,92,51.93,0.89,99.9,excessive_idling
V011,2026-08-22T09:51:32,Van,5,2.0,2695.1,Hybrid,19.030736,72.84696,0.0,0.0,906.0,0,0.0,36.7,13.3,0.15,Urban,Low,28.7,0.0,93,51.93,0.84,99.9,excessive_idling
V011,2026-08-22T09:51:33,Van,5,2.0,2695.1,Hybrid,19.030736,72.84696,0.0,0.0,910.0,0,0.0,54.6,13.7,-1.25,Urban,Low,27.3,0.0,94,51.93,0.84,99.9,excessive_idling
V011,2026-08-22T09:51:34,Van,5,2.0,2695.1,Hybrid,19.030736,72.84696,0.0,0.0,885.0,0,0.0,42.2,15.5,-0.11,Urban,Low,25.8,0.0,95,51.93,0.84,99.9,excessive_idling
V011,2026-08-22T09:51:35,Van,5,2.0,2695.1,Hybrid,19.030736,72.84696,0.0,0.0,903.0,0,0.0,53.1,12.1,1.01,Urban,Low,28.6,0.0,96,51.93,0.87,99.9,excessive_idling
V011,2026-08-22T09:51:36,Van,5,2.0,2695.1,Hybrid,19.030736,72.84696,0.0,0.0,903.0,0,0.0,37.8,12.3,-0.95,Urban,Low,27.1,0.0,97,51.93,0.84,99.9,excessive_idling
V011,2026-08-22T09:51:37,Van,5,2.0,2695.1,Hybrid,19.030736,72.84696,0.0,0.0,909.0,0,0.0,43.8,17.0,1.0,Urban,Low,26.4,0.0,98,51.93,0.89,99.9,excessive_idling
V011,2026-08-22T09:51:38,Van,5,2.0,2695.1,Hybrid,19.030736,72.84696,0.0,0.0,888.0,0,0.0,45.5,16.2,-0.74,Urban,Low,29.0,0.0,99,51.93,0.89,99.9,excessive_idling
V011,2026-08-22T09:51:39,Van,5,2.0,2695.1,Hybrid,19.030736,72.84696,0.0,0.0,917.0,0,0.0,37.6,12.7,-2.13,Urban,Low,27.7,0.0,100,51.93,0.87,99.9,excessive_idling
V011,2026-08-22T09:51:40,Van,5,2.0,2695.1,Hybrid,19.030736,72.84696,0.0,0.0,892.0,0,0.0,48.6,15.9,0.26,Urban,Low,29.1,0.0,101,51.93,0.86,99.9,excessive_idling
V011,2026-08-22T09:51:41,Van,5,2.0,2695.1,Hybrid,19.030736,72.84696,0.0,0.0,933.0,0,0.0,47.2,14.3,0.42,Urban,Low,27.5,0.0,102,51.93,0.84,99.9,excessive_idling
V011,2026-08-22T09:51:42,Van,5,2.0,2695.1,Hybrid,19.030736,72.84696,0.0,0.0,898.0,0,0.0,44.3,15.5,1.45,Urban,Low,28.7,0.0,103,51.93,0.86,99.9,excessive_idling
V011,2026-08-22T09:51:43,Van,5,2.0,2695.1,Hybrid,19.030736,72.84696,0.0,0.0,908.0,0,0.0,52.9,12.1,-1.14,Urban,Low,28.2,0.0,104,51.93,0.86,99.9,excessive_idling
V011,2026-08-22T09:51:44,Van,5,2.0,2695.1,Hybrid,19.030736,72.84696,0.0,0.0,888.0,0,0.0,54.7,14.4,-0.17,Urban,Low,27.2,0.0,105,51.93,0.81,99.9,excessive_idling
V011,2026-08-22T09:51:45,Van,5,2.0,2695.1,Hybrid,19.030736,72.84696,0.0,0.0,890.0,0,0.0,36.3,15.7,0.6,Urban,Low,27.3,0.0,106,51.93,0.85,99.9,excessive_idling
V011,2026-08-22T09:51:46,Van,5,2.0,2695.1,Hybrid,19.030736,72.84696,0.0,0.0,898.0,0,0.0,52.3,13.7,-0.53,Urban,Low,25.8,0.0,107,51.93,0.86,99.9,excessive_idling
V011,2026-08-22T09:51:47,Van,5,2.0,2695.1,Hybrid,19.030736,72.84696,0.0,0.0,893.0,0,0.0,56.5,17.4,1.04,Urban,Low,29.5,0.0,108,51.93,0.87,99.9,excessive_idling
V011,2026-08-22T09:51:48,Van,5,2.0,2695.1,Hybrid,19.030736,72.84696,0.0,0.0,903.0,0,0.0,45.5,15.5,0.41,Urban,Low,29.4,0.0,109,51.93,0.84,99.9,excessive_idling
V011,2026-08-22T09:51:49,Van,5,2.0,2695.1,Hybrid,19.030736,72.84696,0.0,0.0,904.0,0,0.0,55.2,16.3,-2.07,Urban,Low,28.3,0.0,110,51.93,0.85,99.9,excessive_idling
V011,2026-08-22T09:51:50,Van,5,2.0,2695.1,Hybrid,19.030736,72.84696,0.0,0.0,903.0,0,0.0,46.0,14.2,-0.68,Urban,Low,25.4,0.0,111,51.93,0.89,99.9,excessive_idling
V011,2026-08-22T09:51:51,Van,5,2.0,2695.1,Hybrid,19.030736,72.84696,0.0,0.0,913.0,0,0.0,51.4,15.6,-0.36,Urban,Low,26.0,0.0,112,51.93,0.84,99.9,excessive_idling
V011,2026-08-22T09:51:52,Van,5,2.0,2695.1,Hybrid,19.030736,72.84696,0.0,0.0,894.0,0,0.0,38.2,13.3,3.12,Urban,Low,29.0,0.0,113,51.93,0.86,99.9,excessive_idling
V011,2026-08-22T09:51:53,Van,5,2.0,2695.1,Hybrid,19.030736,72.84696,0.0,0.0,925.0,0,0.0,54.1,15.6,1.56,Urban,Low,29.7,0.0,114,51.93,0.81,99.9,excessive_idling
V011,2026-08-22T09:51:54,Van,5,2.0,2695.1,Hybrid,19.030736,72.84696,0.0,0.0,888.0,0,0.0,58.6,12.4,-0.66,Urban,Low,28.0,0.0,115,51.93,0.87,99.9,excessive_idling
V011,2026-08-22T09:51:55,Van,5,2.0,2695.1,Hybrid,19.030736,72.84696,0.0,0.0,905.0,0,0.0,48.4,14.0,-1.25,Urban,Low,28.0,0.0,116,51.93,0.82,99.9,excessive_idling
V011,2026-08-22T09:51:56,Van,5,2.0,2695.1,Hybrid,19.030736,72.84696,0.0,0.0,919.0,0,0.0,50.5,17.0,-0.3,Urban,Low,28.9,0.0,117,51.93,0.85,99.9,excessive_idling
V011,2026-08-22T09:51:57,Van,5,2.0,2695.1,Hybrid,19.030736,72.84696,0.0,0.0,897.0,0,0.0,48.7,16.5,0.99,Urban,Low,29.1,0.0,118,51.93,0.84,99.9,excessive_idling
V011,2026-08-22T09:51:58,Van,5,2.0,2695.1,Hybrid,19.030736,72.84696,0.0,0.0,920.0,0,0.0,47.5,14.9,0.4,Urban,Low,26.7,0.0,119,51.93,0.84,99.9,excessive_idling
V011,2026-08-22T09:51:59,Van,5,2.0,2695.1,Hybrid,19.030736,72.84696,0.0,0.0,900.0,0,0.0,51.9,15.5,-0.6,Urban,Low,28.3,0.0,120,51.93,0.85,99.9,excessive_idling
V011,2026-08-22T11:50:00,Van,5,2.0,2466.9,Hybrid,19.109593,72.860502,27.5,1.2,4500.0,2,50.0,0.0,65.3,0.11,Highway,Low,30.3,0.008,0,35.75,2.26,8.24,normal
V011,2026-08-22T11:50:01,Van,5,2.0,2466.9,Hybrid,19.109673,72.860566,31.8,1.2,4500.0,2,50.0,0.0,65.0,0.0,Highway,Low,28.3,0.016,0,35.75,2.58,8.12,normal
V011,2026-08-22T11:50:02,Van,5,2.0,2466.9,Hybrid,19.109751,72.860628,31.3,-0.13,4500.0,2,16.7,0.0,44.1,-0.7,Highway,Low,30.4,0.025,0,35.75,2.42,7.71,normal
V011,2026-08-22T11:50:03,Van,5,2.0,2466.9,Hybrid,19.109831,72.860692,32.0,0.19,4500.0,2,24.7,0.0,48.8,-0.75,Highway,Low,27.0,0.034,0,35.75,2.53,7.9,normal
V011,2026-08-22T11:50:04,Van,5,2.0,2466.9,Hybrid,19.1099,72.860748,27.7,-1.2,4500.0,2,0.0,36.0,34.8,-0.13,Highway,Low,28.3,0.042,0,35.75,2.34,8.44,normal
V011,2026-08-22T11:50:05,Van,5,2.0,2466.9,Hybrid,19.10998,72.860812,32.0,1.2,4500.0,2,50.0,0.0,64.8,-0.17,Highway,Low,28.3,0.051,0,35.75,2.57,8.02,normal
V011,2026-08-22T11:50:06,Van,5,2.0,2466.9,Hybrid,19.110071,72.860885,36.3,1.2,4500.0,3,50.0,0.0,63.8,-0.87,Highway,Low,27.0,0.061,0,35.75,2.72,7.5,normal
V011,2026-08-22T11:50:07,Van,5,2.0,2466.9,Hybrid,19.110173,72.860966,40.7,1.2,4500.0,3,50.0,0.0,66.2,0.47,Highway,Low,28.8,0.072,0,35.74,3.23,7.96,normal
V011,2026-08-22T11:50:08,Van,5,2.0,2466.9,Hybrid,19.110285,72.861056,45.0,1.2,4500.0,3,50.0,0.0,66.3,0.5,Highway,Low,27.9,0.085,0,35.74,3.48,7.73,normal
V011,2026-08-22T11:50:09,Van,5,2.0,2466.9,Hybrid,19.110409,72.861154,49.3,1.2,4500.0,3,50.0,0.0,64.6,-0.31,Highway,Low,28.0,0.098,0,35.74,3.6,7.31,normal
V011,2026-08-22T11:50:10,Van,5,2.0,2466.9,Hybrid,19.11053,72.861252,48.7,-0.17,4500.0,3,15.7,0.0,45.0,0.23,Highway,Low,29.1,0.112,0,35.74,3.61,7.42,normal
V011,2026-08-22T11:50:11,Van,5,2.0,2466.9,Hybrid,19.110657,72.861354,50.8,0.59,4500.0,3,34.9,0.0,55.6,-0.2,Highway,Low,26.1,0.126,0,35.74,3.72,7.32,normal
V011,2026-08-22T11:50:12,Van,5,2.0,2466.9,Hybrid,19.110774,72.861447,46.5,-1.2,4500.0,3,0.0,36.0,35.6,0.24,Highway,Low,26.9,0.139,0,35.74,3.42,7.34,normal
V011,2026-08-22T11:50:13,Van,5,2.0,2466.9,Hybrid,19.110901,72.861548,50.8,1.2,4500.0,3,50.0,0.0,66.8,0.68,Highway,Low,23.0,0.153,0,35.74,3.82,7.52,normal
V011,2026-08-22T11:50:14,Van,5,2.0,2466.9,Hybrid,19.111039,72.861658,55.1,1.2,4500.0,4,50.0,0.0,67.2,0.82,Highway,Low,27.8,0.168,0,35.74,4.09,7.42,normal
V011,2026-08-22T11:50:15,Van,5,2.0,2466.9,Hybrid,19.111166,72.86176,50.8,-1.2,4500.0,3,0.0,36.0,34.8,-0.14,Highway,Low,28.2,0.182,0,35.74,3.67,7.21,normal
V011,2026-08-22T11:50:16,Van,5,2.0,2466.9,Hybrid,19.111304,72.86187,55.1,1.2,4500.0,4,50.0,0.0,64.2,-0.56,Highway,Low,26.5,0.198,0,35.74,3.76,6.83,normal
V011,2026-08-22T11:50:17,Van,5,2.0,2466.9,Hybrid,19.111452,72.861989,59.5,1.2,4500.0,4,50.0,0.0,67.8,1.06,Highway,Low,29.5,0.214,0,35.73,4.54,7.64,normal
V011,2026-08-22T11:50:18,Van,5,2.0,2466.9,Hybrid,19.11159,72.8621,55.1,-1.2,4500.0,4,0.0,36.0,37.4,0.9,Highway,Low,29.0,0.23,0,35.73,4.15,7.53,normal
V011,2026-08-22T11:50:19,Van,5,2.0,2466.9,Hybrid,19.111722,72.862205,52.7,-0.68,4500.0,4,3.0,20.4,40.0,1.21,Highway,Low,29.9,0.244,0,35.73,4.04,7.67,normal
V011,2026-08-22T11:50:20,Van,5,2.0,2466.9,Hybrid,19.111843,72.862302,48.4,-1.2,4500.0,3,0.0,36.0,33.9,-0.78,Highway,Low,28.0,0.258,0,35.73,3.28,6.79,normal
V011,2026-08-22T11:50:21,Van,5,2.0,2466.9,Hybrid,19.111953,72.86239,44.1,-1.2,4500.0,3,0.0,36.0,34.8,-0.16,Highway,Low,29.4,0.27,0,35.73,3.19,7.25,normal
V011,2026-08-22T11:50:22,Van,5,2.0,2466.9,Hybrid,19.112074,72.862487,48.4,1.2,4500.0,3,50.0,0.0,65.7,0.26,Highway,Low,27.5,0.283,0,35.73,3.48,7.2,normal
V011,2026-08-22T11:50:23,Van,5,2.0,2466.9,Hybrid,19.112184,72.862575,44.1,-1.2,4500.0,3,0.0,36.0,37.5,0.95,Highway,Low,28.9,0.296,0,35.73,3.46,7.86,normal
V011,2026-08-22T11:50:24,Van,5,2.0,2466.9,Hybrid,19.112283,72.862654,39.7,-1.2,4500.0,3,0.0,36.0,34.8,-0.18,Highway,Low,28.2,0.307,0,35.73,3.07,7.72,normal
V011,2026-08-22T11:50:25,Van,5,2.0,2466.9,Hybrid,19.112372,72.862725,35.4,-1.2,4500.0,3,0.0,36.0,34.6,-0.3,Highway,Low,29.6,0.316,0,35.73,2.66,7.5,normal
V011,2026-08-22T11:50:26,Van,5,2.0,2466.9,Hybrid,19.112471,72.862805,39.7,1.2,4500.0,3,50.0,0.0,63.5,-1.04,Highway,Low,31.9,0.327,0,35.73,2.9,7.31,normal
V011,2026-08-22T11:50:27,Van,5,2.0,2466.9,Hybrid,19.11256,72.862875,35.4,-1.2,4500.0,3,0.0,36.0,35.1,0.04,Highway,Low,27.5,0.337,0,35.73,2.82,7.96,normal
V011,2026-08-22T11:50:28,Van,5,2.0,2466.9,Hybrid,19.112637,72.862938,31.1,-1.2,4500.0,2,0.0,36.0,35.9,0.34,Highway,Low,24.7,0.346,0,35.72,2.56,8.25,normal
V011,2026-08-22T11:50:29,Van,5,2.0,2466.9,Hybrid,19.112715,72.862999,30.9,-0.06,4500.0,2,18.4,0.0,49.9,1.48,Highway,Low,25.2,0.354,0,35.72,2.76,8.96,normal
V011,2026-08-22T11:50:30,Van,5,2.0,2466.9,Hybrid,19.112781,72.863052,26.5,-1.2,4500.0,2,0.0,36.0,33.0,-1.4,Highway,Low,29.7,0.362,0,35.72,2.26,8.5,normal
V011,2026-08-22T11:50:31,Van,5,2.0,2466.9,Hybrid,19.112837,72.863097,22.2,-1.2,4500.0,2,0.0,36.0,34.9,-0.04,Highway,Low,29.7,0.368,0,35.72,1.95,8.78,normal
V011,2026-08-22T11:50:32,Van,5,2.0,2466.9,Hybrid,19.112903,72.86315,26.5,1.2,4500.0,2,50.0,0.0,65.3,0.1,Highway,Low,27.4,0.375,0,35.72,2.31,8.71,normal
V011,2026-08-22T11:50:33,Van,5,2.0,2466.9,Hybrid,19.11298,72.863212,30.9,1.2,4500.0,2,50.0,0.0,65.0,0.0,Highway,Low,28.2,0.384,0,35.72,2.52,8.17,normal
V011,2026-08-22T11:50:34,Van,5,2.0,2466.9,Hybrid,19.113068,72.863282,35.2,1.2,4500.0,3,50.0,0.0,66.6,0.6,Highway,Low,28.7,0.394,0,35.72,2.86,8.14,normal
V011,2026-08-22T11:50:35,Van,5,2.0,2466.9,Hybrid,19.113167,72.863361,39.5,1.2,4500.0,3,50.0,0.0,64.1,-0.61,Highway,Low,28.5,0.405,0,35.72,2.9,7.33,normal
V011,2026-08-22T11:50:36,Van,5,2.0,2466.9,Hybrid,19.113255,72.863431,35.2,-1.2,4500.0,3,0.0,36.0,36.0,0.37,Highway,Low,28.6,0.414,0,35.72,2.81,7.98,normal
V011,2026-08-22T11:50:37,Van,5,2.0,2466.9,Hybrid,19.113339,72.863498,33.6,-0.45,4500.0,2,8.8,13.5,39.6,-0.45,Highway,Low,28.1,0.424,0,35.72,2.56,7.64,normal
V011,2026-08-22T11:50:38,Van,5,2.0,2466.9,Hybrid,19.113433,72.863574,37.9,1.2,4500.0,3,50.0,0.0,66.7,0.65,Highway,Low,29.8,0.434,0,35.72,3.06,8.08,normal
V011,2026-08-22T11:50:39,Van,5,2.0,2466.9,Hybrid,19.113539,72.863659,42.2,1.2,4500.0,3,50.0,0.0,66.4,0.52,Highway,Low,26.1,0.446,0,35.72,3.35,7.94,normal
V011,2026-08-22T11:50:40,Van,5,2.0,2466.9,Hybrid,19.113634,72.863734,37.9,-1.2,4500.0,3,0.0,36.0,38.4,1.29,Highway,Low,29.4,0.457,0,35.72,3.06,8.08,normal
V011,2026-08-22T11:50:41,Van,5,2.0,2466.9,Hybrid,19.113717,72.863802,33.6,-1.2,4500.0,2,0.0,36.0,36.6,0.6,Highway,Low,27.2,0.466,0,35.71,2.69,8.02,normal
V011,2026-08-22T11:50:42,Van,5,2.0,2466.9,Hybrid,19.113812,72.863877,37.9,1.2,4500.0,3,50.0,0.0,64.2,-0.59,Highway,Low,27.6,0.476,0,35.71,2.85,7.51,normal
V011,2026-08-22T11:50:43,Van,5,2.0,2466.9,Hybrid,19.113896,72.863944,33.6,-1.2,4500.0,2,0.0,36.0,35.0,0.01,Highway,Low,28.1,0.486,0,35.71,2.64,7.88,normal
V011,2026-08-22T11:50:44,Van,5,2.0,2466.9,Hybrid,19.113991,72.86402,37.9,1.2,4500.0,3,50.0,0.0,64.5,-0.33,Highway,Low,29.3,0.496,0,35.71,2.97,7.85,normal
V011,2026-08-22T11:50:45,Van,5,2.0,2466.9,Hybrid,19.114096,72.864105,42.2,1.2,4500.0,3,50.0,0.0,62.7,-1.63,Highway,Low,29.2,0.508,0,35.71,2.99,7.1,normal
V011,2026-08-22T11:50:46,Van,5,2.0,2466.9,Hybrid,19.114213,72.864198,46.5,1.2,4500.0,3,50.0,0.0,64.0,-0.69,Highway,Low,29.6,0.521,0,35.71,3.38,7.26,normal
V011,2026-08-22T11:50:47,Van,5,2.0,2466.9,Hybrid,19.11434,72.864299,50.8,1.2,4500.0,3,50.0,0.0,64.7,-0.2,Highway,Low,27.0,0.535,0,35.71,3.57,7.03,normal
V011,2026-08-22T11:50:48,Van,5,2.0,2466.9,Hybrid,19.114456,72.864392,46.5,-1.2,4500.0,3,0.0,36.0,32.9,-1.49,Highway,Low,28.6,0.548,0,35.71,3.18,6.83,normal
V011,2026-08-22T11:50:49,Van,5,2.0,2466.9,Hybrid,19.114583,72.864494,50.8,1.2,4500.0,3,50.0,0.0,66.5,0.56,Highway,Low,28.2,0.562,0,35.71,3.89,7.65,normal
V011,2026-08-22T11:50:50,Van,5,2.0,2466.9,Hybrid,19.1147,72.864587,46.5,-1.2,4500.0,3,0.0,36.0,34.7,-0.2,Highway,Low,28.7,0.575,0,35.71,3.33,7.16,normal
V011,2026-08-22T11:50:51,Van,5,2.0,2466.9,Hybrid,19.114811,72.864677,44.7,-0.52,4500.0,3,7.0,15.6,38.9,-0.19,Highway,Low,27.7,0.587,0,35.71,3.27,7.33,normal
V011,2026-08-22T11:50:52,Van,5,2.0,2466.9,Hybrid,19.114934,72.864774,49.0,1.2,4500.0,3,50.0,0.0,62.7,-1.65,Highway,Low,27.9,0.601,0,35.7,3.26,6.65,normal
V011,2026-08-22T11:50:53,Van,5,2.0,2466.9,Hybrid,19.115067,72.864881,53.3,1.2,4500.0,4,50.0,0.0,65.5,0.18,Highway,Low,30.9,0.616,0,35.7,3.8,7.12,normal
V011,2026-08-22T11:50:54,Van,5,2.0,2466.9,Hybrid,19.115189,72.864979,49.0,-1.2,4500.0,3,0.0,36.0,36.1,0.42,Highway,Low,28.0,0.629,0,35.7,3.77,7.69,normal
V011,2026-08-22T11:50:55,Van,5,2.0,2466.9,Hybrid,19.115301,72.865068,44.7,-1.2,4500.0,3,0.0,36.0,36.0,0.36,Highway,Low,28.4,0.642,0,35.7,3.37,7.54,normal
V011,2026-08-22T11:50:56,Van,5,2.0,2466.9,Hybrid,19.115414,72.865159,45.2,0.16,4500.0,3,24.1,0.0,47.2,-1.58,Highway,Low,28.5,0.654,0,35.7,3.04,6.73,normal
V011,2026-08-22T11:50:57,Van,5,2.0,2466.9,Hybrid,19.115516,72.865241,40.9,-1.2,4500.0,3,0.0,36.0,37.0,0.77,Highway,Low,29.2,0.666,0,35.7,3.41,8.33,normal
V011,2026-08-22T11:50:58,Van,5,2.0,2466.9,Hybrid,19.115629,72.865331,45.2,1.2,4500.0,3,50.0,0.0,64.6,-0.26,Highway,Low,28.9,0.678,0,35.7,3.22,7.12,normal
V011,2026-08-22T11:50:59,Van,5,2.0,2466.9,Hybrid,19.115741,72.86542,44.5,-0.19,4500.0,3,15.2,0.0,48.1,1.52,Highway,Low,28.0,0.691,0,35.7,3.59,8.07,normal
V011,2026-08-22T11:51:00,Van,5,2.0,2466.9,Hybrid,19.115863,72.865518,48.9,1.2,4500.0,3,50.0,0.0,64.7,-0.24,Highway,Low,28.5,0.704,0,35.7,3.56,7.29,normal
V011,2026-08-22T11:51:01,Van,5,2.0,2466.9,Hybrid,19.115995,72.865624,52.9,1.11,4500.0,4,47.7,0.0,65.9,0.86,Highway,Low,26.8,0.719,0,35.7,4.01,7.59,normal
V011,2026-08-22T11:51:02,Van,5,2.0,2466.9,Hybrid,19.116116,72.865721,48.5,-1.2,4500.0,3,0.0,36.0,34.5,-0.35,Highway,Low,24.5,0.732,0,35.7,3.41,7.02,normal
V011,2026-08-22T11:51:03,Van,5,2.0,2466.9,Hybrid,19.116249,72.865826,52.9,1.2,4500.0,4,50.0,0.0,63.7,-0.94,Highway,Low,29.6,0.747,0,35.69,3.54,6.71,normal
V011,2026-08-22T11:51:04,Van,5,2.0,2466.9,Hybrid,19.11637,72.865923,48.5,-1.2,4500.0,3,0.0,36.0,34.5,-0.34,Highway,Low,29.7,0.761,0,35.69,3.42,7.04,normal
V011,2026-08-22T11:51:05,Van,5,2.0,2466.9,Hybrid,19.116502,72.866029,52.9,1.2,4500.0,4,50.0,0.0,63.4,-1.14,Highway,Low,28.2,0.775,0,35.69,3.56,6.74,normal
V011,2026-08-22T11:51:06,Van,5,2.0,2466.9,Hybrid,19.116623,72.866126,48.5,-1.2,4500.0,3,0.0,36.0,36.1,0.43,Highway,Low,26.3,0.789,0,35.69,3.45,7.12,normal
V011,2026-08-22T11:51:07,Van,5,2.0,2466.9,Hybrid,19.116745,72.866224,48.7,0.06,4500.0,3,21.5,0.0,46.3,-1.13,Highway,Low,30.4,0.802,0,35.69,3.36,6.9,normal
V011,2026-08-22T11:51:08,Van,5,2.0,2466.9,Hybrid,19.116863,72.866318,47.3,-0.4,4500.0,3,10.0,12.1,40.6,-0.3,Highway,Low,25.1,0.815,0,35.69,3.35,7.09,normal
V011,2026-08-22T11:51:09,Van,5,2.0,2466.9,Hybrid,19.116971,72.866404,43.0,-1.2,4500.0,3,0.0,36.0,35.3,0.13,Highway,Low,27.7,0.827,0,35.69,3.27,7.61,normal
V011,2026-08-22T11:51:10,Van,5,2.0,2466.9,Hybrid,19.117089,72.866499,47.3,1.2,4500.0,3,50.0,0.0,68.4,1.29,Highway,Low,26.0,0.841,0,35.69,3.76,7.96,normal
V011,2026-08-22T11:51:11,Van,5,2.0,2466.9,Hybrid,19.117197,72.866585,43.0,-1.2,4500.0,3,0.0,36.0,34.4,-0.46,Highway,Low,27.1,0.852,0,35.69,3.1,7.21,normal
V011,2026-08-22T11:51:12,Van,5,2.0,2466.9,Hybrid,19.1173,72.866667,41.2,-0.49,4500.0,3,7.8,14.6,37.7,-1.45,Highway,Low,29.2,0.864,0,35.69,2.99,7.25,normal
V011,2026-08-22T11:51:13,Van,5,2.0,2466.9,Hybrid,19.117394,72.866742,37.5,-1.03,4500.0,3,0.0,30.8,35.1,0.03,Highway,Low,32.7,0.874,0,35.68,2.85,7.58,normal
V011,2026-08-22T11:51:14,Van,5,2.0,2466.9,Hybrid,19.117477,72.866809,33.2,-1.2,4500.0,2,0.0,36.0,37.8,1.08,Highway,Low,26.1,0.884,0,35.68,2.82,8.5,normal
V011,2026-08-22T11:51:15,Van,5,2.0,2466.9,Hybrid,19.11757,72.866884,37.5,1.2,4500.0,3,50.0,0.0,65.8,0.29,Highway,Low,27.0,0.894,0,35.68,3.04,8.09,normal
V011,2026-08-22T11:51:16,Van,5,2.0,2466.9,Hybrid,19.117675,72.866968,41.9,1.2,4500.0,3,50.0,0.0,64.3,-0.49,Highway,Low,30.2,0.906,0,35.68,3.01,7.19,normal
V011,2026-08-22T11:51:17,Van,5,2.0,2466.9,Hybrid,19.11778,72.867052,42.1,0.06,4500.0,3,21.5,0.0,46.7,-0.83,Highway,Low,23.6,0.917,0,35.68,3.09,7.35,normal
V011,2026-08-22T11:51:18,Van,5,2.0,2466.9,Hybrid,19.117896,72.867144,46.4,1.2,4500.0,3,50.0,0.0,65.9,0.35,Highway,Low,26.0,0.93,0,35.68,3.35,7.23,normal
V011,2026-08-22T11:51:19,Van,5,2.0,2466.9,Hybrid,19.118005,72.867231,43.4,-0.84,4500.0,3,0.0,25.3,37.2,0.84,Highway,Low,30.0,0.942,0,35.68,3.43,7.91,normal
V011,2026-08-22T11:51:20,Van,5,2.0,2466.9,Hybrid,19.118124,72.867327,47.7,1.2,4500.0,3,50.0,0.0,67.5,0.94,Highway,Low,27.4,0.955,0,35.68,3.76,7.89,normal
V011,2026-08-22T11:51:21,Van,5,2.0,2466.9,Hybrid,19.118232,72.867413,43.4,-1.2,4500.0,3,0.0,36.0,35.8,0.32,Highway,Low,28.9,0.968,0,35.68,3.38,7.79,normal
V011,2026-08-22T11:51:22,Van,5,2.0,2466.9,Hybrid,19.118351,72.867509,47.7,1.2,4500.0,3,50.0,0.0,64.3,-0.48,Highway,Low,28.2,0.981,0,35.68,3.38,7.1,normal
V011,2026-08-22T11:51:23,Van,5,2.0,2466.9,Hybrid,19.118481,72.867613,52.0,1.2,4500.0,3,50.0,0.0,64.6,-0.3,Highway,Low,28.2,0.995,0,35.68,3.71,7.14,normal
V011,2026-08-22T11:51:24,Van,5,2.0,2466.9,Hybrid,19.1186,72.867708,47.7,-1.2,4500.0,3,0.0,36.0,36.2,0.46,Highway,Low,28.0,1.008,0,35.67,3.6,7.56,normal
V011,2026-08-22T11:51:25,Van,5,2.0,2466.9,Hybrid,19.11873,72.867812,52.0,1.2,4500.0,3,50.0,0.0,64.2,-0.55,Highway,Low,28.6,1.023,0,35.67,3.69,7.11,normal
V011,2026-08-22T11:51:26,Van,5,2.0,2466.9,Hybrid,19.11885,72.867907,47.7,-1.2,4500.0,3,0.0,36.0,34.0,-0.71,Highway,Low,27.9,1.036,0,35.67,3.39,7.12,normal
V011,2026-08-22T11:51:27,Van,5,2.0,2466.9,Hybrid,19.11896,72.867996,44.2,-0.95,4500.0,3,0.0,28.6,33.1,-1.35,Highway,Low,25.9,1.048,0,35.67,3.08,6.96,normal
V011,2026-08-22T11:51:28,Van,5,2.0,2466.9,Hybrid,19.119082,72.868093,48.6,1.2,4500.0,3,50.0,0.0,66.2,0.47,Highway,Low,27.4,1.062,0,35.67,3.62,7.46,normal
V011,2026-08-22T11:51:29,Van,5,2.0,2466.9,Hybrid,19.119209,72.868194,50.8,0.61,4500.0,3,35.3,0.0,55.9,-0.17,Highway,Low,28.0,1.076,0,35.67,3.63,7.16,normal
V011,2026-08-22T11:51:30,Van,5,2.0,2466.9,Hybrid,19.119346,72.868305,55.1,1.2,4500.0,4,50.0,0.0,66.8,0.68,Highway,Low,29.9,1.091,0,35.67,3.99,7.24,normal
V011,2026-08-22T11:51:31,Van,5,2.0,2466.9,Hybrid,19.119495,72.868423,59.4,1.2,4500.0,4,50.0,0.0,63.2,-1.26,Highway,Low,28.7,1.108,0,35.67,3.8,6.39,normal
V011,2026-08-22T11:51:32,Van,5,2.0,2466.9,Hybrid,19.119654,72.868551,63.7,1.2,4500.0,4,50.0,0.0,65.6,0.22,Highway,Low,29.9,1.126,0,35.67,4.58,7.18,normal
V011,2026-08-22T11:51:33,Van,5,2.0,2466.9,Hybrid,19.119803,72.86867,59.4,-1.2,4500.0,4,0.0,36.0,35.5,0.21,Highway,Low,26.5,1.142,0,35.67,4.26,7.18,normal
V011,2026-08-22T11:51:34,Van,5,2.0,2466.9,Hybrid,19.11994,72.86878,55.1,-1.2,4500.0,4,0.0,36.0,33.8,-0.89,Highway,Low,26.2,1.157,0,35.66,3.86,7.01,normal
V011,2026-08-22T11:51:35,Van,5,2.0,2466.9,Hybrid,19.120089,72.868899,59.4,1.2,4500.0,4,50.0,0.0,65.9,0.36,Highway,Low,28.3,1.174,0,35.66,4.31,7.26,normal
V011,2026-08-22T11:51:36,Van,5,2.0,2466.9,Hybrid,19.120248,72.869026,63.7,1.2,4500.0,4,50.0,0.0,67.8,1.06,Highway,Low,30.7,1.192,0,35.66,4.95,7.76,normal
V011,2026-08-22T11:51:37,Van,5,2.0,2466.9,Hybrid,19.120412,72.869157,65.6,0.52,4500.0,4,33.0,0.0,58.9,1.58,Highway,Low,30.6,1.21,0,35.66,5.11,7.8,normal
V011,2026-08-22T11:51:38,Van,5,2.0,2466.9,Hybrid,19.120565,72.86928,61.3,-1.2,4500.0,4,0.0,36.0,36.9,0.73,Highway,Low,27.7,1.227,0,35.66,4.46,7.27,normal
V011,2026-08-22T11:51:39,Van,5,2.0,2466.9,Hybrid,19.120708,72.869394,57.0,-1.2,4500.0,4,0.0,36.0,34.6,-0.32,Highway,Low,29.6,1.243,0,35.66,4.12,7.24,normal
V011,2026-08-22T11:51:40,Van,5,2.0,2466.9,Hybrid,19.120839,72.869499,52.6,-1.2,4500.0,4,0.0,36.0,34.6,-0.26,Highway,Low,26.1,1.257,0,35.66,3.79,7.2,normal
V011,2026-08-22T11:51:41,Van,5,2.0,2466.9,Hybrid,19.120982,72.869613,57.0,1.2,4500.0,4,50.0,0.0,68.7,1.41,Highway,Low,28.9,1.273,0,35.66,4.48,7.87,normal
V011,2026-08-22T11:51:42,Van,5,2.0,2466.9,Hybrid,19.12112,72.869723,55.3,-0.45,4500.0,4,8.7,13.6,37.2,-2.14,Highway,Low,26.4,1.288,0,35.65,3.54,6.39,normal
V011,2026-08-22T11:51:43,Van,5,2.0,2466.9,Hybrid,19.121247,72.869825,51.0,-1.2,4500.0,3,0.0,36.0,33.9,-0.76,Highway,Low,27.4,1.303,0,35.65,3.61,7.08,normal
V011,2026-08-22T11:51:44,Van,5,2.0,2466.9,Hybrid,19.121364,72.869919,46.7,-1.2,4500.0,3,0.0,36.0,32.9,-1.47,Highway,Low,29.7,1.316,0,35.65,3.24,6.95,normal
V011,2026-08-22T11:51:45,Van,5,2.0,2466.9,Hybrid,19.12147,72.870004,42.4,-1.2,4500.0,3,0.0,36.0,33.9,-0.8,Highway,Low,28.6,1.327,0,35.65,3.1,7.31,normal
V011,2026-08-22T11:51:46,Van,5,2.0,2466.9,Hybrid,19.121587,72.870097,46.7,1.2,4500.0,3,50.0,0.0,65.5,0.2,Highway,Low,28.4,1.34,0,35.65,3.54,7.58,normal
V011,2026-08-22T11:51:47,Van,5,2.0,2466.9,Hybrid,19.121706,72.870192,47.6,0.25,4500.0,3,26.3,0.0,52.9,0.79,Highway,Low,26.9,1.353,0,35.65,3.7,7.77,normal
V011,2026-08-22T11:51:48,Van,5,2.0,2466.9,Hybrid,19.121814,72.870279,43.3,-1.2,4500.0,3,0.0,36.0,37.9,1.11,Highway,Low,28.5,1.365,0,35.65,3.42,7.89,normal
V011,2026-08-22T11:51:49,Van,5,2.0,2466.9,Hybrid,19.121933,72.870374,47.6,1.2,4500.0,3,50.0,0.0,65.4,0.14,Highway,Low,26.9,1.379,0,35.65,3.42,7.18,normal
V011,2026-08-22T11:51:50,Van,5,2.0,2466.9,Hybrid,19.122061,72.870476,51.2,0.99,4500.0,3,44.8,0.0,62.5,0.24,Highway,Low,29.9,1.393,0,35.65,3.78,7.39,normal
V011,2026-08-22T11:51:51,Van,5,2.0,2466.9,Hybrid,19.122178,72.87057,46.9,-1.2,4500.0,3,0.0,36.0,34.8,-0.17,Highway,Low,29.3,1.406,0,35.65,3.33,7.1,normal
V011,2026-08-22T11:51:52,Van,5,2.0,2466.9,Hybrid,19.122284,72.870655,42.5,-1.2,4500.0,3,0.0,36.0,33.7,-0.95,Highway,Low,27.6,1.418,0,35.64,3.03,7.13,normal
V011,2026-08-22T11:51:53,Van,5,2.0,2466.9,Hybrid,19.122396,72.870745,44.8,0.64,4500.0,3,36.0,0.0,56.0,-0.42,Highway,Low,28.4,1.43,0,35.64,3.29,7.35,normal
V011,2026-08-22T11:51:54,Van,5,2.0,2466.9,Hybrid,19.122519,72.870843,49.2,1.2,4500.0,3,49.9,0.0,65.8,0.32,Highway,Low,28.2,1.444,0,35.64,3.73,7.59,normal
V011,2026-08-22T11:51:55,Van,5,2.0,2466.9,Hybrid,19.122653,72.87095,53.5,1.2,4500.0,4,50.0,0.0,64.0,-0.72,Highway,Low,29.2,1.459,0,35.64,3.62,6.77,normal
V011,2026-08-22T11:51:56,Van,5,2.0,2466.9,Hybrid,19.122776,72.871048,49.2,-1.2,4500.0,3,0.0,36.0,35.1,0.05,Highway,Low,29.0,1.472,0,35.64,3.43,6.99,normal
V011,2026-08-22T11:51:57,Van,5,2.0,2466.9,Hybrid,19.12291,72.871155,53.5,1.2,4500.0,4,50.0,0.0,67.5,0.97,Highway,Low,28.9,1.487,0,35.64,3.97,7.42,normal
V011,2026-08-22T11:51:58,Van,5,2.0,2466.9,Hybrid,19.123032,72.871254,49.2,-1.2,4500.0,3,0.0,36.0,37.6,0.98,Highway,Low,26.4,1.501,0,35.64,3.87,7.87,normal
V011,2026-08-22T11:51:59,Van,5,2.0,2466.9,Hybrid,19.123145,72.871343,44.8,-1.2,4500.0,3,0.0,36.0,35.7,0.26,Highway,Low,27.9,1.513,0,35.64,3.24,7.22,normal
V011,2026-08-22T13:50:00,Van,5,2.0,3287.7,Hybrid,19.101017,72.86357,40.3,-0.16,4500.0,2,86.9,0.0,70.8,1.5,Highway,Medium,27.9,0.011,0,61.89,10.12,25.14,excessive_revving
V011,2026-08-22T13:50:01,Van,5,2.0,3287.7,Hybrid,19.101117,72.863649,39.8,-0.14,4500.0,2,77.3,0.0,89.5,-0.25,Highway,Medium,27.7,0.022,0,61.89,10.0,25.14,excessive_revving
V011,2026-08-22T13:50:02,Van,5,2.0,3287.7,Hybrid,19.101213,72.863726,38.6,-0.33,4500.0,2,70.6,0.0,86.8,0.07,Highway,Medium,27.7,0.033,0,61.89,9.7,25.14,excessive_revving
V011,2026-08-22T13:50:03,Van,5,2.0,3287.7,Hybrid,19.10131,72.863804,38.7,0.02,4500.0,2,88.4,0.0,86.6,0.73,Highway,Medium,28.7,0.044,0,61.89,9.72,25.14,excessive_revving
V011,2026-08-22T13:50:04,Van,5,2.0,3287.7,Hybrid,19.101407,72.863881,38.7,-0.0,4500.0,2,84.9,0.0,73.3,0.25,Highway,Medium,26.5,0.054,0,61.88,9.72,25.14,excessive_revving
V011,2026-08-22T13:50:05,Van,5,2.0,3287.7,Hybrid,19.101501,72.863957,37.9,-0.22,4500.0,2,85.7,0.0,87.8,1.53,Highway,Medium,27.5,0.065,0,61.88,9.52,25.14,excessive_revving
V011,2026-08-22T13:50:06,Van,5,2.0,3287.7,Hybrid,19.101596,72.864033,37.8,-0.01,4500.0,2,83.1,0.0,78.2,0.36,Highway,Medium,28.6,0.075,0,61.88,9.51,25.14,excessive_revving
V011,2026-08-22T13:50:07,Van,5,2.0,3287.7,Hybrid,19.101686,72.864105,36.1,-0.48,4500.0,2,87.3,0.0,81.3,0.06,Highway,Medium,27.7,0.085,0,61.88,9.08,25.14,excessive_revving
V011,2026-08-22T13:50:08,Van,5,2.0,3287.7,Hybrid,19.101776,72.864177,35.9,-0.07,4500.0,2,88.2,0.0,81.0,1.22,Highway,Medium,28.3,0.095,0,61.87,9.02,25.14,excessive_revving
V011,2026-08-22T13:50:09,Van,5,2.0,3287.7,Hybrid,19.10186,72.864244,33.8,-0.58,4500.0,1,78.2,0.0,76.4,-0.44,Highway,Medium,27.0,0.105,0,61.87,8.49,25.14,excessive_revving
V011,2026-08-22T13:50:10,Van,5,2.0,3287.7,Hybrid,19.101944,72.864311,33.4,-0.1,4500.0,1,88.9,0.0,70.4,0.16,Highway,Medium,26.6,0.114,0,61.87,8.4,25.14,excessive_revving
V011,2026-08-22T13:50:11,Van,5,2.0,3287.7,Hybrid,19.102032,72.864382,35.3,0.53,4500.0,2,87.8,0.0,84.3,-0.12,Highway,Medium,26.9,0.124,0,61.87,8.88,25.14,excessive_revving
V011,2026-08-22T13:50:12,Van,5,2.0,3287.7,Hybrid,19.10212,72.864452,35.1,-0.07,4500.0,2,65.2,0.0,72.7,0.45,Highway,Medium,27.3,0.134,0,61.86,8.81,25.14,excessive_revving
V011,2026-08-22T13:50:13,Van,5,2.0,3287.7,Hybrid,19.102208,72.864522,35.2,0.03,4500.0,2,78.2,0.0,89.9,0.11,Highway,Medium,28.0,0.143,0,61.86,8.85,25.14,excessive_revving
V011,2026-08-22T13:50:14,Van,5,2.0,3287.7,Hybrid,19.102296,72.864592,35.2,0.0,4500.0,2,68.8,0.0,88.7,-0.93,Highway,Medium,27.5,0.153,0,61.86,8.85,25.14,excessive_revving
V011,2026-08-22T13:50:15,Van,5,2.0,3287.7,Hybrid,19.102379,72.864659,33.3,-0.52,4500.0,1,88.7,0.0,73.8,0.11,Highway,Medium,25.2,0.162,0,61.86,8.37,25.14,excessive_revving
V011,2026-08-22T13:50:16,Van,5,2.0,3287.7,Hybrid,19.102462,72.864725,33.1,-0.06,4500.0,1,82.8,0.0,85.1,-1.31,Highway,Medium,28.7,0.172,0,61.85,8.32,25.14,excessive_revving
V011,2026-08-22T13:50:17,Van,5,2.0,3287.7,Hybrid,19.102545,72.864792,33.3,0.05,4500.0,1,85.7,0.0,79.1,0.96,Highway,Medium,28.2,0.181,0,61.85,8.37,25.14,excessive_revving
V011,2026-08-22T13:50:18,Van,5,2.0,3287.7,Hybrid,19.102628,72.864859,33.4,0.03,4500.0,1,79.3,0.0,87.9,0.54,Highway,Medium,28.7,0.19,0,61.85,8.39,25.14,excessive_revving
V011,2026-08-22T13:50:19,Van,5,2.0,3287.7,Hybrid,19.10271,72.864924,32.5,-0.24,4500.0,1,73.0,0.0,79.0,-0.99,Highway,Medium,27.8,0.199,0,61.85,8.17,25.14,excessive_revving
V011,2026-08-22T13:50:20,Van,5,2.0,3287.7,Hybrid,19.102789,72.864987,31.6,-0.25,4500.0,1,83.6,0.0,77.4,0.22,Highway,Medium,28.5,0.208,0,61.84,7.94,25.14,excessive_revving
V011,2026-08-22T13:50:21,Van,5,2.0,3287.7,Hybrid,19.102869,72.865052,32.4,0.22,4500.0,1,85.8,0.0,79.5,-0.86,Highway,Medium,26.2,0.217,0,61.84,8.14,25.14,excessive_revving
V011,2026-08-22T13:50:22,Van,5,2.0,3287.7,Hybrid,19.102951,72.865117,32.7,0.09,4500.0,1,79.3,0.0,76.2,0.08,Highway,Medium,30.1,0.226,0,61.84,8.22,25.14,excessive_revving
V011,2026-08-22T13:50:23,Van,5,2.0,3287.7,Hybrid,19.103032,72.865182,32.4,-0.07,4500.0,1,83.1,0.0,88.2,1.38,Highway,Medium,28.6,0.235,0,61.84,8.15,25.14,excessive_revving
V011,2026-08-22T13:50:24,Van,5,2.0,3287.7,Hybrid,19.103111,72.865245,31.7,-0.22,4500.0,1,84.8,0.0,84.2,-1.7,Highway,Medium,28.5,0.244,0,61.84,7.96,25.14,excessive_revving
V011,2026-08-22T13:50:25,Van,5,2.0,3287.7,Hybrid,19.103188,72.865306,30.7,-0.26,4500.0,1,79.9,0.0,73.4,-0.52,Highway,Medium,27.7,0.252,0,61.83,7.72,25.14,excessive_revving
V011,2026-08-22T13:50:26,Van,5,2.0,3287.7,Hybrid,19.103263,72.865366,30.0,-0.19,4500.0,1,84.6,0.0,80.3,0.19,Highway,Medium,28.0,0.261,0,61.83,7.54,25.14,excessive_revving
V011,2026-08-22T13:50:27,Van,5,2.0,3287.7,Hybrid,19.103339,72.865427,30.5,0.14,4500.0,1,87.3,0.0,73.8,0.23,Highway,Medium,29.5,0.269,0,61.83,7.67,25.14,excessive_revving
V011,2026-08-22T13:50:28,Van,5,2.0,3287.7,Hybrid,19.103418,72.86549,31.5,0.28,4500.0,1,71.0,0.0,80.2,-0.27,Highway,Medium,26.3,0.278,0,61.83,7.92,25.14,excessive_revving
V011,2026-08-22T13:50:29,Van,5,2.0,3287.7,Hybrid,19.103499,72.865555,32.2,0.18,4500.0,1,72.5,0.0,74.0,0.51,Highway,Medium,30.6,0.287,0,61.83,8.08,25.14,excessive_revving
V011,2026-08-22T13:50:30,Van,5,2.0,3287.7,Hybrid,19.103579,72.865619,32.1,-0.0,4500.0,1,83.0,0.0,71.7,-0.51,Highway,Medium,23.2,0.296,0,61.82,8.08,25.14,excessive_revving
V011,2026-08-22T13:50:31,Van,5,2.0,3287.7,Hybrid,19.103657,72.865681,31.2,-0.27,4500.0,1,65.9,0.0,77.8,-0.34,Highway,Medium,29.5,0.304,0,61.82,7.84,25.14,excessive_revving
V011,2026-08-22T13:50:32,Van,5,2.0,3287.7,Hybrid,19.103737,72.865745,32.0,0.22,4500.0,1,72.7,0.0,85.3,-0.88,Highway,Medium,29.8,0.313,0,61.82,8.03,25.14,excessive_revving
V011,2026-08-22T13:50:33,Van,5,2.0,3287.7,Hybrid,19.103811,72.865805,29.8,-0.61,4500.0,1,70.7,0.0,77.3,-0.13,Highway,Medium,29.2,0.322,0,61.82,7.48,25.14,excessive_revving
V011,2026-08-22T13:50:34,Van,5,2.0,3287.7,Hybrid,19.103888,72.865866,30.7,0.25,4500.0,1,73.0,0.0,82.6,-0.17,Highway,Medium,27.5,0.33,0,61.81,7.71,25.14,excessive_revving
V011,2026-08-22T13:50:35,Van,5,2.0,3287.7,Hybrid,19.103964,72.865927,30.5,-0.05,4500.0,1,87.2,0.0,79.9,0.61,Highway,Medium,29.0,0.339,0,61.81,7.67,25.14,excessive_revving
V011,2026-08-22T13:50:36,Van,5,2.0,3287.7,Hybrid,19.10404,72.865988,30.3,-0.07,4500.0,1,65.5,0.0,83.3,0.17,Highway,Medium,27.2,0.347,0,61.81,7.61,25.14,excessive_revving
V011,2026-08-22T13:50:37,Van,5,2.0,3287.7,Hybrid,19.104115,72.866048,30.1,-0.06,4500.0,1,88.7,0.0,78.1,-0.44,Highway,Medium,29.3,0.355,0,61.81,7.56,25.14,excessive_revving
V011,2026-08-22T13:50:38,Van,5,2.0,3287.7,Hybrid,19.104191,72.866109,30.4,0.09,4500.0,1,84.2,0.0,73.3,-0.49,Highway,Medium,29.0,0.364,0,61.81,7.64,25.14,excessive_revving
V011,2026-08-22T13:50:39,Van,5,2.0,3287.7,Hybrid,19.104268,72.866171,31.0,0.17,4500.0,1,79.2,0.0,71.4,-0.35,Highway,Medium,27.1,0.372,0,61.8,7.79,25.14,excessive_revving
V011,2026-08-22T13:50:40,Van,5,2.0,3287.7,Hybrid,19.104351,72.866237,32.9,0.54,4500.0,1,88.8,0.0,79.3,0.0,Highway,Medium,29.2,0.382,0,61.8,8.28,25.14,excessive_revving
V011,2026-08-22T13:50:41,Van,5,2.0,3287.7,Hybrid,19.104431,72.866301,32.2,-0.2,4500.0,1,72.7,0.0,74.6,0.35,Highway,Medium,28.3,0.391,0,61.8,8.09,25.14,excessive_revving
V011,2026-08-22T13:50:42,Van,5,2.0,3287.7,Hybrid,19.104508,72.866363,30.8,-0.4,4500.0,1,74.8,0.0,84.2,0.26,Highway,Medium,28.0,0.399,0,61.8,7.73,25.14,excessive_revving
V011,2026-08-22T13:50:43,Van,5,2.0,3287.7,Hybrid,19.104584,72.866423,30.3,-0.14,4500.0,1,80.9,0.0,79.6,-0.32,Highway,Medium,28.5,0.407,0,61.79,7.61,25.14,excessive_revving
V011,2026-08-22T13:50:44,Van,5,2.0,3287.7,Hybrid,19.104665,72.866488,32.5,0.61,4500.0,1,77.7,0.0,85.6,0.73,Highway,Medium,27.2,0.416,0,61.79,8.16,25.14,excessive_revving
V011,2026-08-22T13:50:45,Van,5,2.0,3287.7,Hybrid,19.104742,72.86655,30.9,-0.44,4500.0,1,87.0,0.0,75.5,-0.42,Highway,Medium,28.2,0.425,0,61.79,7.76,25.14,excessive_revving
V011,2026-08-22T13:50:46,Van,5,2.0,3287.7,Hybrid,19.104824,72.866615,32.6,0.47,4500.0,1,78.4,0.0,86.6,-0.77,Highway,Medium,29.6,0.434,0,61.79,8.19,25.14,excessive_revving
V011,2026-08-22T13:50:47,Van,5,2.0,3287.7,Hybrid,19.104908,72.866682,33.6,0.3,4500.0,1,71.0,0.0,83.8,-1.14,Highway,Medium,28.9,0.443,0,61.79,8.46,25.14,excessive_revving
V011,2026-08-22T13:50:48,Van,5,2.0,3287.7,Hybrid,19.10499,72.866748,32.7,-0.25,4500.0,1,65.3,0.0,72.1,1.66,Highway,Medium,28.1,0.453,0,61.78,8.23,25.14,excessive_revving
V011,2026-08-22T13:50:49,Van,5,2.0,3287.7,Hybrid,19.105071,72.866813,32.7,-0.01,4500.0,1,89.2,0.0,81.4,-0.51,Highway,Medium,28.2,0.462,0,61.78,8.23,25.14,excessive_revving
V011,2026-08-22T13:50:50,Van,5,2.0,3287.7,Hybrid,19.105151,72.866877,31.8,-0.25,4500.0,1,85.6,0.0,81.3,-0.65,Highway,Medium,27.9,0.47,0,61.78,8.0,25.14,excessive_revving
V011,2026-08-22T13:50:51,Van,5,2.0,3287.7,Hybrid,19.105228,72.866938,30.6,-0.33,4500.0,1,87.3,0.0,71.8,-0.15,Highway,Medium,29.2,0.479,0,61.78,7.7,25.14,excessive_revving
V011,2026-08-22T13:50:52,Van,5,2.0,3287.7,Hybrid,19.105301,72.866997,29.5,-0.31,4500.0,1,81.6,0.0,79.8,-0.02,Highway,Medium,25.9,0.487,0,61.77,7.42,25.14,excessive_revving
V011,2026-08-22T13:50:53,Van,5,2.0,3287.7,Hybrid,19.105374,72.867055,28.9,-0.18,4500.0,1,69.6,0.0,82.7,-1.2,Highway,Medium,28.9,0.495,0,61.77,7.26,25.14,excessive_revving
V011,2026-08-22T13:50:54,Van,5,2.0,3287.7,Hybrid,19.105449,72.867115,30.2,0.37,4500.0,1,86.1,0.0,88.4,0.27,Highway,Medium,28.3,0.504,0,61.77,7.59,25.14,excessive_revving
V011,2026-08-22T13:50:55,Van,5,2.0,3287.7,Hybrid,19.105525,72.867176,30.5,0.07,4500.0,1,82.8,0.0,82.9,0.48,Highway,Medium,29.1,0.512,0,61.77,7.65,25.14,excessive_revving
V011,2026-08-22T13:50:56,Van,5,2.0,3287.7,Hybrid,19.105603,72.867238,31.1,0.19,4500.0,1,66.6,0.0,82.9,0.23,Highway,Medium,29.7,0.521,0,61.77,7.83,25.14,excessive_revving
V011,2026-08-22T13:50:57,Van,5,2.0,3287.7,Hybrid,19.105678,72.867298,30.0,-0.32,4500.0,1,66.2,0.0,89.1,-1.84,Highway,Medium,26.2,0.529,0,61.76,7.54,25.14,excessive_revving
V011,2026-08-22T13:50:58,Van,5,2.0,3287.7,Hybrid,19.105758,72.867362,31.9,0.52,4500.0,1,78.1,0.0,76.0,0.83,Highway,Medium,27.6,0.538,0,61.76,8.01,25.14,excessive_revving
V011,2026-08-22T13:50:59,Van,5,2.0,3287.7,Hybrid,19.105839,72.867427,32.6,0.21,4500.0,1,66.1,0.0,89.6,1.0,Highway,Medium,28.3,0.547,0,61.76,8.2,25.14,excessive_revving
V011,2026-08-22T13:51:00,Van,5,2.0,3287.7,Hybrid,19.105919,72.867491,31.8,-0.23,4500.0,1,80.1,0.0,73.4,0.73,Highway,Medium,30.6,0.556,0,61.76,7.99,25.14,excessive_revving
V011,2026-08-22T13:51:01,Van,5,2.0,3287.7,Hybrid,19.105998,72.867555,31.8,-0.0,4500.0,1,81.3,0.0,83.4,1.4,Highway,Medium,29.0,0.565,0,61.76,7.99,25.14,excessive_revving
V011,2026-08-22T13:51:02,Van,5,2.0,3287.7,Hybrid,19.106081,72.867621,33.0,0.34,4500.0,1,74.8,0.0,78.4,0.56,Highway,Medium,29.0,0.574,0,61.75,8.3,25.14,excessive_revving
V011,2026-08-22T13:51:03,Van,5,2.0,3287.7,Hybrid,19.106163,72.867687,33.1,0.02,4500.0,1,83.4,0.0,85.4,1.58,Highway,Medium,28.1,0.583,0,61.75,8.32,25.14,excessive_revving
V011,2026-08-22T13:51:04,Van,5,2.0,3287.7,Hybrid,19.106242,72.867749,31.3,-0.5,4500.0,1,69.0,0.0,81.3,0.68,Highway,Medium,29.7,0.592,0,61.75,7.87,25.14,excessive_revving
V011,2026-08-22T13:51:05,Van,5,2.0,3287.7,Hybrid,19.106326,72.867817,33.8,0.7,4500.0,1,77.7,0.0,81.2,0.04,Highway,Medium,29.1,0.601,0,61.75,8.5,25.14,excessive_revving
V011,2026-08-22T13:51:06,Van,5,2.0,3287.7,Hybrid,19.106411,72.867885,33.9,0.02,4500.0,1,70.0,0.0,76.0,-1.69,Highway,Medium,29.0,0.61,0,61.74,8.52,25.14,excessive_revving
V011,2026-08-22T13:51:07,Van,5,2.0,3287.7,Hybrid,19.106495,72.867952,33.8,-0.03,4500.0,1,84.9,0.0,82.1,1.08,Highway,Medium,26.2,0.62,0,61.74,8.49,25.14,excessive_revving
V011,2026-08-22T13:51:08,Van,5,2.0,3287.7,Hybrid,19.106579,72.868019,33.5,-0.07,4500.0,1,73.0,0.0,89.7,0.65,Highway,Medium,27.4,0.629,0,61.74,8.43,25.14,excessive_revving
V011,2026-08-22T13:51:09,Van,5,2.0,3287.7,Hybrid,19.106666,72.868089,34.6,0.3,4500.0,1,84.8,0.0,84.4,-1.13,Highway,Medium,30.5,0.639,0,61.74,8.7,25.14,excessive_revving
V011,2026-08-22T13:51:10,Van,5,2.0,3287.7,Hybrid,19.106753,72.868158,35.0,0.1,4500.0,1,87.9,0.0,73.3,-0.66,Highway,Medium,30.6,0.649,0,61.73,8.79,25.14,excessive_revving
V011,2026-08-22T13:51:11,Van,5,2.0,3287.7,Hybrid,19.106842,72.86823,35.6,0.18,4500.0,2,80.6,0.0,76.5,0.64,Highway,Medium,27.1,0.658,0,61.73,8.95,25.14,excessive_revving
V011,2026-08-22T13:51:12,Van,5,2.0,3287.7,Hybrid,19.10693,72.8683,34.9,-0.19,4500.0,1,73.9,0.0,71.5,1.24,Highway,Medium,29.0,0.668,0,61.73,8.78,25.14,excessive_revving
V011,2026-08-22T13:51:13,Van,5,2.0,3287.7,Hybrid,19.107019,72.868371,35.7,0.2,4500.0,2,88.3,0.0,70.8,-0.77,Highway,Medium,27.1,0.678,0,61.73,8.96,25.14,excessive_revving
V011,2026-08-22T13:51:14,Van,5,2.0,3287.7,Hybrid,19.107104,72.868439,34.0,-0.47,4500.0,1,75.2,0.0,87.2,-1.39,Highway,Medium,26.5,0.687,0,61.72,8.54,25.14,excessive_revving
V011,2026-08-22T13:51:15,Van,5,2.0,3287.7,Hybrid,19.107193,72.868511,35.8,0.52,4500.0,2,66.4,0.0,88.2,-0.33,Highway,Medium,26.1,0.697,0,61.72,9.01,25.14,excessive_revving
V011,2026-08-22T13:51:16,Van,5,2.0,3287.7,Hybrid,19.107285,72.868584,36.6,0.21,4500.0,2,83.3,0.0,81.4,-0.36,Highway,Medium,26.8,0.708,0,61.72,9.2,25.14,excessive_revving
V011,2026-08-22T13:51:17,Van,5,2.0,3287.7,Hybrid,19.107375,72.868656,36.0,-0.17,4500.0,2,66.4,0.0,77.9,-1.08,Highway,Medium,25.8,0.718,0,61.72,9.04,25.14,excessive_revving
V011,2026-08-22T13:51:18,Van,5,2.0,3287.7,Hybrid,19.107462,72.868726,34.9,-0.29,4500.0,1,76.1,0.0,74.3,1.32,Highway,Medium,29.6,0.727,0,61.71,8.78,25.14,excessive_revving
V011,2026-08-22T13:51:19,Van,5,2.0,3287.7,Hybrid,19.107551,72.868796,35.5,0.15,4500.0,2,77.4,0.0,88.9,0.78,Highway,Medium,25.6,0.737,0,61.71,8.92,25.14,excessive_revving
V011,2026-08-22T13:51:20,Van,5,2.0,3287.7,Hybrid,19.107641,72.868868,36.0,0.13,4500.0,2,81.4,0.0,74.9,0.85,Highway,Medium,27.5,0.747,0,61.71,9.04,25.14,excessive_revving
V011,2026-08-22T13:51:21,Van,5,2.0,3287.7,Hybrid,19.107734,72.868943,37.4,0.39,4500.0,2,87.6,0.0,87.1,0.44,Highway,Medium,27.0,0.757,0,61.71,9.4,25.14,excessive_revving
V011,2026-08-22T13:51:22,Van,5,2.0,3287.7,Hybrid,19.107825,72.869016,36.5,-0.25,4500.0,2,67.2,0.0,86.5,-0.76,Highway,Medium,27.6,0.768,0,61.7,9.17,25.14,excessive_revving
V011,2026-08-22T13:51:23,Van,5,2.0,3287.7,Hybrid,19.107913,72.869086,35.0,-0.4,4500.0,2,83.9,0.0,87.5,-0.65,Highway,Medium,27.6,0.777,0,61.7,8.81,25.14,excessive_revving
V011,2026-08-22T13:51:24,Van,5,2.0,3287.7,Hybrid,19.107997,72.869153,33.6,-0.41,4500.0,1,86.3,0.0,84.5,-0.15,Highway,Medium,27.3,0.787,0,61.7,8.43,25.14,excessive_revving
V011,2026-08-22T13:51:25,Van,5,2.0,3287.7,Hybrid,19.108078,72.869218,32.6,-0.26,4500.0,1,84.3,0.0,86.2,-0.61,Highway,Medium,30.6,0.796,0,61.7,8.19,25.14,excessive_revving
V011,2026-08-22T13:51:26,Van,5,2.0,3287.7,Hybrid,19.108161,72.869285,33.1,0.14,4500.0,1,78.1,0.0,73.1,0.58,Highway,Medium,27.7,0.805,0,61.69,8.32,25.14,excessive_revving
V011,2026-08-22T13:51:27,Van,5,2.0,3287.7,Hybrid,19.108239,72.869347,31.3,-0.51,4500.0,1,67.4,0.0,89.1,1.06,Highway,Medium,25.8,0.814,0,61.69,7.87,25.14,excessive_revving
V011,2026-08-22T13:51:28,Van,5,2.0,3287.7,Hybrid,19.108319,72.869411,31.8,0.13,4500.0,1,82.0,0.0,81.5,-0.47,Highway,Medium,29.3,0.822,0,61.69,7.98,25.14,excessive_revving
V011,2026-08-22T13:51:29,Van,5,2.0,3287.7,Hybrid,19.108397,72.869474,31.5,-0.08,4500.0,1,78.2,0.0,81.7,0.02,Highway,Medium,26.2,0.831,0,61.69,7.91,25.14,excessive_revving
V011,2026-08-22T13:51:30,Van,5,2.0,3287.7,Hybrid,19.108478,72.869539,32.5,0.27,4500.0,1,74.8,0.0,79.8,-0.1,Highway,Medium,25.8,0.84,0,61.69,8.16,25.14,excessive_revving
V011,2026-08-22T13:51:31,Van,5,2.0,3287.7,Hybrid,19.108556,72.869601,31.1,-0.38,4500.0,1,82.4,0.0,89.9,-0.22,Highway,Medium,29.9,0.849,0,61.68,7.82,25.14,excessive_revving
V011,2026-08-22T13:51:32,Van,5,2.0,3287.7,Hybrid,19.108634,72.869663,31.2,0.02,4500.0,1,74.9,0.0,77.6,-0.52,Highway,Medium,26.4,0.858,0,61.68,7.84,25.14,excessive_revving
V011,2026-08-22T13:51:33,Van,5,2.0,3287.7,Hybrid,19.108718,72.86973,33.6,0.68,4500.0,1,89.9,0.0,73.9,0.54,Highway,Medium,28.6,0.867,0,61.68,8.45,25.14,excessive_revving
V011,2026-08-22T13:51:34,Van,5,2.0,3287.7,Hybrid,19.108802,72.869798,33.6,-0.01,4500.0,1,69.8,0.0,88.8,0.42,Highway,Medium,28.4,0.876,0,61.68,8.44,25.14,excessive_revving
V011,2026-08-22T13:51:35,Van,5,2.0,3287.7,Hybrid,19.108883,72.869862,32.4,-0.32,4500.0,1,74.9,0.0,83.9,0.96,Highway,Medium,30.8,0.885,0,61.67,8.15,25.14,excessive_revving
V011,2026-08-22T13:51:36,Van,5,2.0,3287.7,Hybrid,19.108965,72.869928,32.8,0.11,4500.0,1,70.4,0.0,74.5,-0.83,Highway,Medium,27.1,0.894,0,61.67,8.25,25.14,excessive_revving
V011,2026-08-22T13:51:37,Van,5,2.0,3287.7,Hybrid,19.109046,72.869993,32.5,-0.07,4500.0,1,71.5,0.0,74.7,0.39,Highway,Medium,26.3,0.903,0,61.67,8.18,25.14,excessive_revving
V011,2026-08-22T13:51:38,Van,5,2.0,3287.7,Hybrid,19.109128,72.870058,32.7,0.04,4500.0,1,87.6,0.0,78.5,0.64,Highway,Medium,27.9,0.912,0,61.67,8.22,25.14,excessive_revving
V011,2026-08-22T13:51:39,Van,5,2.0,3287.7,Hybrid,19.109211,72.870125,33.3,0.16,4500.0,1,76.4,0.0,80.9,-1.17,Highway,Medium,25.2,0.922,0,61.67,8.36,25.14,excessive_revving
V011,2026-08-22T13:51:40,Van,5,2.0,3287.7,Hybrid,19.109295,72.870192,33.3,0.02,4500.0,1,73.2,0.0,87.7,1.58,Highway,Medium,27.4,0.931,0,61.66,8.38,25.14,excessive_revving
V011,2026-08-22T13:51:41,Van,5,2.0,3287.7,Hybrid,19.109377,72.870258,33.0,-0.1,4500.0,1,68.7,0.0,86.3,-0.48,Highway,Medium,27.2,0.94,0,61.66,8.29,25.14,excessive_revving
V011,2026-08-22T13:51:42,Van,5,2.0,3287.7,Hybrid,19.109455,72.87032,31.3,-0.47,4500.0,1,88.7,0.0,76.3,0.21,Highway,Medium,26.4,0.949,0,61.66,7.87,25.14,excessive_revving
V011,2026-08-22T13:51:43,Van,5,2.0,3287.7,Hybrid,19.109533,72.870382,31.0,-0.09,4500.0,1,78.9,0.0,74.5,0.85,Highway,Medium,27.2,0.957,0,61.66,7.79,25.14,excessive_revving
V011,2026-08-22T13:51:44,Van,5,2.0,3287.7,Hybrid,19.109611,72.870445,31.4,0.12,4500.0,1,70.1,0.0,80.1,-0.55,Highway,Medium,26.0,0.966,0,61.65,7.9,25.14,excessive_revving
V011,2026-08-22T13:51:45,Van,5,2.0,3287.7,Hybrid,19.109684,72.870503,29.2,-0.62,4500.0,1,80.6,0.0,71.2,-0.23,Highway,Medium,29.5,0.974,0,61.65,7.34,25.14,excessive_revving
V011,2026-08-22T13:51:46,Van,5,2.0,3287.7,Hybrid,19.109754,72.870559,28.0,-0.32,4500.0,1,70.6,0.0,73.8,0.08,Highway,Medium,30.0,0.982,0,61.65,7.05,25.14,excessive_revving
V011,2026-08-22T13:51:47,Van,5,2.0,3287.7,Hybrid,19.109823,72.870614,27.5,-0.15,4500.0,1,66.4,0.0,88.8,0.69,Highway,Medium,28.1,0.99,0,61.65,6.91,25.14,excessive_revving
V011,2026-08-22T13:51:48,Van,5,2.0,3287.7,Hybrid,19.109891,72.870669,27.2,-0.07,4500.0,1,72.9,0.0,77.9,0.06,Highway,Medium,29.5,0.997,0,61.65,6.85,25.14,excessive_revving
V011,2026-08-22T13:51:49,Van,5,2.0,3287.7,Hybrid,19.109959,72.870723,27.0,-0.08,4500.0,1,86.6,0.0,88.5,-0.64,Highway,Medium,29.1,1.005,0,61.64,6.78,25.14,excessive_revving
V011,2026-08-22T13:51:50,Van,5,2.0,3287.7,Hybrid,19.110025,72.870776,26.5,-0.13,4500.0,1,80.5,0.0,79.7,0.03,Highway,Medium,24.9,1.012,0,61.64,6.66,25.14,excessive_revving
V011,2026-08-22T13:51:51,Van,5,2.0,3287.7,Hybrid,19.110087,72.870826,24.9,-0.44,4500.0,1,69.8,0.0,84.9,1.33,Highway,Medium,24.5,1.019,0,61.64,6.26,25.14,excessive_revving
V011,2026-08-22T13:51:52,Van,5,2.0,3287.7,Hybrid,19.110147,72.870874,23.9,-0.28,4500.0,1,69.0,0.0,80.5,-0.97,Highway,Medium,27.7,1.026,0,61.64,6.01,25.14,excessive_revving
V011,2026-08-22T13:51:53,Van,5,2.0,3287.7,Hybrid,19.110202,72.870918,22.2,-0.48,4500.0,1,66.9,0.0,71.5,-0.21,Highway,Medium,25.8,1.032,0,61.64,5.58,25.14,excessive_revving
V011,2026-08-22T13:51:54,Van,5,2.0,3287.7,Hybrid,19.110259,72.870963,22.7,0.16,4500.0,1,75.8,0.0,73.7,-0.08,Highway,Medium,26.7,1.038,0,61.64,5.72,25.14,excessive_revving
V011,2026-08-22T13:51:55,Van,5,2.0,3287.7,Hybrid,19.110315,72.871008,22.3,-0.12,4500.0,1,66.4,0.0,82.2,0.1,Highway,Medium,26.4,1.044,0,61.63,5.6,25.14,excessive_revving
V011,2026-08-22T13:51:56,Van,5,2.0,3287.7,Hybrid,19.110373,72.871054,23.3,0.27,4500.0,1,84.3,0.0,72.7,-0.17,Highway,Medium,27.9,1.051,0,61.63,5.85,25.14,excessive_revving
V011,2026-08-22T13:51:57,Van,5,2.0,3287.7,Hybrid,19.110432,72.871101,23.4,0.04,4500.0,1,88.1,0.0,71.9,1.14,Highway,Medium,28.8,1.057,0,61.63,5.88,25.14,excessive_revving
V011,2026-08-22T13:51:58,Van,5,2.0,3287.7,Hybrid,19.110488,72.871146,22.5,-0.25,4500.0,1,89.3,0.0,74.9,1.31,Highway,Medium,28.8,1.063,0,61.63,5.66,25.14,excessive_revving
V011,2026-08-22T13:51:59,Van,5,2.0,3287.7,Hybrid,19.110543,72.87119,21.9,-0.17,4500.0,1,66.7,0.0,78.6,-0.2,Highway,Medium,26.9,1.07,0,61.63,5.5,25.14,excessive_revving
V011,2026-08-22T15:50:00,Van,5,2.0,3066.7,Hybrid,19.070077,72.84505,54.9,3.49,4500.0,3,92.4,0.0,91.8,-0.17,Urban,Medium,25.6,0.015,0,42.41,7.98,14.54,harsh_acceleration
V011,2026-08-22T15:50:01,Van,5,2.0,3066.7,Hybrid,19.070246,72.845185,67.4,3.48,4500.0,3,88.1,0.0,90.2,0.4,Urban,Medium,29.0,0.034,0,42.41,9.66,14.33,harsh_acceleration
V011,2026-08-22T15:50:02,Van,5,2.0,3066.7,Hybrid,19.07044,72.84534,77.6,2.85,4500.0,4,89.9,0.0,92.6,0.86,Urban,Medium,29.6,0.056,0,42.4,11.38,14.66,harsh_acceleration
V011,2026-08-22T15:50:03,Van,5,2.0,3066.7,Hybrid,19.07064,72.8455,80.0,3.03,4500.0,4,89.0,0.0,99.2,0.02,Urban,Medium,27.4,0.078,0,42.4,11.84,14.81,harsh_acceleration
V011,2026-08-22T15:50:04,Van,5,2.0,3066.7,Hybrid,19.07084,72.84566,80.0,3.25,4500.0,4,86.5,0.0,98.0,-2.8,Urban,Medium,29.6,0.1,0,42.4,11.84,14.81,harsh_acceleration
V011,2026-08-22T15:50:05,Van,5,2.0,3066.7,Hybrid,19.07104,72.84582,80.0,3.78,4500.0,4,85.2,0.0,93.0,-0.21,Urban,Medium,27.6,0.122,0,42.39,11.84,14.81,harsh_acceleration
V011,2026-08-22T15:50:06,Van,5,2.0,3066.7,Hybrid,19.07124,72.84598,80.0,3.9,4500.0,4,95.5,0.0,89.0,1.9,Urban,Medium,26.9,0.144,0,42.39,11.84,14.81,harsh_acceleration
V011,2026-08-22T15:50:07,Van,5,2.0,3066.7,Hybrid,19.07144,72.84614,80.0,3.75,4500.0,4,90.7,0.0,92.7,-1.77,Urban,Medium,27.5,0.167,0,42.39,11.84,14.81,harsh_acceleration
V011,2026-08-22T15:50:08,Van,5,2.0,3066.7,Hybrid,19.07164,72.8463,80.0,3.45,4500.0,4,91.7,0.0,88.9,-0.47,Urban,Medium,27.0,0.189,0,42.38,11.84,14.81,harsh_acceleration
V011,2026-08-22T15:50:09,Van,5,2.0,3066.7,Hybrid,19.07184,72.84646,80.0,3.17,4500.0,4,92.9,0.0,88.7,-1.48,Urban,Medium,28.0,0.211,0,42.38,11.84,14.81,harsh_acceleration
V011,2026-08-22T15:50:10,Van,5,2.0,3066.7,Hybrid,19.07204,72.84662,80.0,2.96,4500.0,4,97.2,0.0,97.8,-0.96,Urban,Medium,27.3,0.233,0,42.38,11.84,14.81,harsh_acceleration
V011,2026-08-22T15:50:11,Van,5,2.0,3066.7,Hybrid,19.07224,72.84678,80.0,3.65,4500.0,4,94.6,0.0,96.3,-0.89,Urban,Medium,28.4,0.256,0,42.37,11.84,14.81,harsh_acceleration
V011,2026-08-22T15:50:12,Van,5,2.0,3066.7,Hybrid,19.07244,72.84694,80.0,3.75,4500.0,4,94.1,0.0,95.1,-0.94,Urban,Medium,26.5,0.278,0,42.37,11.84,14.81,harsh_acceleration
V011,2026-08-22T15:50:13,Van,5,2.0,3066.7,Hybrid,19.07264,72.8471,80.0,3.63,4500.0,4,88.0,0.0,94.2,-0.68,Urban,Medium,28.3,0.3,0,42.37,11.84,14.81,harsh_acceleration
V011,2026-08-22T15:50:14,Van,5,2.0,3066.7,Hybrid,19.07284,72.84726,80.0,3.17,4500.0,4,91.3,0.0,89.4,-0.03,Urban,Medium,29.6,0.322,0,42.36,11.84,14.81,harsh_acceleration
V011,2026-08-22T15:50:15,Van,5,2.0,3066.7,Hybrid,19.07304,72.84742,80.0,3.21,4500.0,4,85.9,0.0,97.9,-0.28,Urban,Medium,28.0,0.344,0,42.36,11.84,14.81,harsh_acceleration
V011,2026-08-22T15:50:16,Van,5,2.0,3066.7,Hybrid,19.07324,72.84758,80.0,3.95,4500.0,4,88.3,0.0,88.5,0.11,Urban,Medium,28.3,0.367,0,42.36,11.84,14.81,harsh_acceleration
V011,2026-08-22T15:50:17,Van,5,2.0,3066.7,Hybrid,19.07344,72.84774,80.0,3.8,4500.0,4,89.8,0.0,92.2,-1.48,Urban,Medium,28.8,0.389,0,42.35,11.84,14.81,harsh_acceleration
V011,2026-08-22T15:50:18,Van,5,2.0,3066.7,Hybrid,19.07364,72.8479,80.0,2.88,4500.0,4,87.1,0.0,94.8,0.31,Urban,Medium,25.5,0.411,0,42.35,11.84,14.81,harsh_acceleration
V011,2026-08-22T15:50:19,Van,5,2.0,3066.7,Hybrid,19.07384,72.84806,80.0,3.79,4500.0,4,97.0,0.0,96.1,0.13,Urban,Medium,25.9,0.433,0,42.35,11.84,14.81,harsh_acceleration
V011,2026-08-22T15:50:20,Van,5,2.0,3066.7,Hybrid,19.07404,72.84822,80.0,4.13,4500.0,4,87.8,0.0,92.3,1.86,Urban,Medium,28.6,0.456,0,42.34,11.84,14.81,harsh_acceleration
V011,2026-08-22T15:50:21,Van,5,2.0,3066.7,Hybrid,19.07424,72.84838,80.0,3.6,4500.0,4,88.5,0.0,90.7,0.74,Urban,Medium,31.7,0.478,0,42.34,11.84,14.81,harsh_acceleration
V011,2026-08-22T15:50:22,Van,5,2.0,3066.7,Hybrid,19.07444,72.84854,80.0,2.84,4500.0,4,93.9,0.0,94.8,-0.65,Urban,Medium,29.3,0.5,0,42.34,11.84,14.81,harsh_acceleration
V011,2026-08-22T15:50:23,Van,5,2.0,3066.7,Hybrid,19.07464,72.8487,80.0,2.62,4500.0,4,91.3,0.0,96.6,-0.48,Urban,Medium,27.0,0.522,0,42.34,11.84,14.81,harsh_acceleration
V011,2026-08-22T15:50:24,Van,5,2.0,3066.7,Hybrid,19.07484,72.84886,80.0,3.85,4500.0,4,95.2,0.0,92.4,-0.08,Urban,Medium,29.8,0.544,0,42.33,11.84,14.81,harsh_acceleration
V011,2026-08-22T15:50:25,Van,5,2.0,3066.7,Hybrid,19.07504,72.84902,80.0,3.78,4500.0,4,89.7,0.0,97.8,-0.88,Urban,Medium,27.4,0.567,0,42.33,11.84,14.81,harsh_acceleration
V011,2026-08-22T15:50:26,Van,5,2.0,3066.7,Hybrid,19.07524,72.84918,80.0,3.35,4500.0,4,93.4,0.0,96.7,-0.85,Urban,Medium,25.3,0.589,0,42.33,11.84,14.81,harsh_acceleration
V011,2026-08-22T15:50:27,Van,5,2.0,3066.7,Hybrid,19.07544,72.84934,80.0,4.08,4500.0,4,88.6,0.0,94.8,-0.03,Urban,Medium,26.6,0.611,0,42.32,11.84,14.81,harsh_acceleration
V011,2026-08-22T15:50:28,Van,5,2.0,3066.7,Hybrid,19.07564,72.8495,80.0,3.74,4500.0,4,98.8,0.0,90.3,0.53,Urban,Medium,30.0,0.633,0,42.32,11.84,14.81,harsh_acceleration
V011,2026-08-22T15:50:29,Van,5,2.0,3066.7,Hybrid,19.07584,72.84966,80.0,3.07,4500.0,4,87.4,0.0,88.0,0.4,Urban,Medium,26.2,0.656,0,42.32,11.84,14.81,harsh_acceleration
V011,2026-08-22T15:50:30,Van,5,2.0,3066.7,Hybrid,19.07604,72.84982,80.0,3.0,4500.0,4,88.6,0.0,92.5,-0.65,Urban,Medium,26.7,0.678,0,42.31,11.84,14.81,harsh_acceleration
V011,2026-08-22T15:50:31,Van,5,2.0,3066.7,Hybrid,19.07624,72.84998,80.0,4.12,4500.0,4,95.3,0.0,98.6,-1.08,Urban,Medium,28.9,0.7,0,42.31,11.84,14.81,harsh_acceleration
V011,2026-08-22T15:50:32,Van,5,2.0,3066.7,Hybrid,19.07644,72.85014,80.0,3.12,4500.0,4,97.1,0.0,95.6,-1.82,Urban,Medium,27.2,0.722,0,42.31,11.84,14.81,harsh_acceleration
V011,2026-08-22T15:50:33,Van,5,2.0,3066.7,Hybrid,19.07664,72.8503,80.0,3.55,4500.0,4,97.1,0.0,94.1,-1.13,Urban,Medium,27.9,0.744,0,42.3,11.84,14.81,harsh_acceleration
V011,2026-08-22T15:50:34,Van,5,2.0,3066.7,Hybrid,19.07684,72.85046,80.0,3.93,4500.0,4,88.5,0.0,97.1,-0.45,Urban,Medium,27.5,0.767,0,42.3,11.84,14.81,harsh_acceleration
V011,2026-08-22T15:50:35,Van,5,2.0,3066.7,Hybrid,19.07704,72.85062,80.0,4.12,4500.0,4,89.3,0.0,94.4,-0.43,Urban,Medium,29.3,0.789,0,42.3,11.84,14.81,harsh_acceleration
V011,2026-08-22T15:50:36,Van,5,2.0,3066.7,Hybrid,19.07724,72.85078,80.0,3.93,4500.0,4,94.0,0.0,96.9,0.02,Urban,Medium,27.6,0.811,0,42.29,11.84,14.81,harsh_acceleration
V011,2026-08-22T15:50:37,Van,5,2.0,3066.7,Hybrid,19.07744,72.85094,80.0,3.8,4500.0,4,93.9,0.0,89.0,-0.47,Urban,Medium,26.5,0.833,0,42.29,11.84,14.81,harsh_acceleration
V011,2026-08-22T15:50:38,Van,5,2.0,3066.7,Hybrid,19.07764,72.8511,80.0,3.44,4500.0,4,98.4,0.0,99.3,-0.36,Urban,Medium,28.7,0.856,0,42.29,11.84,14.81,harsh_acceleration
V011,2026-08-22T15:50:39,Van,5,2.0,3066.7,Hybrid,19.07784,72.85126,80.0,3.34,4500.0,4,95.8,0.0,96.0,1.0,Urban,Medium,29.2,0.878,0,42.28,11.84,14.81,harsh_acceleration
V011,2026-08-22T15:50:40,Van,5,2.0,3066.7,Hybrid,19.07804,72.85142,80.0,3.68,4500.0,4,92.8,0.0,93.8,0.88,Urban,Medium,29.2,0.9,0,42.28,11.84,14.81,harsh_acceleration
V011,2026-08-22T15:50:41,Van,5,2.0,3066.7,Hybrid,19.07824,72.85158,80.0,2.61,4500.0,4,93.3,0.0,88.5,2.1,Urban,Medium,28.1,0.922,0,42.28,11.84,14.81,harsh_acceleration
V011,2026-08-22T15:50:42,Van,5,2.0,3066.7,Hybrid,19.07844,72.85174,80.0,3.95,4500.0,4,90.0,0.0,98.1,-1.66,Urban,Medium,30.0,0.944,0,42.27,11.84,14.81,harsh_acceleration
V011,2026-08-22T15:50:43,Van,5,2.0,3066.7,Hybrid,19.07864,72.8519,80.0,3.6,4500.0,4,93.1,0.0,96.3,0.48,Urban,Medium,26.6,0.967,0,42.27,11.84,14.81,harsh_acceleration
V011,2026-08-22T15:50:44,Van,5,2.0,3066.7,Hybrid,19.07884,72.85206,80.0,3.44,4500.0,4,93.0,0.0,96.7,0.31,Urban,Medium,28.0,0.989,0,42.27,11.84,14.81,harsh_acceleration
V011,2026-08-22T15:50:45,Van,5,2.0,3066.7,Hybrid,19.07904,72.85222,80.0,3.23,4500.0,4,87.3,0.0,95.4,0.62,Urban,Medium,27.7,1.011,0,42.26,11.84,14.81,harsh_acceleration
V011,2026-08-22T15:50:46,Van,5,2.0,3066.7,Hybrid,19.07924,72.85238,80.0,2.68,4500.0,4,92.6,0.0,90.0,0.44,Urban,Medium,27.1,1.033,0,42.26,11.84,14.81,harsh_acceleration
V011,2026-08-22T15:50:47,Van,5,2.0,3066.7,Hybrid,19.07944,72.85254,80.0,3.81,4500.0,4,95.6,0.0,98.9,-0.7,Urban,Medium,30.3,1.056,0,42.26,11.84,14.81,harsh_acceleration
V011,2026-08-22T15:50:48,Van,5,2.0,3066.7,Hybrid,19.07964,72.8527,80.0,3.17,4500.0,4,94.1,0.0,91.8,-1.88,Urban,Medium,28.8,1.078,0,42.25,11.84,14.81,harsh_acceleration
V011,2026-08-22T15:50:49,Van,5,2.0,3066.7,Hybrid,19.07984,72.85286,80.0,3.25,4500.0,4,95.6,0.0,98.5,2.29,Urban,Medium,32.0,1.1,0,42.25,11.84,14.81,harsh_acceleration
V011,2026-08-22T15:50:50,Van,5,2.0,3066.7,Hybrid,19.08004,72.85302,80.0,3.65,4500.0,4,86.5,0.0,89.1,-0.8,Urban,Medium,29.2,1.122,0,42.25,11.84,14.81,harsh_acceleration
V011,2026-08-22T15:50:51,Van,5,2.0,3066.7,Hybrid,19.08024,72.85318,80.0,3.05,4500.0,4,97.4,0.0,89.6,-1.26,Urban,Medium,30.4,1.144,0,42.24,11.84,14.81,harsh_acceleration
V011,2026-08-22T15:50:52,Van,5,2.0,3066.7,Hybrid,19.08044,72.85334,80.0,2.68,4500.0,4,96.0,0.0,92.4,0.92,Urban,Medium,29.2,1.167,0,42.24,11.84,14.81,harsh_acceleration
V011,2026-08-22T15:50:53,Van,5,2.0,3066.7,Hybrid,19.08064,72.8535,80.0,3.58,4500.0,4,96.1,0.0,92.4,0.46,Urban,Medium,29.1,1.189,0,42.24,11.84,14.81,harsh_acceleration
V011,2026-08-22T15:50:54,Van,5,2.0,3066.7,Hybrid,19.08084,72.85366,80.0,2.98,4500.0,4,90.0,0.0,91.9,1.18,Urban,Medium,29.9,1.211,0,42.23,11.84,14.81,harsh_acceleration
V011,2026-08-22T15:50:55,Van,5,2.0,3066.7,Hybrid,19.08104,72.85382,80.0,2.66,4500.0,4,91.8,0.0,96.3,-0.61,Urban,Medium,29.1,1.233,0,42.23,11.84,14.81,harsh_acceleration
V011,2026-08-22T15:50:56,Van,5,2.0,3066.7,Hybrid,19.08124,72.85398,80.0,2.84,4500.0,4,98.2,0.0,99.5,0.49,Urban,Medium,27.9,1.256,0,42.23,11.84,14.81,harsh_acceleration
V011,2026-08-22T15:50:57,Van,5,2.0,3066.7,Hybrid,19.08144,72.85414,80.0,2.69,4500.0,4,88.3,0.0,89.1,-0.79,Urban,Medium,27.5,1.278,0,42.22,11.84,14.81,harsh_acceleration
V011,2026-08-22T15:50:58,Van,5,2.0,3066.7,Hybrid,19.08164,72.8543,80.0,3.35,4500.0,4,91.3,0.0,95.1,-0.47,Urban,Medium,28.8,1.3,0,42.22,11.84,14.81,harsh_acceleration
V011,2026-08-22T15:50:59,Van,5,2.0,3066.7,Hybrid,19.08184,72.85446,80.0,2.65,4500.0,4,88.6,0.0,98.7,-0.06,Urban,Medium,26.7,1.322,0,42.22,11.84,14.81,harsh_acceleration
V011,2026-08-22T15:51:00,Van,5,2.0,3066.7,Hybrid,19.08204,72.85462,80.0,3.12,4500.0,4,99.6,0.0,96.4,-2.07,Urban,Medium,27.7,1.344,0,42.21,11.84,14.81,harsh_acceleration
V011,2026-08-22T15:51:01,Van,5,2.0,3066.7,Hybrid,19.08224,72.85478,80.0,3.92,4500.0,4,89.1,0.0,91.7,-0.68,Urban,Medium,28.5,1.367,0,42.21,11.84,14.81,harsh_acceleration
V011,2026-08-22T15:51:02,Van,5,2.0,3066.7,Hybrid,19.08244,72.85494,80.0,3.84,4500.0,4,98.0,0.0,100.0,-0.29,Urban,Medium,25.5,1.389,0,42.21,11.84,14.81,harsh_acceleration
V011,2026-08-22T15:51:03,Van,5,2.0,3066.7,Hybrid,19.08264,72.8551,80.0,2.82,4500.0,4,92.0,0.0,96.0,1.49,Urban,Medium,27.6,1.411,0,42.2,11.84,14.81,harsh_acceleration
V011,2026-08-22T15:51:04,Van,5,2.0,3066.7,Hybrid,19.08284,72.85526,80.0,3.28,4500.0,4,97.1,0.0,96.9,0.62,Urban,Medium,30.8,1.433,0,42.2,11.84,14.81,harsh_acceleration
V011,2026-08-22T15:51:05,Van,5,2.0,3066.7,Hybrid,19.08304,72.85542,80.0,3.69,4500.0,4,85.3,0.0,90.9,-0.7,Urban,Medium,28.3,1.456,0,42.2,11.84,14.81,harsh_acceleration
V011,2026-08-22T15:51:06,Van,5,2.0,3066.7,Hybrid,19.08324,72.85558,80.0,3.82,4500.0,4,87.6,0.0,94.8,1.21,Urban,Medium,27.9,1.478,0,42.19,11.84,14.81,harsh_acceleration
V011,2026-08-22T15:51:07,Van,5,2.0,3066.7,Hybrid,19.08344,72.85574,80.0,3.0,4500.0,4,88.5,0.0,96.8,1.8,Urban,Medium,27.0,1.5,0,42.19,11.84,14.81,harsh_acceleration
V011,2026-08-22T15:51:08,Van,5,2.0,3066.7,Hybrid,19.08364,72.8559,80.0,3.76,4500.0,4,92.4,0.0,92.5,-0.19,Urban,Medium,26.6,1.522,0,42.19,11.84,14.81,harsh_acceleration
V011,2026-08-22T15:51:09,Van,5,2.0,3066.7,Hybrid,19.08384,72.85606,80.0,3.55,4500.0,4,85.1,0.0,89.5,0.5,Urban,Medium,29.0,1.544,0,42.18,11.84,14.81,harsh_acceleration
V011,2026-08-22T15:51:10,Van,5,2.0,3066.7,Hybrid,19.08404,72.85622,80.0,3.95,4500.0,4,88.7,0.0,99.5,0.92,Urban,Medium,30.0,1.567,0,42.18,11.84,14.81,harsh_acceleration
V011,2026-08-22T15:51:11,Van,5,2.0,3066.7,Hybrid,19.08424,72.85638,80.0,3.94,4500.0,4,87.7,0.0,94.1,-0.33,Urban,Medium,28.3,1.589,0,42.18,11.84,14.81,harsh_acceleration
V011,2026-08-22T15:51:12,Van,5,2.0,3066.7,Hybrid,19.08444,72.85654,80.0,3.72,4500.0,4,95.0,0.0,91.5,1.25,Urban,Medium,29.6,1.611,0,42.17,11.84,14.81,harsh_acceleration
V011,2026-08-22T15:51:13,Van,5,2.0,3066.7,Hybrid,19.08464,72.8567,80.0,3.69,4500.0,4,95.2,0.0,99.9,0.36,Urban,Medium,25.1,1.633,0,42.17,11.84,14.81,harsh_acceleration
V011,2026-08-22T15:51:14,Van,5,2.0,3066.7,Hybrid,19.08484,72.85686,80.0,3.58,4500.0,4,98.7,0.0,94.2,-3.03,Urban,Medium,29.5,1.656,0,42.17,11.84,14.81,harsh_acceleration
V011,2026-08-22T15:51:15,Van,5,2.0,3066.7,Hybrid,19.08504,72.85702,80.0,3.83,4500.0,4,89.2,0.0,97.4,-0.52,Urban,Medium,31.4,1.678,0,42.16,11.84,14.81,harsh_acceleration
V011,2026-08-22T15:51:16,Van,5,2.0,3066.7,Hybrid,19.08524,72.85718,80.0,3.85,4500.0,4,94.7,0.0,95.0,-0.12,Urban,Medium,27.8,1.7,0,42.16,11.84,14.81,harsh_acceleration
V011,2026-08-22T15:51:17,Van,5,2.0,3066.7,Hybrid,19.08544,72.85734,80.0,2.76,4500.0,4,94.7,0.0,90.0,-0.79,Urban,Medium,28.5,1.722,0,42.16,11.84,14.81,harsh_acceleration
V011,2026-08-22T15:51:18,Van,5,2.0,3066.7,Hybrid,19.08564,72.8575,80.0,3.59,4500.0,4,86.1,0.0,89.4,-0.16,Urban,Medium,26.5,1.744,0,42.15,11.84,14.81,harsh_acceleration
V011,2026-08-22T15:51:19,Van,5,2.0,3066.7,Hybrid,19.08584,72.85766,80.0,4.07,4500.0,4,92.9,0.0,89.7,-0.16,Urban,Medium,28.3,1.767,0,42.15,11.84,14.81,harsh_acceleration
V011,2026-08-22T15:51:20,Van,5,2.0,3066.7,Hybrid,19.08604,72.85782,80.0,3.36,4500.0,4,86.8,0.0,95.6,-1.25,Urban,Medium,26.8,1.789,0,42.15,11.84,14.81,harsh_acceleration
V011,2026-08-22T15:51:21,Van,5,2.0,3066.7,Hybrid,19.08624,72.85798,80.0,2.82,4500.0,4,88.3,0.0,94.9,-1.8,Urban,Medium,27.8,1.811,0,42.14,11.84,14.81,harsh_acceleration
V011,2026-08-22T15:51:22,Van,5,2.0,3066.7,Hybrid,19.08644,72.85814,80.0,3.16,4500.0,4,91.8,0.0,94.2,-0.46,Urban,Medium,29.1,1.833,0,42.14,11.84,14.81,harsh_acceleration
V011,2026-08-22T15:51:23,Van,5,2.0,3066.7,Hybrid,19.08664,72.8583,80.0,3.53,4500.0,4,98.3,0.0,98.9,-2.69,Urban,Medium,27.8,1.856,0,42.14,11.84,14.81,harsh_acceleration
V011,2026-08-22T15:51:24,Van,5,2.0,3066.7,Hybrid,19.08684,72.85846,80.0,3.45,4500.0,4,86.6,0.0,98.4,0.02,Urban,Medium,27.8,1.878,0,42.13,11.84,14.81,harsh_acceleration
V011,2026-08-22T15:51:25,Van,5,2.0,3066.7,Hybrid,19.08704,72.85862,80.0,2.97,4500.0,4,98.6,0.0,92.8,-0.5,Urban,Medium,26.2,1.9,0,42.13,11.84,14.81,harsh_acceleration
V011,2026-08-22T15:51:26,Van,5,2.0,3066.7,Hybrid,19.08724,72.85878,80.0,3.65,4500.0,4,86.6,0.0,95.9,-0.98,Urban,Medium,29.1,1.922,0,42.13,11.84,14.81,harsh_acceleration
V011,2026-08-22T15:51:27,Van,5,2.0,3066.7,Hybrid,19.08744,72.85894,80.0,3.94,4500.0,4,94.5,0.0,99.1,1.45,Urban,Medium,31.4,1.944,0,42.12,11.84,14.81,harsh_acceleration
V011,2026-08-22T15:51:28,Van,5,2.0,3066.7,Hybrid,19.08764,72.8591,80.0,2.68,4500.0,4,94.2,0.0,93.7,1.13,Urban,Medium,29.5,1.967,0,42.12,11.84,14.81,harsh_acceleration
V011,2026-08-22T15:51:29,Van,5,2.0,3066.7,Hybrid,19.08784,72.85926,80.0,3.1,4500.0,4,95.6,0.0,97.1,-0.53,Urban,Medium,26.4,1.989,0,42.12,11.84,14.81,harsh_acceleration
V011,2026-08-22T15:51:30,Van,5,2.0,3066.7,Hybrid,19.08804,72.85942,80.0,2.97,4500.0,4,96.0,0.0,93.1,0.68,Urban,Medium,30.2,2.011,0,42.11,11.84,14.81,harsh_acceleration
V011,2026-08-22T15:51:31,Van,5,2.0,3066.7,Hybrid,19.08824,72.85958,80.0,3.39,4500.0,4,90.5,0.0,96.6,-0.19,Urban,Medium,28.4,2.033,0,42.11,11.84,14.81,harsh_acceleration
V011,2026-08-22T15:51:32,Van,5,2.0,3066.7,Hybrid,19.08844,72.85974,80.0,3.65,4500.0,4,88.4,0.0,92.6,-0.4,Urban,Medium,27.2,2.056,0,42.11,11.84,14.81,harsh_acceleration
V011,2026-08-22T15:51:33,Van,5,2.0,3066.7,Hybrid,19.08864,72.8599,80.0,2.87,4500.0,4,92.1,0.0,95.5,2.55,Urban,Medium,28.2,2.078,0,42.1,11.84,14.81,harsh_acceleration
V011,2026-08-22T15:51:34,Van,5,2.0,3066.7,Hybrid,19.08884,72.86006,80.0,2.77,4500.0,4,95.8,0.0,98.0,-1.64,Urban,Medium,28.4,2.1,0,42.1,11.84,14.81,harsh_acceleration
V011,2026-08-22T15:51:35,Van,5,2.0,3066.7,Hybrid,19.08904,72.86022,80.0,2.71,4500.0,4,97.5,0.0,97.2,-1.4,Urban,Medium,30.7,2.122,0,42.1,11.84,14.81,harsh_acceleration
V011,2026-08-22T15:51:36,Van,5,2.0,3066.7,Hybrid,19.08924,72.86038,80.0,3.8,4500.0,4,88.3,0.0,93.6,-0.96,Urban,Medium,28.9,2.144,0,42.09,11.84,14.81,harsh_acceleration
V011,2026-08-22T15:51:37,Van,5,2.0,3066.7,Hybrid,19.08944,72.86054,80.0,3.59,4500.0,4,98.7,0.0,88.8,-0.35,Urban,Medium,26.7,2.167,0,42.09,11.84,14.81,harsh_acceleration
V011,2026-08-22T15:51:38,Van,5,2.0,3066.7,Hybrid,19.08964,72.8607,80.0,3.46,4500.0,4,88.9,0.0,96.6,-0.26,Urban,Medium,27.0,2.189,0,42.09,11.84,14.81,harsh_acceleration
V011,2026-08-22T15:51:39,Van,5,2.0,3066.7,Hybrid,19.08984,72.86086,80.0,3.76,4500.0,4,95.1,0.0,96.1,0.36,Urban,Medium,30.2,2.211,0,42.09,11.84,14.81,harsh_acceleration
V011,2026-08-22T15:51:40,Van,5,2.0,3066.7,Hybrid,19.09004,72.86102,80.0,4.1,4500.0,4,94.0,0.0,98.4,2.01,Urban,Medium,29.8,2.233,0,42.08,11.84,14.81,harsh_acceleration
V011,2026-08-22T15:51:41,Van,5,2.0,3066.7,Hybrid,19.09024,72.86118,80.0,3.08,4500.0,4,99.6,0.0,99.9,-0.28,Urban,Medium,27.6,2.256,0,42.08,11.84,14.81,harsh_acceleration
V011,2026-08-22T15:51:42,Van,5,2.0,3066.7,Hybrid,19.09044,72.86134,80.0,2.79,4500.0,4,89.8,0.0,97.4,-0.81,Urban,Medium,29.9,2.278,0,42.08,11.84,14.81,harsh_acceleration
V011,2026-08-22T15:51:43,Van,5,2.0,3066.7,Hybrid,19.09064,72.8615,80.0,3.71,4500.0,4,97.7,0.0,98.9,0.79,Urban,Medium,28.8,2.3,0,42.07,11.84,14.81,harsh_acceleration
V011,2026-08-22T15:51:44,Van,5,2.0,3066.7,Hybrid,19.09084,72.86166,80.0,4.08,4500.0,4,85.3,0.0,91.2,-1.71,Urban,Medium,29.1,2.322,0,42.07,11.84,14.81,harsh_acceleration
V011,2026-08-22T15:51:45,Van,5,2.0,3066.7,Hybrid,19.09104,72.86182,80.0,3.11,4500.0,4,87.5,0.0,89.6,0.64,Urban,Medium,29.1,2.344,0,42.07,11.84,14.81,harsh_acceleration
V011,2026-08-22T15:51:46,Van,5,2.0,3066.7,Hybrid,19.09124,72.86198,80.0,3.87,4500.0,4,97.2,0.0,93.5,1.25,Urban,Medium,27.8,2.367,0,42.06,11.84,14.81,harsh_acceleration
V011,2026-08-22T15:51:47,Van,5,2.0,3066.7,Hybrid,19.09144,72.86214,80.0,3.77,4500.0,4,93.6,0.0,93.0,-1.59,Urban,Medium,24.9,2.389,0,42.06,11.84,14.81,harsh_acceleration
V011,2026-08-22T15:51:48,Van,5,2.0,3066.7,Hybrid,19.09164,72.8623,80.0,3.55,4500.0,4,88.7,0.0,96.7,-0.91,Urban,Medium,29.2,2.411,0,42.06,11.84,14.81,harsh_acceleration
V011,2026-08-22T15:51:49,Van,5,2.0,3066.7,Hybrid,19.09184,72.86246,80.0,3.48,4500.0,4,96.5,0.0,96.2,-2.01,Urban,Medium,30.0,2.433,0,42.05,11.84,14.81,harsh_acceleration
V011,2026-08-22T15:51:50,Van,5,2.0,3066.7,Hybrid,19.09204,72.86262,80.0,3.28,4500.0,4,90.8,0.0,96.6,-1.02,Urban,Medium,27.9,2.456,0,42.05,11.84,14.81,harsh_acceleration
V011,2026-08-22T15:51:51,Van,5,2.0,3066.7,Hybrid,19.09224,72.86278,80.0,3.54,4500.0,4,99.8,0.0,96.6,-0.81,Urban,Medium,27.4,2.478,0,42.05,11.84,14.81,harsh_acceleration
V011,2026-08-22T15:51:52,Van,5,2.0,3066.7,Hybrid,19.09244,72.86294,80.0,3.35,4500.0,4,90.1,0.0,95.0,-1.04,Urban,Medium,26.1,2.5,0,42.04,11.84,14.81,harsh_acceleration
V011,2026-08-22T15:51:53,Van,5,2.0,3066.7,Hybrid,19.09264,72.8631,80.0,3.63,4500.0,4,90.5,0.0,96.1,-0.62,Urban,Medium,29.0,2.522,0,42.04,11.84,14.81,harsh_acceleration
V011,2026-08-22T15:51:54,Van,5,2.0,3066.7,Hybrid,19.09284,72.86326,80.0,3.16,4500.0,4,95.9,0.0,90.8,0.84,Urban,Medium,25.6,2.544,0,42.04,11.84,14.81,harsh_acceleration
V011,2026-08-22T15:51:55,Van,5,2.0,3066.7,Hybrid,19.09304,72.86342,80.0,3.91,4500.0,4,95.1,0.0,90.2,1.28,Urban,Medium,26.6,2.567,0,42.03,11.84,14.81,harsh_acceleration
V011,2026-08-22T15:51:56,Van,5,2.0,3066.7,Hybrid,19.09324,72.86358,80.0,2.89,4500.0,4,92.8,0.0,96.5,0.77,Urban,Medium,28.4,2.589,0,42.03,11.84,14.81,harsh_acceleration
V011,2026-08-22T15:51:57,Van,5,2.0,3066.7,Hybrid,19.09344,72.86374,80.0,2.62,4500.0,4,88.2,0.0,97.4,-0.31,Urban,Medium,30.6,2.611,0,42.03,11.84,14.81,harsh_acceleration
V011,2026-08-22T15:51:58,Van,5,2.0,3066.7,Hybrid,19.09364,72.8639,80.0,3.97,4500.0,4,98.9,0.0,95.6,1.01,Urban,Medium,29.2,2.633,0,42.02,11.84,14.81,harsh_acceleration
V011,2026-08-22T15:51:59,Van,5,2.0,3066.7,Hybrid,19.09384,72.86406,80.0,3.12,4500.0,4,97.9,0.0,94.8,0.28,Urban,Medium,29.1,2.656,0,42.02,11.84,14.81,harsh_acceleration
V012,2026-08-22T10:00:00,Light Commercial,9,2.8,4156.9,CNG,19.046606,72.848593,29.4,-1.2,4000.0,2,0.0,36.0,34.0,-0.71,Highway,High,26.4,0.008,0,85.0,5.6,19.08,normal
V012,2026-08-22T10:00:01,Light Commercial,9,2.8,4156.9,CNG,19.046676,72.848649,27.9,-0.4,4000.0,2,9.9,12.1,43.2,0.84,Highway,High,27.5,0.016,0,85.0,5.87,21.05,normal
V012,2026-08-22T10:00:02,Light Commercial,9,2.8,4156.9,CNG,19.04674,72.8487,25.5,-0.68,4000.0,2,3.1,20.3,35.4,-1.04,Highway,High,29.1,0.023,0,85.0,4.92,19.32,normal
V012,2026-08-22T10:00:03,Light Commercial,9,2.8,4156.9,CNG,19.046797,72.848745,22.9,-0.73,4000.0,2,1.8,21.8,34.9,-0.86,Highway,High,29.6,0.029,0,85.0,4.59,20.1,normal
V012,2026-08-22T10:00:04,Light Commercial,9,2.8,4156.9,CNG,19.046855,72.848792,23.2,0.1,4000.0,2,22.6,0.0,51.2,1.0,Highway,High,26.8,0.036,0,84.99,5.34,23.0,normal
V012,2026-08-22T10:00:05,Light Commercial,9,2.8,4156.9,CNG,19.046913,72.848838,23.1,-0.03,4000.0,2,19.2,0.0,46.4,-0.08,Highway,High,27.2,0.042,0,84.99,4.88,21.11,normal
V012,2026-08-22T10:00:06,Light Commercial,9,2.8,4156.9,CNG,19.046978,72.848891,26.3,0.88,4000.0,2,42.0,0.0,63.2,1.13,Highway,High,30.2,0.05,0,84.99,5.74,21.85,normal
V012,2026-08-22T10:00:07,Light Commercial,9,2.8,4156.9,CNG,19.047036,72.848936,22.9,-0.95,4000.0,2,0.0,28.6,39.3,1.63,Highway,High,26.4,0.056,0,84.99,5.32,23.29,normal
V012,2026-08-22T10:00:08,Light Commercial,9,2.8,4156.9,CNG,19.047089,72.848979,21.2,-0.46,4000.0,2,8.5,13.8,41.5,0.56,Highway,High,25.9,0.062,0,84.99,4.71,22.22,normal
V012,2026-08-22T10:00:09,Light Commercial,9,2.8,4156.9,CNG,19.047152,72.84903,25.5,1.2,4000.0,2,50.0,0.0,64.1,-0.67,Highway,High,25.4,0.069,0,84.99,5.2,20.38,normal
V012,2026-08-22T10:00:10,Light Commercial,9,2.8,4156.9,CNG,19.047211,72.849077,23.6,-0.54,4000.0,2,6.6,16.1,38.3,-0.46,Highway,High,26.4,0.075,0,84.99,4.76,20.17,normal
V012,2026-08-22T10:00:11,Light Commercial,9,2.8,4156.9,CNG,19.047281,72.849133,27.9,1.2,4000.0,2,50.0,0.0,63.2,-1.26,Highway,High,29.6,0.083,0,84.98,5.2,18.65,normal
V012,2026-08-22T10:00:12,Light Commercial,9,2.8,4156.9,CNG,19.04734,72.84918,23.6,-1.2,4000.0,2,0.0,36.0,35.4,0.15,Highway,High,26.9,0.09,0,84.98,5.0,21.22,normal
V012,2026-08-22T10:00:13,Light Commercial,9,2.8,4156.9,CNG,19.047388,72.849218,19.3,-1.2,4000.0,2,0.0,36.0,34.3,-0.5,Highway,High,28.2,0.095,0,84.98,4.09,21.22,normal
V012,2026-08-22T10:00:14,Light Commercial,9,2.8,4156.9,CNG,19.047447,72.849266,23.6,1.2,4000.0,2,50.0,0.0,64.2,-0.6,Highway,High,28.0,0.102,0,84.98,4.72,20.02,normal
V012,2026-08-22T10:00:15,Light Commercial,9,2.8,4156.9,CNG,19.047507,72.849314,24.1,0.14,4000.0,2,23.5,0.0,47.3,-1.26,Highway,High,26.5,0.108,0,84.98,4.73,19.64,normal
V012,2026-08-22T10:00:16,Light Commercial,9,2.8,4156.9,CNG,19.047572,72.849366,25.9,0.5,4000.0,2,32.6,0.0,54.5,-0.03,Highway,High,28.1,0.115,0,84.98,5.24,20.23,normal
V012,2026-08-22T10:00:17,Light Commercial,9,2.8,4156.9,CNG,19.047626,72.849409,21.6,-1.2,4000.0,2,0.0,36.0,36.8,0.67,Highway,High,28.1,0.121,0,84.98,4.77,22.1,normal
V012,2026-08-22T10:00:18,Light Commercial,9,2.8,4156.9,CNG,19.04768,72.849452,21.6,0.0,4000.0,2,20.1,0.0,47.9,0.31,Highway,High,31.2,0.127,0,84.97,4.73,21.93,normal
V012,2026-08-22T10:00:19,Light Commercial,9,2.8,4156.9,CNG,19.047732,72.849493,20.7,-0.26,4000.0,2,13.6,0.0,41.5,-1.17,Highway,High,26.6,0.133,0,84.97,4.32,20.89,normal
V012,2026-08-22T10:00:20,Light Commercial,9,2.8,4156.9,CNG,19.04778,72.849532,19.5,-0.34,4000.0,2,11.6,10.1,46.9,1.86,Highway,High,29.3,0.139,0,84.97,4.88,25.11,normal
V012,2026-08-22T10:00:21,Light Commercial,9,2.8,4156.9,CNG,19.047823,72.849567,17.2,-0.62,4000.0,1,4.5,18.6,35.7,-1.41,Highway,High,28.4,0.143,0,84.97,3.66,21.26,normal
V012,2026-08-22T10:00:22,Light Commercial,9,2.8,4156.9,CNG,19.047868,72.849602,17.8,0.16,4000.0,1,24.1,0.0,49.3,-0.09,Highway,High,27.7,0.148,0,84.97,3.97,22.33,normal
V012,2026-08-22T10:00:23,Light Commercial,9,2.8,4156.9,CNG,19.047919,72.849643,20.7,0.8,4000.0,2,40.0,0.0,59.8,0.31,Highway,High,31.5,0.154,0,84.97,4.38,21.2,normal
V012,2026-08-22T10:00:24,Light Commercial,9,2.8,4156.9,CNG,19.047982,72.849693,24.9,1.17,4000.0,2,49.3,0.0,68.7,1.56,Highway,High,29.0,0.161,0,84.97,5.46,21.92,normal
V012,2026-08-22T10:00:25,Light Commercial,9,2.8,4156.9,CNG,19.048055,72.849752,29.2,1.2,4000.0,2,50.0,0.0,64.2,-0.58,Highway,High,26.8,0.169,0,84.97,5.53,18.94,normal
V012,2026-08-22T10:00:26,Light Commercial,9,2.8,4156.9,CNG,19.048117,72.849801,24.9,-1.2,4000.0,2,0.0,36.0,33.8,-0.84,Highway,High,27.9,0.176,0,84.96,4.9,19.7,normal
V012,2026-08-22T10:00:27,Light Commercial,9,2.8,4156.9,CNG,19.048189,72.849859,28.9,1.13,4000.0,2,48.2,0.0,65.4,0.56,Highway,High,30.0,0.184,0,84.96,6.12,21.13,normal
V012,2026-08-22T10:00:28,Light Commercial,9,2.8,4156.9,CNG,19.048251,72.849909,24.6,-1.2,4000.0,2,0.0,36.0,32.4,-1.86,Highway,High,31.8,0.191,0,84.96,4.75,19.29,normal
V012,2026-08-22T10:00:29,Light Commercial,9,2.8,4156.9,CNG,19.048313,72.849959,25.0,0.11,4000.0,2,22.7,0.0,51.0,0.92,Highway,High,28.5,0.198,0,84.96,5.74,22.96,normal
V012,2026-08-22T10:00:30,Light Commercial,9,2.8,4156.9,CNG,19.048365,72.85,20.7,-1.2,4000.0,2,0.0,36.0,36.8,0.69,Highway,High,28.2,0.204,0,84.96,4.48,21.66,normal
V012,2026-08-22T10:00:31,Light Commercial,9,2.8,4156.9,CNG,19.048407,72.850034,16.8,-1.08,4000.0,1,0.0,32.4,34.7,-0.23,Highway,High,25.0,0.208,0,84.96,3.61,21.51,normal
V012,2026-08-22T10:00:32,Light Commercial,9,2.8,4156.9,CNG,19.04846,72.850076,21.1,1.2,4000.0,2,50.0,0.0,64.5,-0.35,Highway,High,26.8,0.214,0,84.96,4.41,20.89,normal
V012,2026-08-22T10:00:33,Light Commercial,9,2.8,4156.9,CNG,19.048502,72.850109,16.8,-1.2,4000.0,1,0.0,36.0,37.7,1.04,Highway,High,27.6,0.219,0,84.95,4.06,24.15,normal
V012,2026-08-22T10:00:34,Light Commercial,9,2.8,4156.9,CNG,19.048552,72.850149,19.9,0.86,4000.0,2,41.4,0.0,60.2,0.14,Highway,High,29.3,0.224,0,84.95,4.33,21.8,normal
V012,2026-08-22T10:00:35,Light Commercial,9,2.8,4156.9,CNG,19.048612,72.850198,24.2,1.2,4000.0,2,50.0,0.0,66.3,0.49,Highway,High,28.8,0.231,0,84.95,5.31,21.95,normal
V012,2026-08-22T10:00:36,Light Commercial,9,2.8,4156.9,CNG,19.048683,72.850255,28.5,1.2,4000.0,2,50.0,0.0,63.6,-1.0,Highway,High,27.6,0.239,0,84.95,5.17,18.11,normal
V012,2026-08-22T10:00:37,Light Commercial,9,2.8,4156.9,CNG,19.048744,72.850303,24.2,-1.2,4000.0,2,0.0,36.0,36.4,0.53,Highway,High,26.5,0.246,0,84.95,5.37,22.19,normal
V012,2026-08-22T10:00:38,Light Commercial,9,2.8,4156.9,CNG,19.048797,72.850345,21.1,-0.86,4000.0,2,0.0,25.8,35.2,0.09,Highway,High,28.2,0.252,0,84.95,4.55,21.57,normal
V012,2026-08-22T10:00:39,Light Commercial,9,2.8,4156.9,CNG,19.048858,72.850394,24.5,0.95,4000.0,2,43.7,0.0,65.3,1.57,Highway,High,29.2,0.258,0,84.95,5.71,23.27,normal
V012,2026-08-22T10:00:40,Light Commercial,9,2.8,4156.9,CNG,19.04893,72.850452,28.8,1.2,4000.0,2,50.0,0.0,66.4,0.54,Highway,High,27.0,0.266,0,84.94,5.76,19.98,normal
V012,2026-08-22T10:00:41,Light Commercial,9,2.8,4156.9,CNG,19.049009,72.850515,31.4,0.7,4000.0,2,37.6,0.0,56.8,-0.5,Highway,High,25.7,0.275,0,84.94,5.68,18.1,normal
V012,2026-08-22T10:00:42,Light Commercial,9,2.8,4156.9,CNG,19.049076,72.850569,27.1,-1.2,4000.0,2,0.0,36.0,35.4,0.17,Highway,High,30.1,0.283,0,84.94,5.46,20.18,normal
V012,2026-08-22T10:00:43,Light Commercial,9,2.8,4156.9,CNG,19.049133,72.850614,22.7,-1.2,4000.0,2,0.0,36.0,34.7,-0.21,Highway,High,29.0,0.289,0,84.94,4.75,20.9,normal
V012,2026-08-22T10:00:44,Light Commercial,9,2.8,4156.9,CNG,19.049183,72.850655,20.1,-0.74,4000.0,2,1.6,22.1,36.9,0.38,Highway,High,29.6,0.294,0,84.94,4.44,22.14,normal
V012,2026-08-22T10:00:45,Light Commercial,9,2.8,4156.9,CNG,19.049244,72.850703,24.4,1.2,4000.0,2,50.0,0.0,66.9,0.73,Highway,High,26.2,0.301,0,84.94,5.23,21.44,normal
V012,2026-08-22T10:00:46,Light Commercial,9,2.8,4156.9,CNG,19.049294,72.850743,20.1,-1.2,4000.0,2,0.0,36.0,33.9,-0.79,Highway,High,29.5,0.307,0,84.94,4.14,20.61,normal
V012,2026-08-22T10:00:47,Light Commercial,9,2.8,4156.9,CNG,19.049335,72.850776,16.1,-1.09,4000.0,1,0.0,32.7,36.4,0.55,Highway,High,31.3,0.311,0,84.94,3.85,23.82,normal
V012,2026-08-22T10:00:48,Light Commercial,9,2.8,4156.9,CNG,19.049386,72.850817,20.5,1.2,4000.0,2,50.0,0.0,68.0,1.15,Highway,High,26.1,0.317,0,84.93,4.58,22.37,normal
V012,2026-08-22T10:00:49,Light Commercial,9,2.8,4156.9,CNG,19.049428,72.850851,17.0,-0.96,4000.0,1,0.0,28.7,35.9,0.34,Highway,High,27.8,0.322,0,84.93,3.9,22.91,normal
V012,2026-08-22T10:00:50,Light Commercial,9,2.8,4156.9,CNG,19.049465,72.85088,14.5,-0.7,4000.0,1,2.4,21.1,36.8,0.13,Highway,High,24.9,0.326,0,84.93,3.3,22.77,normal
V012,2026-08-22T10:00:51,Light Commercial,9,2.8,4156.9,CNG,19.049512,72.850917,18.8,1.2,4000.0,2,50.0,0.0,68.0,1.16,Highway,High,27.6,0.331,0,84.93,4.5,23.91,normal
V012,2026-08-22T10:00:52,Light Commercial,9,2.8,4156.9,CNG,19.049553,72.850951,16.6,-0.6,4000.0,1,5.0,18.1,38.5,0.2,Highway,High,28.5,0.336,0,84.93,3.79,22.81,normal
V012,2026-08-22T10:00:53,Light Commercial,9,2.8,4156.9,CNG,19.0496,72.850988,18.6,0.53,4000.0,2,33.3,0.0,58.0,1.14,Highway,High,27.6,0.341,0,84.93,4.43,23.86,normal
V012,2026-08-22T10:00:54,Light Commercial,9,2.8,4156.9,CNG,19.049657,72.851033,22.9,1.2,4000.0,2,50.0,0.0,65.4,0.14,Highway,High,31.2,0.347,0,84.93,4.96,21.7,normal
V012,2026-08-22T10:00:55,Light Commercial,9,2.8,4156.9,CNG,19.049724,72.851087,26.9,1.11,4000.0,2,47.7,0.0,63.5,-0.1,Highway,High,28.4,0.355,0,84.93,5.33,19.85,normal
V012,2026-08-22T10:00:56,Light Commercial,9,2.8,4156.9,CNG,19.04978,72.851132,22.5,-1.2,4000.0,2,0.0,36.0,38.5,1.32,Highway,High,29.2,0.361,0,84.92,5.24,23.24,normal
V012,2026-08-22T10:00:57,Light Commercial,9,2.8,4156.9,CNG,19.049844,72.851183,25.4,0.79,4000.0,2,39.8,0.0,57.5,-0.95,Highway,High,26.2,0.368,0,84.92,4.93,19.4,normal
V012,2026-08-22T10:00:58,Light Commercial,9,2.8,4156.9,CNG,19.049897,72.851225,21.1,-1.2,4000.0,2,0.0,36.0,34.5,-0.36,Highway,High,28.9,0.374,0,84.92,4.35,20.62,normal
V012,2026-08-22T10:00:59,Light Commercial,9,2.8,4156.9,CNG,19.049951,72.851268,21.6,0.15,4000.0,2,23.7,0.0,50.8,0.6,Highway,High,27.0,0.38,0,84.92,4.68,21.64,normal
V012,2026-08-22T10:01:00,Light Commercial,9,2.8,4156.9,CNG,19.050013,72.851319,25.2,0.98,4000.0,2,44.6,0.0,59.9,-1.33,Highway,High,28.5,0.387,0,84.92,5.16,20.5,normal
V012,2026-08-22T10:01:01,Light Commercial,9,2.8,4156.9,CNG,19.05007,72.851364,22.6,-0.7,4000.0,2,2.6,20.9,34.7,-1.29,Highway,High,28.2,0.393,0,84.92,4.33,19.1,normal
V012,2026-08-22T10:01:02,Light Commercial,9,2.8,4156.9,CNG,19.050128,72.851411,23.2,0.16,4000.0,2,24.1,0.0,51.3,0.72,Highway,High,29.1,0.399,0,84.92,5.14,22.1,normal
V012,2026-08-22T10:01:03,Light Commercial,9,2.8,4156.9,CNG,19.050192,72.851461,25.4,0.6,4000.0,2,35.1,0.0,55.8,-0.21,Highway,High,28.7,0.407,0,84.92,5.11,20.11,normal
V012,2026-08-22T10:01:04,Light Commercial,9,2.8,4156.9,CNG,19.050266,72.851521,29.7,1.2,4000.0,2,50.0,0.0,68.1,1.17,Highway,High,28.9,0.415,0,84.91,6.36,21.38,normal
V012,2026-08-22T10:01:05,Light Commercial,9,2.8,4156.9,CNG,19.05033,72.851572,25.4,-1.2,4000.0,2,0.0,36.0,33.8,-0.89,Highway,High,29.3,0.422,0,84.91,4.9,19.29,normal
V012,2026-08-22T10:01:06,Light Commercial,9,2.8,4156.9,CNG,19.0504,72.851628,28.2,0.78,4000.0,2,39.6,0.0,58.4,-0.26,Highway,High,25.9,0.43,0,84.91,5.49,19.44,normal
V012,2026-08-22T10:01:07,Light Commercial,9,2.8,4156.9,CNG,19.05046,72.851676,24.0,-1.19,4000.0,2,0.0,35.6,34.0,-0.73,Highway,High,27.2,0.436,0,84.91,4.75,19.82,normal
V012,2026-08-22T10:01:08,Light Commercial,9,2.8,4156.9,CNG,19.050509,72.851715,19.6,-1.2,4000.0,2,0.0,36.0,34.0,-0.72,Highway,High,27.6,0.442,0,84.91,4.21,21.44,normal
V012,2026-08-22T10:01:09,Light Commercial,9,2.8,4156.9,CNG,19.050569,72.851763,24.0,1.2,4000.0,2,50.0,0.0,63.8,-0.89,Highway,High,26.4,0.448,0,84.91,4.94,20.61,normal
V012,2026-08-22T10:01:10,Light Commercial,9,2.8,4156.9,CNG,19.050638,72.851818,27.4,0.96,4000.0,2,44.1,0.0,62.1,0.24,Highway,High,29.1,0.456,0,84.9,5.42,19.75,normal
V012,2026-08-22T10:01:11,Light Commercial,9,2.8,4156.9,CNG,19.050714,72.851879,30.5,0.86,4000.0,2,41.5,0.0,60.1,0.06,Highway,High,26.9,0.465,0,84.9,5.72,18.74,normal
V012,2026-08-22T10:01:12,Light Commercial,9,2.8,4156.9,CNG,19.050788,72.851938,29.4,-0.3,4000.0,2,12.5,9.0,39.2,-2.31,Highway,High,28.0,0.473,0,84.9,5.41,18.37,normal
V012,2026-08-22T10:01:13,Light Commercial,9,2.8,4156.9,CNG,19.05085,72.851988,25.1,-1.2,4000.0,2,0.0,36.0,38.2,1.24,Highway,High,25.0,0.48,0,84.9,5.7,22.68,normal
V012,2026-08-22T10:01:14,Light Commercial,9,2.8,4156.9,CNG,19.050924,72.852047,29.4,1.2,4000.0,2,50.0,0.0,65.7,0.28,Highway,High,27.5,0.488,0,84.9,5.79,19.65,normal
V012,2026-08-22T10:01:15,Light Commercial,9,2.8,4156.9,CNG,19.051,72.852108,30.2,0.22,4000.0,2,25.6,0.0,51.4,0.42,Highway,High,28.2,0.496,0,84.9,6.14,20.29,normal
V012,2026-08-22T10:01:16,Light Commercial,9,2.8,4156.9,CNG,19.051064,72.852159,25.9,-1.2,4000.0,2,0.0,36.0,35.1,0.03,Highway,High,27.5,0.504,0,84.9,5.32,20.52,normal
V012,2026-08-22T10:01:17,Light Commercial,9,2.8,4156.9,CNG,19.051129,72.852211,25.9,-0.0,4000.0,2,20.0,0.0,48.7,0.64,Highway,High,28.6,0.511,0,84.89,5.52,21.3,normal
V012,2026-08-22T10:01:18,Light Commercial,9,2.8,4156.9,CNG,19.051183,72.852255,21.6,-1.2,4000.0,2,0.0,36.0,33.7,-0.96,Highway,High,26.6,0.517,0,84.89,4.3,19.9,normal
V012,2026-08-22T10:01:19,Light Commercial,9,2.8,4156.9,CNG,19.051248,72.852306,25.9,1.2,4000.0,2,50.0,0.0,64.4,-0.41,Highway,High,26.3,0.524,0,84.89,5.2,20.07,normal
V012,2026-08-22T10:01:20,Light Commercial,9,2.8,4156.9,CNG,19.051313,72.852358,25.9,-0.02,4000.0,2,19.6,0.0,46.5,-0.16,Highway,High,28.2,0.531,0,84.89,5.15,19.93,normal
V012,2026-08-22T10:01:21,Light Commercial,9,2.8,4156.9,CNG,19.051366,72.852401,21.5,-1.2,4000.0,2,0.0,36.0,34.8,-0.12,Highway,High,28.1,0.537,0,84.89,4.74,22.02,normal
V012,2026-08-22T10:01:22,Light Commercial,9,2.8,4156.9,CNG,19.051413,72.852439,18.7,-0.78,4000.0,2,0.5,23.5,37.7,0.93,Highway,High,27.4,0.542,0,84.89,4.32,23.08,normal
V012,2026-08-22T10:01:23,Light Commercial,9,2.8,4156.9,CNG,19.051471,72.852485,23.0,1.2,4000.0,2,50.0,0.0,64.3,-0.52,Highway,High,27.0,0.549,0,84.89,4.72,20.47,normal
V012,2026-08-22T10:01:24,Light Commercial,9,2.8,4156.9,CNG,19.051518,72.852522,18.9,-1.15,4000.0,2,0.0,34.5,34.3,-0.52,Highway,High,28.2,0.554,0,84.88,4.04,21.36,normal
V012,2026-08-22T10:01:25,Light Commercial,9,2.8,4156.9,CNG,19.051559,72.852555,16.2,-0.75,4000.0,1,1.3,22.4,38.3,0.95,Highway,High,27.5,0.558,0,84.88,3.88,23.94,normal
V012,2026-08-22T10:01:26,Light Commercial,9,2.8,4156.9,CNG,19.051606,72.852593,19.0,0.77,4000.0,2,39.3,0.0,57.7,-0.63,Highway,High,28.4,0.564,0,84.88,3.92,20.65,normal
V012,2026-08-22T10:01:27,Light Commercial,9,2.8,4156.9,CNG,19.051664,72.852639,23.3,1.2,4000.0,2,50.0,0.0,64.0,-0.73,Highway,High,29.4,0.57,0,84.88,4.54,19.46,normal
V012,2026-08-22T10:01:28,Light Commercial,9,2.8,4156.9,CNG,19.051714,72.852679,19.8,-0.98,4000.0,2,0.0,29.3,37.1,0.8,Highway,High,30.5,0.576,0,84.88,4.74,23.94,normal
V012,2026-08-22T10:01:29,Light Commercial,9,2.8,4156.9,CNG,19.05177,72.852724,22.4,0.73,4000.0,2,38.3,0.0,57.9,-0.09,Highway,High,28.4,0.582,0,84.88,4.71,21.01,normal
V012,2026-08-22T10:01:30,Light Commercial,9,2.8,4156.9,CNG,19.051825,72.852768,22.2,-0.06,4000.0,2,18.5,0.0,47.4,0.5,Highway,High,28.9,0.588,0,84.88,4.87,21.93,normal
V012,2026-08-22T10:01:31,Light Commercial,9,2.8,4156.9,CNG,19.051882,72.852813,22.5,0.09,4000.0,2,22.2,0.0,48.2,-0.08,Highway,High,29.2,0.594,0,84.88,4.74,21.04,normal
V012,2026-08-22T10:01:32,Light Commercial,9,2.8,4156.9,CNG,19.051941,72.852861,23.7,0.34,4000.0,2,28.4,0.0,51.8,-0.2,Highway,High,28.1,0.601,0,84.87,4.91,20.7,normal
V012,2026-08-22T10:01:33,Light Commercial,9,2.8,4156.9,CNG,19.05199,72.8529,19.8,-1.09,4000.0,2,0.0,32.7,36.8,0.69,Highway,High,31.7,0.606,0,84.87,4.51,22.75,normal
V012,2026-08-22T10:01:34,Light Commercial,9,2.8,4156.9,CNG,19.052045,72.852944,22.0,0.6,4000.0,2,35.1,0.0,56.8,0.3,Highway,High,26.0,0.613,0,84.87,4.67,21.23,normal
V012,2026-08-22T10:01:35,Light Commercial,9,2.8,4156.9,CNG,19.052099,72.852987,21.6,-0.11,4000.0,2,17.2,0.0,43.8,-1.13,Highway,High,25.7,0.619,0,84.87,4.43,20.52,normal
V012,2026-08-22T10:01:36,Light Commercial,9,2.8,4156.9,CNG,19.052164,72.853039,25.9,1.2,4000.0,2,50.0,0.0,64.3,-0.51,Highway,High,26.9,0.626,0,84.87,5.23,20.19,normal
V012,2026-08-22T10:01:37,Light Commercial,9,2.8,4156.9,CNG,19.052218,72.853082,21.6,-1.2,4000.0,2,0.0,36.0,38.1,1.18,Highway,High,29.7,0.632,0,84.87,5.03,23.3,normal
V012,2026-08-22T10:01:38,Light Commercial,9,2.8,4156.9,CNG,19.052283,72.853134,25.9,1.2,4000.0,2,50.0,0.0,63.5,-1.08,Highway,High,25.3,0.639,0,84.87,5.0,19.31,normal
V012,2026-08-22T10:01:39,Light Commercial,9,2.8,4156.9,CNG,19.052337,72.853177,21.6,-1.2,4000.0,2,0.0,36.0,37.4,0.9,Highway,High,28.2,0.645,0,84.87,4.74,21.95,normal
V012,2026-08-22T10:01:40,Light Commercial,9,2.8,4156.9,CNG,19.05238,72.853212,17.3,-1.2,4000.0,1,0.0,36.0,33.5,-1.08,Highway,High,29.2,0.65,0,84.86,3.62,21.0,normal
V012,2026-08-22T10:01:41,Light Commercial,9,2.8,4156.9,CNG,19.052417,72.853242,14.9,-0.66,4000.0,1,3.5,19.8,37.3,0.09,Highway,High,29.6,0.654,0,84.86,3.43,23.07,normal
V012,2026-08-22T10:01:42,Light Commercial,9,2.8,4156.9,CNG,19.052465,72.85328,19.2,1.2,4000.0,2,50.0,0.0,67.2,0.84,Highway,High,26.8,0.659,0,84.86,4.39,22.88,normal
V012,2026-08-22T10:01:43,Light Commercial,9,2.8,4156.9,CNG,19.052524,72.853327,23.5,1.2,4000.0,2,50.0,0.0,65.0,0.0,Highway,High,28.3,0.666,0,84.86,4.82,20.47,normal
V012,2026-08-22T10:01:44,Light Commercial,9,2.8,4156.9,CNG,19.052585,72.853376,24.5,0.27,4000.0,2,26.8,0.0,51.3,0.1,Highway,High,26.1,0.672,0,84.86,5.21,21.25,normal
V012,2026-08-22T10:01:45,Light Commercial,9,2.8,4156.9,CNG,19.052636,72.853417,20.2,-1.2,4000.0,2,0.0,36.0,36.2,0.45,Highway,High,29.2,0.678,0,84.86,4.4,21.8,normal
V012,2026-08-22T10:01:46,Light Commercial,9,2.8,4156.9,CNG,19.052692,72.853461,22.4,0.6,4000.0,2,35.1,0.0,58.4,0.88,Highway,High,26.7,0.684,0,84.86,5.09,22.77,normal
V012,2026-08-22T10:01:47,Light Commercial,9,2.8,4156.9,CNG,19.052748,72.853506,22.5,0.03,4000.0,2,20.8,0.0,47.5,0.01,Highway,High,26.2,0.691,0,84.86,4.72,20.98,normal
V012,2026-08-22T10:01:48,Light Commercial,9,2.8,4156.9,CNG,19.052815,72.85356,26.8,1.2,4000.0,2,50.0,0.0,65.5,0.18,Highway,High,27.6,0.698,0,84.85,5.36,20.02,normal
V012,2026-08-22T10:01:49,Light Commercial,9,2.8,4156.9,CNG,19.052875,72.853608,24.0,-0.77,4000.0,2,0.8,23.1,33.7,-1.27,Highway,High,31.5,0.705,0,84.85,4.74,19.72,normal
V012,2026-08-22T10:01:50,Light Commercial,9,2.8,4156.9,CNG,19.052946,72.853665,28.3,1.2,4000.0,2,50.0,0.0,63.7,-0.96,Highway,High,26.8,0.713,0,84.85,5.11,18.04,normal
V012,2026-08-22T10:01:51,Light Commercial,9,2.8,4156.9,CNG,19.053017,72.853721,28.4,0.03,4000.0,2,20.7,0.0,47.8,0.14,Highway,High,28.2,0.72,0,84.85,5.69,19.99,normal
V012,2026-08-22T10:01:52,Light Commercial,9,2.8,4156.9,CNG,19.053092,72.853781,30.0,0.43,4000.0,2,30.7,0.0,50.7,-1.99,Highway,High,30.4,0.729,0,84.85,5.51,18.38,normal
V012,2026-08-22T10:01:53,Light Commercial,9,2.8,4156.9,CNG,19.053156,72.853833,25.7,-1.2,4000.0,2,0.0,36.0,35.6,0.23,Highway,High,28.9,0.736,0,84.85,5.42,21.11,normal
V012,2026-08-22T10:01:54,Light Commercial,9,2.8,4156.9,CNG,19.053225,72.853888,27.7,0.58,4000.0,2,34.4,0.0,55.5,-0.1,Highway,High,30.2,0.744,0,84.85,5.63,20.31,normal
V012,2026-08-22T10:01:55,Light Commercial,9,2.8,4156.9,CNG,19.053284,72.853935,23.4,-1.2,4000.0,2,0.0,36.0,34.7,-0.25,Highway,High,26.0,0.75,0,84.84,4.78,20.41,normal
V012,2026-08-22T10:01:56,Light Commercial,9,2.8,4156.9,CNG,19.053353,72.853991,27.7,1.2,4000.0,2,50.0,0.0,63.7,-0.95,Highway,High,26.1,0.758,0,84.84,5.42,19.55,normal
V012,2026-08-22T10:01:57,Light Commercial,9,2.8,4156.9,CNG,19.053424,72.854047,28.3,0.14,4000.0,2,23.6,0.0,48.7,-0.3,Highway,High,28.2,0.766,0,84.84,5.59,19.79,normal
V012,2026-08-22T10:01:58,Light Commercial,9,2.8,4156.9,CNG,19.053491,72.854101,27.0,-0.35,4000.0,2,11.2,10.6,42.5,0.31,Highway,High,25.8,0.773,0,84.84,5.62,20.84,normal
V012,2026-08-22T10:01:59,Light Commercial,9,2.8,4156.9,CNG,19.053548,72.854146,22.7,-1.2,4000.0,2,0.0,36.0,36.5,0.56,Highway,High,28.8,0.779,0,84.84,4.9,21.63,normal
V012,2026-08-22T12:00:00,Light Commercial,9,2.8,4249.8,CNG,19.039699,72.886075,23.2,-0.15,4000.0,1,81.6,0.0,88.9,1.2,Urban,Medium,28.8,0.006,0,49.49,10.98,47.36,excessive_revving
V012,2026-08-22T12:00:01,Light Commercial,9,2.8,4249.8,CNG,19.039758,72.886123,23.7,0.15,4000.0,1,69.2,0.0,74.2,0.97,Urban,Medium,27.1,0.013,0,49.48,11.25,47.36,excessive_revving
V012,2026-08-22T12:00:02,Light Commercial,9,2.8,4249.8,CNG,19.039821,72.886173,25.0,0.35,4000.0,1,68.4,0.0,79.0,-1.02,Urban,Medium,28.8,0.02,0,49.48,11.84,47.36,excessive_revving
V012,2026-08-22T12:00:03,Light Commercial,9,2.8,4249.8,CNG,19.039885,72.886224,25.9,0.25,4000.0,1,79.5,0.0,83.9,1.87,Urban,Medium,26.9,0.027,0,49.48,12.27,47.36,excessive_revving
V012,2026-08-22T12:00:04,Light Commercial,9,2.8,4249.8,CNG,19.03995,72.886276,25.9,0.01,4000.0,1,67.8,0.0,79.4,0.41,Urban,Medium,28.0,0.034,0,49.47,12.28,47.36,excessive_revving
V012,2026-08-22T12:00:05,Light Commercial,9,2.8,4249.8,CNG,19.040015,72.886328,25.8,-0.03,4000.0,1,87.0,0.0,77.9,0.83,Urban,Medium,28.9,0.042,0,49.47,12.22,47.36,excessive_revving
V012,2026-08-22T12:00:06,Light Commercial,9,2.8,4249.8,CNG,19.04008,72.88638,26.1,0.07,4000.0,1,78.1,0.0,76.8,-0.85,Urban,Medium,27.6,0.049,0,49.47,12.35,47.36,excessive_revving
V012,2026-08-22T12:00:07,Light Commercial,9,2.8,4249.8,CNG,19.040144,72.886432,25.8,-0.08,4000.0,1,72.8,0.0,78.3,-0.06,Urban,Medium,30.1,0.056,0,49.46,12.2,47.36,excessive_revving
V012,2026-08-22T12:00:08,Light Commercial,9,2.8,4249.8,CNG,19.040211,72.886485,26.9,0.3,4000.0,1,86.3,0.0,72.8,-1.37,Urban,Medium,26.9,0.063,0,49.46,12.72,47.36,excessive_revving
V012,2026-08-22T12:00:09,Light Commercial,9,2.8,4249.8,CNG,19.040279,72.886539,26.9,0.0,4000.0,1,77.2,0.0,75.7,0.67,Urban,Medium,27.0,0.071,0,49.46,12.73,47.36,excessive_revving
V012,2026-08-22T12:00:10,Light Commercial,9,2.8,4249.8,CNG,19.04035,72.886596,28.5,0.44,4000.0,1,70.2,0.0,81.9,0.8,Urban,Medium,27.1,0.079,0,49.45,13.48,47.36,excessive_revving
V012,2026-08-22T12:00:11,Light Commercial,9,2.8,4249.8,CNG,19.04042,72.886652,28.1,-0.11,4000.0,1,86.8,0.0,78.0,1.01,Urban,Medium,28.3,0.087,0,49.45,13.3,47.36,excessive_revving
V012,2026-08-22T12:00:12,Light Commercial,9,2.8,4249.8,CNG,19.040491,72.886709,28.5,0.12,4000.0,1,67.6,0.0,84.2,-1.39,Urban,Medium,27.7,0.095,0,49.44,13.51,47.36,excessive_revving
V012,2026-08-22T12:00:13,Light Commercial,9,2.8,4249.8,CNG,19.040561,72.886765,27.9,-0.18,4000.0,1,73.0,0.0,71.7,0.36,Urban,Medium,26.8,0.102,0,49.44,13.21,47.36,excessive_revving
V012,2026-08-22T12:00:14,Light Commercial,9,2.8,4249.8,CNG,19.040633,72.886822,28.7,0.21,4000.0,1,78.0,0.0,87.1,0.76,Urban,Medium,28.3,0.11,0,49.44,13.57,47.36,excessive_revving
V012,2026-08-22T12:00:15,Light Commercial,9,2.8,4249.8,CNG,19.040709,72.886884,30.7,0.57,4000.0,1,77.0,0.0,80.2,0.41,Urban,Medium,30.1,0.119,0,49.43,14.55,47.36,excessive_revving
V012,2026-08-22T12:00:16,Light Commercial,9,2.8,4249.8,CNG,19.04079,72.886949,32.4,0.47,4000.0,1,70.5,0.0,83.2,-0.5,Urban,Medium,28.7,0.128,0,49.43,15.36,47.36,excessive_revving
V012,2026-08-22T12:00:17,Light Commercial,9,2.8,4249.8,CNG,19.040872,72.887014,32.7,0.08,4000.0,1,81.3,0.0,73.6,0.55,Urban,Medium,30.2,0.137,0,49.42,15.5,47.36,excessive_revving
V012,2026-08-22T12:00:18,Light Commercial,9,2.8,4249.8,CNG,19.040958,72.887083,34.5,0.49,4000.0,1,71.8,0.0,85.0,0.7,Urban,Medium,29.7,0.146,0,49.42,16.33,47.36,excessive_revving
V012,2026-08-22T12:00:19,Light Commercial,9,2.8,4249.8,CNG,19.041043,72.887151,33.9,-0.15,4000.0,1,87.3,0.0,86.9,-2.88,Urban,Medium,28.3,0.156,0,49.42,16.07,47.36,excessive_revving
V012,2026-08-22T12:00:20,Light Commercial,9,2.8,4249.8,CNG,19.041131,72.887221,35.0,0.3,4000.0,1,80.2,0.0,78.6,-0.31,Urban,Medium,26.6,0.166,0,49.41,16.57,47.36,excessive_revving
V012,2026-08-22T12:00:21,Light Commercial,9,2.8,4249.8,CNG,19.041215,72.887288,33.8,-0.32,4000.0,1,68.1,0.0,82.6,-0.29,Urban,Medium,26.5,0.175,0,49.41,16.02,47.36,excessive_revving
V012,2026-08-22T12:00:22,Light Commercial,9,2.8,4249.8,CNG,19.041302,72.887358,34.6,0.2,4000.0,1,85.2,0.0,82.2,0.81,Urban,Medium,30.1,0.185,0,49.4,16.37,47.36,excessive_revving
V012,2026-08-22T12:00:23,Light Commercial,9,2.8,4249.8,CNG,19.041386,72.887425,33.5,-0.28,4000.0,1,68.8,0.0,72.1,-0.09,Urban,Medium,29.0,0.194,0,49.4,15.88,47.36,excessive_revving
V012,2026-08-22T12:00:24,Light Commercial,9,2.8,4249.8,CNG,19.041469,72.887492,33.5,0.0,4000.0,1,83.8,0.0,72.7,0.54,Urban,Medium,27.4,0.203,0,49.39,15.89,47.36,excessive_revving
V012,2026-08-22T12:00:25,Light Commercial,9,2.8,4249.8,CNG,19.041553,72.887559,33.4,-0.03,4000.0,1,88.2,0.0,89.8,-0.45,Urban,Medium,27.9,0.212,0,49.39,15.83,47.36,excessive_revving
V012,2026-08-22T12:00:26,Light Commercial,9,2.8,4249.8,CNG,19.041639,72.887627,34.3,0.24,4000.0,1,69.6,0.0,83.6,1.91,Urban,Medium,29.3,0.222,0,49.38,16.24,47.36,excessive_revving
V012,2026-08-22T12:00:27,Light Commercial,9,2.8,4249.8,CNG,19.041724,72.887695,34.0,-0.07,4000.0,1,68.9,0.0,87.0,-0.9,Urban,Medium,29.3,0.231,0,49.38,16.12,47.36,excessive_revving
V012,2026-08-22T12:00:28,Light Commercial,9,2.8,4249.8,CNG,19.041808,72.887763,33.7,-0.09,4000.0,1,74.5,0.0,74.7,1.32,Urban,Medium,26.0,0.241,0,49.38,15.96,47.36,excessive_revving
V012,2026-08-22T12:00:29,Light Commercial,9,2.8,4249.8,CNG,19.041895,72.887832,34.7,0.26,4000.0,1,84.3,0.0,86.5,-1.17,Urban,Medium,29.9,0.25,0,49.37,16.41,47.36,excessive_revving
V012,2026-08-22T12:00:30,Light Commercial,9,2.8,4249.8,CNG,19.041982,72.887902,35.0,0.1,4000.0,2,80.1,0.0,78.8,-1.46,Urban,Medium,29.2,0.26,0,49.37,16.58,47.36,excessive_revving
V012,2026-08-22T12:00:31,Light Commercial,9,2.8,4249.8,CNG,19.042069,72.887972,34.9,-0.04,4000.0,1,88.4,0.0,71.7,-1.54,Urban,Medium,28.9,0.27,0,49.36,16.51,47.36,excessive_revving
V012,2026-08-22T12:00:32,Light Commercial,9,2.8,4249.8,CNG,19.042155,72.88804,34.1,-0.21,4000.0,1,83.2,0.0,77.1,-1.1,Urban,Medium,26.7,0.279,0,49.36,16.15,47.36,excessive_revving
V012,2026-08-22T12:00:33,Light Commercial,9,2.8,4249.8,CNG,19.04224,72.888108,34.3,0.05,4000.0,1,74.2,0.0,80.5,-0.43,Urban,Medium,27.1,0.289,0,49.35,16.23,47.36,excessive_revving
V012,2026-08-22T12:00:34,Light Commercial,9,2.8,4249.8,CNG,19.042323,72.888175,33.1,-0.32,4000.0,1,76.8,0.0,82.3,0.29,Urban,Medium,25.6,0.298,0,49.35,15.69,47.36,excessive_revving
V012,2026-08-22T12:00:35,Light Commercial,9,2.8,4249.8,CNG,19.042412,72.888246,35.7,0.71,4000.0,2,89.6,0.0,86.5,0.47,Urban,Medium,31.0,0.308,0,49.34,16.9,47.36,excessive_revving
V012,2026-08-22T12:00:36,Light Commercial,9,2.8,4249.8,CNG,19.042504,72.888319,36.6,0.24,4000.0,2,77.3,0.0,82.5,1.15,Urban,Medium,27.7,0.318,0,49.34,17.31,47.36,excessive_revving
V012,2026-08-22T12:00:37,Light Commercial,9,2.8,4249.8,CNG,19.042594,72.888391,36.1,-0.13,4000.0,2,76.1,0.0,89.9,1.05,Urban,Medium,27.2,0.328,0,49.33,17.1,47.36,excessive_revving
V012,2026-08-22T12:00:38,Light Commercial,9,2.8,4249.8,CNG,19.042685,72.888464,36.5,0.1,4000.0,2,77.4,0.0,87.2,-0.03,Urban,Medium,29.2,0.338,0,49.33,17.27,47.36,excessive_revving
V012,2026-08-22T12:00:39,Light Commercial,9,2.8,4249.8,CNG,19.04278,72.88854,38.1,0.45,4000.0,2,74.7,0.0,86.1,2.79,Urban,Medium,31.1,0.349,0,49.32,18.03,47.36,excessive_revving
V012,2026-08-22T12:00:40,Light Commercial,9,2.8,4249.8,CNG,19.042877,72.888618,38.6,0.14,4000.0,2,70.0,0.0,83.4,-1.54,Urban,Medium,28.2,0.36,0,49.32,18.28,47.36,excessive_revving
V012,2026-08-22T12:00:41,Light Commercial,9,2.8,4249.8,CNG,19.04297,72.888692,37.3,-0.36,4000.0,2,79.7,0.0,74.7,-0.01,Urban,Medium,30.8,0.37,0,49.31,17.66,47.36,excessive_revving
V012,2026-08-22T12:00:42,Light Commercial,9,2.8,4249.8,CNG,19.043065,72.888768,37.8,0.14,4000.0,2,65.8,0.0,85.7,-0.59,Urban,Medium,28.0,0.38,0,49.31,17.91,47.36,excessive_revving
V012,2026-08-22T12:00:43,Light Commercial,9,2.8,4249.8,CNG,19.043161,72.888845,38.5,0.19,4000.0,2,69.1,0.0,86.0,-0.8,Urban,Medium,28.6,0.391,0,49.3,18.23,47.36,excessive_revving
V012,2026-08-22T12:00:44,Light Commercial,9,2.8,4249.8,CNG,19.043258,72.888922,38.7,0.07,4000.0,2,78.7,0.0,82.3,-0.89,Urban,Medium,27.2,0.402,0,49.3,18.34,47.36,excessive_revving
V012,2026-08-22T12:00:45,Light Commercial,9,2.8,4249.8,CNG,19.04335,72.888996,36.9,-0.5,4000.0,2,84.5,0.0,85.0,-0.77,Urban,Medium,28.4,0.412,0,49.29,17.49,47.36,excessive_revving
V012,2026-08-22T12:00:46,Light Commercial,9,2.8,4249.8,CNG,19.043441,72.889069,36.4,-0.14,4000.0,2,80.8,0.0,79.1,-0.53,Urban,Medium,27.4,0.422,0,49.29,17.24,47.36,excessive_revving
V012,2026-08-22T12:00:47,Light Commercial,9,2.8,4249.8,CNG,19.04353,72.88914,35.8,-0.18,4000.0,2,79.9,0.0,72.7,1.87,Urban,Medium,30.4,0.432,0,49.28,16.94,47.36,excessive_revving
V012,2026-08-22T12:00:48,Light Commercial,9,2.8,4249.8,CNG,19.043616,72.889209,34.3,-0.42,4000.0,1,69.1,0.0,72.0,-1.45,Urban,Medium,26.9,0.442,0,49.28,16.23,47.36,excessive_revving
V012,2026-08-22T12:00:49,Light Commercial,9,2.8,4249.8,CNG,19.043701,72.889277,34.2,-0.02,4000.0,1,65.7,0.0,76.5,1.96,Urban,Medium,29.1,0.451,0,49.28,16.19,47.36,excessive_revving
V012,2026-08-22T12:00:50,Light Commercial,9,2.8,4249.8,CNG,19.043786,72.889345,34.0,-0.06,4000.0,1,67.3,0.0,89.5,-0.27,Urban,Medium,24.5,0.461,0,49.27,16.08,47.36,excessive_revving
V012,2026-08-22T12:00:51,Light Commercial,9,2.8,4249.8,CNG,19.043871,72.889413,34.0,0.01,4000.0,1,87.7,0.0,79.9,-0.9,Urban,Medium,28.1,0.47,0,49.27,16.1,47.36,excessive_revving
V012,2026-08-22T12:00:52,Light Commercial,9,2.8,4249.8,CNG,19.04396,72.889484,35.4,0.4,4000.0,2,70.5,0.0,80.2,0.19,Urban,Medium,28.2,0.48,0,49.26,16.79,47.36,excessive_revving
V012,2026-08-22T12:00:53,Light Commercial,9,2.8,4249.8,CNG,19.044049,72.889556,35.7,0.08,4000.0,2,77.6,0.0,87.8,2.64,Urban,Medium,26.3,0.49,0,49.26,16.93,47.36,excessive_revving
V012,2026-08-22T12:00:54,Light Commercial,9,2.8,4249.8,CNG,19.04414,72.889628,36.4,0.17,4000.0,2,89.5,0.0,72.2,0.64,Urban,Medium,28.2,0.5,0,49.25,17.23,47.36,excessive_revving
V012,2026-08-22T12:00:55,Light Commercial,9,2.8,4249.8,CNG,19.04423,72.8897,36.0,-0.11,4000.0,2,86.9,0.0,80.4,2.09,Urban,Medium,27.2,0.51,0,49.25,17.04,47.36,excessive_revving
V012,2026-08-22T12:00:56,Light Commercial,9,2.8,4249.8,CNG,19.044319,72.889771,35.5,-0.14,4000.0,2,73.3,0.0,73.6,-0.24,Urban,Medium,27.9,0.52,0,49.24,16.8,47.36,excessive_revving
V012,2026-08-22T12:00:57,Light Commercial,9,2.8,4249.8,CNG,19.044408,72.889842,35.5,0.01,4000.0,2,65.2,0.0,73.0,1.49,Urban,Medium,25.9,0.53,0,49.24,16.82,47.36,excessive_revving
V012,2026-08-22T12:00:58,Light Commercial,9,2.8,4249.8,CNG,19.044493,72.88991,34.0,-0.42,4000.0,1,74.6,0.0,88.5,2.71,Urban,Medium,27.1,0.539,0,49.23,16.11,47.36,excessive_revving
V012,2026-08-22T12:00:59,Light Commercial,9,2.8,4249.8,CNG,19.044576,72.889977,33.5,-0.14,4000.0,1,80.4,0.0,84.8,-0.8,Urban,Medium,27.0,0.548,0,49.23,15.87,47.36,excessive_revving
V012,2026-08-22T12:01:00,Light Commercial,9,2.8,4249.8,CNG,19.044665,72.890048,35.3,0.49,4000.0,2,65.6,0.0,70.3,0.02,Urban,Medium,27.9,0.558,0,49.23,16.7,47.36,excessive_revving
V012,2026-08-22T12:01:01,Light Commercial,9,2.8,4249.8,CNG,19.044746,72.890113,32.6,-0.75,4000.0,1,81.8,0.0,81.3,1.42,Urban,Medium,28.6,0.567,0,49.22,15.42,47.36,excessive_revving
V012,2026-08-22T12:01:02,Light Commercial,9,2.8,4249.8,CNG,19.044831,72.890181,34.1,0.44,4000.0,1,72.3,0.0,84.3,1.34,Urban,Medium,28.2,0.577,0,49.22,16.17,47.36,excessive_revving
V012,2026-08-22T12:01:03,Light Commercial,9,2.8,4249.8,CNG,19.044916,72.890249,34.0,-0.04,4000.0,1,85.2,0.0,82.8,-1.67,Urban,Medium,26.1,0.586,0,49.21,16.1,47.36,excessive_revving
V012,2026-08-22T12:01:04,Light Commercial,9,2.8,4249.8,CNG,19.045003,72.890319,34.8,0.23,4000.0,1,70.0,0.0,73.9,0.45,Urban,Medium,31.3,0.596,0,49.21,16.5,47.36,excessive_revving
V012,2026-08-22T12:01:05,Light Commercial,9,2.8,4249.8,CNG,19.045095,72.890392,36.5,0.46,4000.0,2,87.1,0.0,74.3,-1.34,Urban,Medium,28.0,0.606,0,49.2,17.29,47.36,excessive_revving
V012,2026-08-22T12:01:06,Light Commercial,9,2.8,4249.8,CNG,19.045182,72.890462,35.0,-0.41,4000.0,2,68.7,0.0,72.0,0.98,Urban,Medium,26.1,0.616,0,49.2,16.6,47.36,excessive_revving
V012,2026-08-22T12:01:07,Light Commercial,9,2.8,4249.8,CNG,19.04527,72.890532,35.2,0.04,4000.0,2,71.6,0.0,87.9,-0.97,Urban,Medium,26.0,0.626,0,49.19,16.66,47.36,excessive_revving
V012,2026-08-22T12:01:08,Light Commercial,9,2.8,4249.8,CNG,19.045357,72.890602,34.8,-0.1,4000.0,1,89.7,0.0,74.7,0.72,Urban,Medium,25.7,0.635,0,49.19,16.49,47.36,excessive_revving
V012,2026-08-22T12:01:09,Light Commercial,9,2.8,4249.8,CNG,19.045447,72.890674,35.9,0.3,4000.0,2,68.1,0.0,86.1,-0.46,Urban,Medium,28.5,0.645,0,49.18,17.0,47.36,excessive_revving
V012,2026-08-22T12:01:10,Light Commercial,9,2.8,4249.8,CNG,19.045538,72.890747,36.4,0.13,4000.0,2,77.8,0.0,85.3,1.26,Urban,Medium,28.0,0.655,0,49.18,17.23,47.36,excessive_revving
V012,2026-08-22T12:01:11,Light Commercial,9,2.8,4249.8,CNG,19.045627,72.890818,35.7,-0.18,4000.0,2,77.2,0.0,71.6,-0.34,Urban,Medium,29.8,0.665,0,49.17,16.92,47.36,excessive_revving
V012,2026-08-22T12:01:12,Light Commercial,9,2.8,4249.8,CNG,19.045717,72.890889,35.7,-0.0,4000.0,2,79.4,0.0,85.3,-0.56,Urban,Medium,28.2,0.675,0,49.17,16.91,47.36,excessive_revving
V012,2026-08-22T12:01:13,Light Commercial,9,2.8,4249.8,CNG,19.045806,72.890961,35.7,0.0,4000.0,2,78.9,0.0,75.9,1.0,Urban,Medium,28.5,0.685,0,49.17,16.91,47.36,excessive_revving
V012,2026-08-22T12:01:14,Light Commercial,9,2.8,4249.8,CNG,19.045895,72.891032,35.8,0.02,4000.0,2,82.8,0.0,71.4,1.17,Urban,Medium,28.3,0.695,0,49.16,16.95,47.36,excessive_revving
V012,2026-08-22T12:01:15,Light Commercial,9,2.8,4249.8,CNG,19.045987,72.891106,36.6,0.23,4000.0,2,74.4,0.0,71.0,-0.21,Urban,Medium,29.0,0.705,0,49.16,17.34,47.36,excessive_revving
V012,2026-08-22T12:01:16,Light Commercial,9,2.8,4249.8,CNG,19.046079,72.891179,36.9,0.07,4000.0,2,68.5,0.0,71.3,1.74,Urban,Medium,28.6,0.715,0,49.15,17.46,47.36,excessive_revving
V012,2026-08-22T12:01:17,Light Commercial,9,2.8,4249.8,CNG,19.04617,72.891252,36.3,-0.15,4000.0,2,78.6,0.0,74.8,0.41,Urban,Medium,29.1,0.725,0,49.15,17.19,47.36,excessive_revving
V012,2026-08-22T12:01:18,Light Commercial,9,2.8,4249.8,CNG,19.046259,72.891323,35.5,-0.21,4000.0,2,75.7,0.0,75.2,-0.79,Urban,Medium,27.6,0.735,0,49.14,16.83,47.36,excessive_revving
V012,2026-08-22T12:01:19,Light Commercial,9,2.8,4249.8,CNG,19.04635,72.891396,36.5,0.26,4000.0,2,66.4,0.0,79.3,0.74,Urban,Medium,27.3,0.745,0,49.14,17.27,47.36,excessive_revving
V012,2026-08-22T12:01:20,Light Commercial,9,2.8,4249.8,CNG,19.046446,72.891473,38.4,0.55,4000.0,2,83.8,0.0,88.7,-0.16,Urban,Medium,29.5,0.756,0,49.13,18.2,47.36,excessive_revving
V012,2026-08-22T12:01:21,Light Commercial,9,2.8,4249.8,CNG,19.046539,72.891547,37.3,-0.33,4000.0,2,66.8,0.0,87.6,-0.59,Urban,Medium,28.1,0.766,0,49.13,17.64,47.36,excessive_revving
V012,2026-08-22T12:01:22,Light Commercial,9,2.8,4249.8,CNG,19.046629,72.891619,36.1,-0.33,4000.0,2,77.6,0.0,84.5,1.47,Urban,Medium,27.5,0.776,0,49.12,17.08,47.36,excessive_revving
V012,2026-08-22T12:01:23,Light Commercial,9,2.8,4249.8,CNG,19.04672,72.891693,36.5,0.13,4000.0,2,68.0,0.0,78.9,-0.07,Urban,Medium,23.8,0.787,0,49.12,17.3,47.36,excessive_revving
V012,2026-08-22T12:01:24,Light Commercial,9,2.8,4249.8,CNG,19.046808,72.891762,34.9,-0.45,4000.0,1,65.9,0.0,71.3,-0.1,Urban,Medium,31.2,0.796,0,49.11,16.54,47.36,excessive_revving
V012,2026-08-22T12:01:25,Light Commercial,9,2.8,4249.8,CNG,19.046893,72.89183,33.9,-0.28,4000.0,1,84.2,0.0,89.6,0.14,Urban,Medium,27.8,0.806,0,49.11,16.07,47.36,excessive_revving
V012,2026-08-22T12:01:26,Light Commercial,9,2.8,4249.8,CNG,19.04698,72.8919,34.8,0.25,4000.0,1,67.4,0.0,78.2,1.0,Urban,Medium,28.1,0.815,0,49.1,16.49,47.36,excessive_revving
V012,2026-08-22T12:01:27,Light Commercial,9,2.8,4249.8,CNG,19.047065,72.891968,34.2,-0.19,4000.0,1,76.4,0.0,81.9,-0.78,Urban,Medium,26.0,0.825,0,49.1,16.17,47.36,excessive_revving
V012,2026-08-22T12:01:28,Light Commercial,9,2.8,4249.8,CNG,19.047153,72.892039,35.2,0.3,4000.0,2,81.7,0.0,78.0,-2.06,Urban,Medium,27.5,0.835,0,49.09,16.68,47.36,excessive_revving
V012,2026-08-22T12:01:29,Light Commercial,9,2.8,4249.8,CNG,19.04724,72.892108,34.7,-0.13,4000.0,1,78.4,0.0,89.5,-0.89,Urban,Medium,28.6,0.844,0,49.09,16.45,47.36,excessive_revving
V012,2026-08-22T12:01:30,Light Commercial,9,2.8,4249.8,CNG,19.047327,72.892177,34.7,-0.01,4000.0,1,84.0,0.0,81.4,-0.68,Urban,Medium,30.3,0.854,0,49.09,16.43,47.36,excessive_revving
V012,2026-08-22T12:01:31,Light Commercial,9,2.8,4249.8,CNG,19.047417,72.892249,36.0,0.35,4000.0,2,72.3,0.0,88.6,-0.8,Urban,Medium,26.4,0.864,0,49.08,17.04,47.36,excessive_revving
V012,2026-08-22T12:01:32,Light Commercial,9,2.8,4249.8,CNG,19.04751,72.892324,37.4,0.4,4000.0,2,79.4,0.0,76.9,-0.11,Urban,Medium,28.2,0.874,0,49.08,17.72,47.36,excessive_revving
V012,2026-08-22T12:01:33,Light Commercial,9,2.8,4249.8,CNG,19.047602,72.892398,36.9,-0.13,4000.0,2,85.4,0.0,78.8,-0.35,Urban,Medium,30.0,0.885,0,49.07,17.5,47.36,excessive_revving
V012,2026-08-22T12:01:34,Light Commercial,9,2.8,4249.8,CNG,19.04769,72.892468,35.0,-0.53,4000.0,2,86.1,0.0,89.2,1.17,Urban,Medium,28.8,0.894,0,49.07,16.6,47.36,excessive_revving
V012,2026-08-22T12:01:35,Light Commercial,9,2.8,4249.8,CNG,19.04778,72.89254,36.1,0.29,4000.0,2,70.8,0.0,73.8,0.97,Urban,Medium,29.2,0.904,0,49.06,17.1,47.36,excessive_revving
V012,2026-08-22T12:01:36,Light Commercial,9,2.8,4249.8,CNG,19.047869,72.892611,35.5,-0.16,4000.0,2,83.0,0.0,82.4,0.54,Urban,Medium,29.1,0.914,0,49.06,16.83,47.36,excessive_revving
V012,2026-08-22T12:01:37,Light Commercial,9,2.8,4249.8,CNG,19.047955,72.89268,34.4,-0.32,4000.0,1,68.0,0.0,77.9,-0.58,Urban,Medium,29.5,0.924,0,49.05,16.28,47.36,excessive_revving
V012,2026-08-22T12:01:38,Light Commercial,9,2.8,4249.8,CNG,19.048042,72.89275,34.7,0.08,4000.0,1,72.4,0.0,82.8,-0.86,Urban,Medium,28.8,0.933,0,49.05,16.42,47.36,excessive_revving
V012,2026-08-22T12:01:39,Light Commercial,9,2.8,4249.8,CNG,19.048122,72.892814,32.0,-0.74,4000.0,1,85.7,0.0,76.2,-0.72,Urban,Medium,25.9,0.942,0,49.04,15.16,47.36,excessive_revving
V012,2026-08-22T12:01:40,Light Commercial,9,2.8,4249.8,CNG,19.048202,72.892877,31.9,-0.03,4000.0,1,83.3,0.0,79.5,-0.17,Urban,Medium,28.8,0.951,0,49.04,15.12,47.36,excessive_revving
V012,2026-08-22T12:01:41,Light Commercial,9,2.8,4249.8,CNG,19.048282,72.892942,32.1,0.04,4000.0,1,82.1,0.0,82.7,-0.1,Urban,Medium,28.0,0.96,0,49.03,15.19,47.36,excessive_revving
V012,2026-08-22T12:01:42,Light Commercial,9,2.8,4249.8,CNG,19.048361,72.893005,31.7,-0.1,4000.0,1,84.7,0.0,82.0,-1.66,Urban,Medium,30.6,0.969,0,49.03,15.03,47.36,excessive_revving
V012,2026-08-22T12:01:43,Light Commercial,9,2.8,4249.8,CNG,19.048441,72.893069,31.8,0.02,4000.0,1,80.9,0.0,84.2,1.4,Urban,Medium,29.4,0.978,0,49.03,15.06,47.36,excessive_revving
V012,2026-08-22T12:01:44,Light Commercial,9,2.8,4249.8,CNG,19.048519,72.893131,31.3,-0.14,4000.0,1,70.4,0.0,80.1,-1.85,Urban,Medium,27.6,0.986,0,49.02,14.83,47.36,excessive_revving
V012,2026-08-22T12:01:45,Light Commercial,9,2.8,4249.8,CNG,19.048598,72.893194,31.5,0.06,4000.0,1,68.6,0.0,80.1,0.17,Urban,Medium,30.9,0.995,0,49.02,14.92,47.36,excessive_revving
V012,2026-08-22T12:01:46,Light Commercial,9,2.8,4249.8,CNG,19.048677,72.893258,31.9,0.11,4000.0,1,73.5,0.0,73.7,3.2,Urban,Medium,27.9,1.004,0,49.01,15.12,47.36,excessive_revving
V012,2026-08-22T12:01:47,Light Commercial,9,2.8,4249.8,CNG,19.048756,72.893321,31.3,-0.17,4000.0,1,77.1,0.0,76.8,-0.51,Urban,Medium,29.8,1.013,0,49.01,14.82,47.36,excessive_revving
V012,2026-08-22T12:01:48,Light Commercial,9,2.8,4249.8,CNG,19.048836,72.893385,31.9,0.18,4000.0,1,84.9,0.0,82.3,-0.77,Urban,Medium,28.2,1.022,0,49.01,15.12,47.36,excessive_revving
V012,2026-08-22T12:01:49,Light Commercial,9,2.8,4249.8,CNG,19.048916,72.893449,32.2,0.09,4000.0,1,88.0,0.0,76.6,-0.96,Urban,Medium,26.1,1.031,0,49.0,15.27,47.36,excessive_revving
V012,2026-08-22T12:01:50,Light Commercial,9,2.8,4249.8,CNG,19.049001,72.893517,34.1,0.51,4000.0,1,65.6,0.0,87.1,-1.58,Urban,Medium,27.4,1.04,0,49.0,16.14,47.36,excessive_revving
V012,2026-08-22T12:01:51,Light Commercial,9,2.8,4249.8,CNG,19.049084,72.893583,33.1,-0.26,4000.0,1,80.3,0.0,90.0,0.0,Urban,Medium,26.6,1.049,0,48.99,15.69,47.36,excessive_revving
V012,2026-08-22T12:01:52,Light Commercial,9,2.8,4249.8,CNG,19.049168,72.893651,33.6,0.13,4000.0,1,75.0,0.0,77.4,-0.8,Urban,Medium,26.8,1.059,0,48.99,15.91,47.36,excessive_revving
V012,2026-08-22T12:01:53,Light Commercial,9,2.8,4249.8,CNG,19.049249,72.893715,32.2,-0.39,4000.0,1,73.1,0.0,73.7,-2.34,Urban,Medium,29.3,1.068,0,48.98,15.25,47.36,excessive_revving
V012,2026-08-22T12:01:54,Light Commercial,9,2.8,4249.8,CNG,19.049326,72.893777,31.0,-0.32,4000.0,1,69.0,0.0,76.1,0.16,Urban,Medium,29.7,1.076,0,48.98,14.7,47.36,excessive_revving
V012,2026-08-22T12:01:55,Light Commercial,9,2.8,4249.8,CNG,19.049404,72.893839,31.0,-0.01,4000.0,1,72.9,0.0,82.3,1.52,Urban,Medium,28.5,1.085,0,48.98,14.69,47.36,excessive_revving
V012,2026-08-22T12:01:56,Light Commercial,9,2.8,4249.8,CNG,19.04948,72.8939,30.6,-0.11,4000.0,1,79.1,0.0,75.6,0.51,Urban,Medium,28.1,1.093,0,48.97,14.49,47.36,excessive_revving
V012,2026-08-22T12:01:57,Light Commercial,9,2.8,4249.8,CNG,19.049556,72.893961,30.3,-0.09,4000.0,1,84.7,0.0,84.5,-0.95,Urban,Medium,28.5,1.102,0,48.97,14.33,47.36,excessive_revving
V012,2026-08-22T12:01:58,Light Commercial,9,2.8,4249.8,CNG,19.049626,72.894017,27.9,-0.64,4000.0,1,73.6,0.0,79.7,-0.82,Urban,Medium,28.1,1.109,0,48.96,13.23,47.36,excessive_revving
V012,2026-08-22T12:01:59,Light Commercial,9,2.8,4249.8,CNG,19.049697,72.894074,28.6,0.19,4000.0,1,83.9,0.0,89.1,-1.26,Urban,Medium,25.6,1.117,0,48.96,13.55,47.36,excessive_revving
V012,2026-08-22T14:00:00,Light Commercial,9,2.8,6129.5,CNG,19.111827,72.875668,57.7,3.58,4000.0,3,99.4,0.0,97.2,-1.53,Rural,Low,29.4,0.016,0,49.9,20.5,35.55,harsh_acceleration
V012,2026-08-22T14:00:01,Light Commercial,9,2.8,6129.5,CNG,19.112003,72.875808,70.4,3.53,4000.0,4,90.2,0.0,98.8,-1.02,Rural,Low,28.7,0.036,0,49.89,24.92,35.41,harsh_acceleration
V012,2026-08-22T14:00:02,Light Commercial,9,2.8,6129.5,CNG,19.112203,72.875968,79.8,2.62,4000.0,4,94.4,0.0,91.3,2.18,Rural,Low,26.7,0.058,0,49.88,29.06,36.42,harsh_acceleration
V012,2026-08-22T14:00:03,Light Commercial,9,2.8,6129.5,CNG,19.112439,72.876157,94.4,4.05,4000.0,5,90.1,0.0,93.6,1.04,Rural,Low,31.1,0.084,0,49.87,37.59,39.83,harsh_acceleration
V012,2026-08-22T14:00:04,Light Commercial,9,2.8,6129.5,CNG,19.112701,72.876367,105.0,3.7,4000.0,5,94.6,0.0,94.8,1.28,Rural,Low,28.8,0.113,0,49.86,45.91,43.72,harsh_acceleration
V012,2026-08-22T14:00:05,Light Commercial,9,2.8,6129.5,CNG,19.112964,72.876577,105.0,4.09,4000.0,5,91.9,0.0,98.3,-2.55,Rural,Low,28.8,0.142,0,49.85,45.91,43.72,harsh_acceleration
V012,2026-08-22T14:00:06,Light Commercial,9,2.8,6129.5,CNG,19.113226,72.876787,105.0,3.48,4000.0,5,86.6,0.0,99.9,-1.08,Rural,Low,27.8,0.171,0,49.84,45.91,43.72,harsh_acceleration
V012,2026-08-22T14:00:07,Light Commercial,9,2.8,6129.5,CNG,19.113489,72.876997,105.0,2.9,4000.0,5,89.2,0.0,91.2,1.01,Rural,Low,29.2,0.201,0,49.82,45.91,43.72,harsh_acceleration
V012,2026-08-22T14:00:08,Light Commercial,9,2.8,6129.5,CNG,19.113751,72.877207,105.0,3.14,4000.0,5,87.7,0.0,88.2,-0.1,Rural,Low,29.7,0.23,0,49.81,45.91,43.72,harsh_acceleration
V012,2026-08-22T14:00:09,Light Commercial,9,2.8,6129.5,CNG,19.114014,72.877417,105.0,3.62,4000.0,5,86.7,0.0,98.3,-0.34,Rural,Low,26.5,0.259,0,49.8,45.91,43.72,harsh_acceleration
V012,2026-08-22T14:00:10,Light Commercial,9,2.8,6129.5,CNG,19.114276,72.877627,105.0,2.87,4000.0,5,89.1,0.0,93.0,-0.13,Rural,Low,25.7,0.288,0,49.78,45.91,43.72,harsh_acceleration
V012,2026-08-22T14:00:11,Light Commercial,9,2.8,6129.5,CNG,19.114539,72.877837,105.0,3.88,4000.0,5,96.0,0.0,89.5,-1.39,Rural,Low,27.9,0.317,0,49.77,45.91,43.72,harsh_acceleration
V012,2026-08-22T14:00:12,Light Commercial,9,2.8,6129.5,CNG,19.114801,72.878047,105.0,2.7,4000.0,5,95.5,0.0,95.8,1.48,Rural,Low,28.1,0.346,0,49.76,45.91,43.72,harsh_acceleration
V012,2026-08-22T14:00:13,Light Commercial,9,2.8,6129.5,CNG,19.115064,72.878257,105.0,2.78,4000.0,5,87.6,0.0,95.4,-0.82,Rural,Low,29.6,0.376,0,49.75,45.91,43.72,harsh_acceleration
V012,2026-08-22T14:00:14,Light Commercial,9,2.8,6129.5,CNG,19.115326,72.878467,105.0,3.33,4000.0,5,90.7,0.0,92.2,-0.27,Rural,Low,29.8,0.405,0,49.73,45.91,43.72,harsh_acceleration
V012,2026-08-22T14:00:15,Light Commercial,9,2.8,6129.5,CNG,19.115589,72.878677,105.0,4.16,4000.0,5,85.9,0.0,89.8,1.06,Rural,Low,30.2,0.434,0,49.72,45.91,43.72,harsh_acceleration
V012,2026-08-22T14:00:16,Light Commercial,9,2.8,6129.5,CNG,19.115851,72.878887,105.0,2.74,4000.0,5,86.5,0.0,97.4,0.37,Rural,Low,25.4,0.463,0,49.71,45.91,43.72,harsh_acceleration
V012,2026-08-22T14:00:17,Light Commercial,9,2.8,6129.5,CNG,19.116114,72.879097,105.0,3.95,4000.0,5,90.8,0.0,95.4,0.6,Rural,Low,27.9,0.492,0,49.7,45.91,43.72,harsh_acceleration
V012,2026-08-22T14:00:18,Light Commercial,9,2.8,6129.5,CNG,19.116376,72.879307,105.0,3.05,4000.0,5,95.7,0.0,90.0,-1.55,Rural,Low,26.0,0.521,0,49.68,45.91,43.72,harsh_acceleration
V012,2026-08-22T14:00:19,Light Commercial,9,2.8,6129.5,CNG,19.116639,72.879517,105.0,2.69,4000.0,5,86.1,0.0,94.7,-0.97,Rural,Low,29.3,0.551,0,49.67,45.91,43.72,harsh_acceleration
V012,2026-08-22T14:00:20,Light Commercial,9,2.8,6129.5,CNG,19.116901,72.879727,105.0,3.05,4000.0,5,95.0,0.0,92.3,-0.32,Rural,Low,28.9,0.58,0,49.66,45.91,43.72,harsh_acceleration
V012,2026-08-22T14:00:21,Light Commercial,9,2.8,6129.5,CNG,19.117164,72.879937,105.0,2.83,4000.0,5,88.5,0.0,94.5,-2.05,Rural,Low,27.9,0.609,0,49.64,45.91,43.72,harsh_acceleration
V012,2026-08-22T14:00:22,Light Commercial,9,2.8,6129.5,CNG,19.117426,72.880147,105.0,3.55,4000.0,5,97.8,0.0,91.2,0.86,Rural,Low,28.8,0.638,0,49.63,45.91,43.72,harsh_acceleration
V012,2026-08-22T14:00:23,Light Commercial,9,2.8,6129.5,CNG,19.117689,72.880357,105.0,2.62,4000.0,5,91.9,0.0,95.6,0.29,Rural,Low,27.5,0.667,0,49.62,45.91,43.72,harsh_acceleration
V012,2026-08-22T14:00:24,Light Commercial,9,2.8,6129.5,CNG,19.117951,72.880567,105.0,3.43,4000.0,5,91.2,0.0,96.7,-0.89,Rural,Low,29.0,0.696,0,49.61,45.91,43.72,harsh_acceleration
V012,2026-08-22T14:00:25,Light Commercial,9,2.8,6129.5,CNG,19.118214,72.880777,105.0,3.55,4000.0,5,87.7,0.0,95.2,-0.83,Rural,Low,25.9,0.726,0,49.59,45.91,43.72,harsh_acceleration
V012,2026-08-22T14:00:26,Light Commercial,9,2.8,6129.5,CNG,19.118476,72.880987,105.0,2.75,4000.0,5,91.2,0.0,88.2,0.26,Rural,Low,30.9,0.755,0,49.58,45.91,43.72,harsh_acceleration
V012,2026-08-22T14:00:27,Light Commercial,9,2.8,6129.5,CNG,19.118739,72.881197,105.0,3.94,4000.0,5,86.5,0.0,97.2,0.67,Rural,Low,26.3,0.784,0,49.57,45.91,43.72,harsh_acceleration
V012,2026-08-22T14:00:28,Light Commercial,9,2.8,6129.5,CNG,19.119001,72.881407,105.0,3.28,4000.0,5,96.0,0.0,91.1,1.17,Rural,Low,25.7,0.813,0,49.55,45.91,43.72,harsh_acceleration
V012,2026-08-22T14:00:29,Light Commercial,9,2.8,6129.5,CNG,19.119264,72.881617,105.0,3.87,4000.0,5,93.8,0.0,93.5,-1.23,Rural,Low,31.4,0.842,0,49.54,45.91,43.72,harsh_acceleration
V012,2026-08-22T14:00:30,Light Commercial,9,2.8,6129.5,CNG,19.119526,72.881827,105.0,2.9,4000.0,5,86.6,0.0,93.2,-1.67,Rural,Low,28.6,0.871,0,49.53,45.91,43.72,harsh_acceleration
V012,2026-08-22T14:00:31,Light Commercial,9,2.8,6129.5,CNG,19.119789,72.882037,105.0,4.02,4000.0,5,90.0,0.0,97.5,0.02,Rural,Low,26.6,0.901,0,49.52,45.91,43.72,harsh_acceleration
V012,2026-08-22T14:00:32,Light Commercial,9,2.8,6129.5,CNG,19.120051,72.882247,105.0,3.06,4000.0,5,94.1,0.0,89.6,-0.94,Rural,Low,26.8,0.93,0,49.5,45.91,43.72,harsh_acceleration
V012,2026-08-22T14:00:33,Light Commercial,9,2.8,6129.5,CNG,19.120314,72.882457,105.0,3.4,4000.0,5,90.7,0.0,95.3,0.56,Rural,Low,28.8,0.959,0,49.49,45.91,43.72,harsh_acceleration
V012,2026-08-22T14:00:34,Light Commercial,9,2.8,6129.5,CNG,19.120576,72.882667,105.0,2.81,4000.0,5,89.7,0.0,96.1,0.06,Rural,Low,27.0,0.988,0,49.48,45.91,43.72,harsh_acceleration
V012,2026-08-22T14:00:35,Light Commercial,9,2.8,6129.5,CNG,19.120839,72.882877,105.0,3.43,4000.0,5,85.6,0.0,92.6,0.09,Rural,Low,27.8,1.017,0,49.47,45.91,43.72,harsh_acceleration
V012,2026-08-22T14:00:36,Light Commercial,9,2.8,6129.5,CNG,19.121101,72.883087,105.0,2.6,4000.0,5,91.7,0.0,90.2,0.84,Rural,Low,26.0,1.046,0,49.45,45.91,43.72,harsh_acceleration
V012,2026-08-22T14:00:37,Light Commercial,9,2.8,6129.5,CNG,19.121364,72.883297,105.0,3.56,4000.0,5,95.2,0.0,93.6,-2.53,Rural,Low,26.2,1.076,0,49.44,45.91,43.72,harsh_acceleration
V012,2026-08-22T14:00:38,Light Commercial,9,2.8,6129.5,CNG,19.121626,72.883507,105.0,3.84,4000.0,5,97.5,0.0,98.7,-0.43,Rural,Low,30.2,1.105,0,49.43,45.91,43.72,harsh_acceleration
V012,2026-08-22T14:00:39,Light Commercial,9,2.8,6129.5,CNG,19.121889,72.883717,105.0,3.03,4000.0,5,85.7,0.0,89.2,0.05,Rural,Low,28.4,1.134,0,49.41,45.91,43.72,harsh_acceleration
V012,2026-08-22T14:00:40,Light Commercial,9,2.8,6129.5,CNG,19.122151,72.883927,105.0,3.39,4000.0,5,89.9,0.0,91.5,0.44,Rural,Low,30.7,1.163,0,49.4,45.91,43.72,harsh_acceleration
V012,2026-08-22T14:00:41,Light Commercial,9,2.8,6129.5,CNG,19.122414,72.884137,105.0,3.8,4000.0,5,87.8,0.0,94.4,-0.09,Rural,Low,27.9,1.192,0,49.39,45.91,43.72,harsh_acceleration
V012,2026-08-22T14:00:42,Light Commercial,9,2.8,6129.5,CNG,19.122676,72.884347,105.0,2.82,4000.0,5,94.6,0.0,98.7,-0.2,Rural,Low,27.2,1.221,0,49.38,45.91,43.72,harsh_acceleration
V012,2026-08-22T14:00:43,Light Commercial,9,2.8,6129.5,CNG,19.122939,72.884557,105.0,3.65,4000.0,5,99.0,0.0,94.8,2.46,Rural,Low,28.7,1.251,0,49.36,45.91,43.72,harsh_acceleration
V012,2026-08-22T14:00:44,Light Commercial,9,2.8,6129.5,CNG,19.123201,72.884767,105.0,2.68,4000.0,5,98.2,0.0,88.5,0.42,Rural,Low,30.8,1.28,0,49.35,45.91,43.72,harsh_acceleration
V012,2026-08-22T14:00:45,Light Commercial,9,2.8,6129.5,CNG,19.123464,72.884977,105.0,3.69,4000.0,5,86.5,0.0,90.1,-0.02,Rural,Low,30.4,1.309,0,49.34,45.91,43.72,harsh_acceleration
V012,2026-08-22T14:00:46,Light Commercial,9,2.8,6129.5,CNG,19.123726,72.885187,105.0,2.6,4000.0,5,87.1,0.0,96.9,-0.48,Rural,Low,31.2,1.338,0,49.33,45.91,43.72,harsh_acceleration
V012,2026-08-22T14:00:47,Light Commercial,9,2.8,6129.5,CNG,19.123989,72.885397,105.0,3.71,4000.0,5,94.3,0.0,99.8,0.04,Rural,Low,29.6,1.367,0,49.31,45.91,43.72,harsh_acceleration
V012,2026-08-22T14:00:48,Light Commercial,9,2.8,6129.5,CNG,19.124251,72.885607,105.0,2.82,4000.0,5,90.3,0.0,93.8,-1.54,Rural,Low,27.9,1.396,0,49.3,45.91,43.72,harsh_acceleration
V012,2026-08-22T14:00:49,Light Commercial,9,2.8,6129.5,CNG,19.124514,72.885817,105.0,2.73,4000.0,5,93.9,0.0,94.7,1.64,Rural,Low,28.2,1.426,0,49.29,45.91,43.72,harsh_acceleration
V012,2026-08-22T14:00:50,Light Commercial,9,2.8,6129.5,CNG,19.124776,72.886027,105.0,3.95,4000.0,5,90.2,0.0,92.1,-1.52,Rural,Low,24.6,1.455,0,49.27,45.91,43.72,harsh_acceleration
V012,2026-08-22T14:00:51,Light Commercial,9,2.8,6129.5,CNG,19.125039,72.886237,105.0,2.96,4000.0,5,87.7,0.0,95.5,-0.43,Rural,Low,27.1,1.484,0,49.26,45.91,43.72,harsh_acceleration
V012,2026-08-22T14:00:52,Light Commercial,9,2.8,6129.5,CNG,19.125301,72.886447,105.0,4.17,4000.0,5,86.8,0.0,91.2,-0.84,Rural,Low,28.5,1.513,0,49.25,45.91,43.72,harsh_acceleration
V012,2026-08-22T14:00:53,Light Commercial,9,2.8,6129.5,CNG,19.125564,72.886657,105.0,2.82,4000.0,5,95.8,0.0,88.8,-1.28,Rural,Low,28.3,1.542,0,49.24,45.91,43.72,harsh_acceleration
V012,2026-08-22T14:00:54,Light Commercial,9,2.8,6129.5,CNG,19.125826,72.886867,105.0,3.62,4000.0,5,85.5,0.0,93.8,0.31,Rural,Low,29.0,1.571,0,49.22,45.91,43.72,harsh_acceleration
V012,2026-08-22T14:00:55,Light Commercial,9,2.8,6129.5,CNG,19.126089,72.887077,105.0,3.45,4000.0,5,89.1,0.0,93.3,-0.27,Rural,Low,27.3,1.601,0,49.21,45.91,43.72,harsh_acceleration
V012,2026-08-22T14:00:56,Light Commercial,9,2.8,6129.5,CNG,19.126351,72.887287,105.0,2.97,4000.0,5,91.9,0.0,89.3,-2.93,Rural,Low,26.4,1.63,0,49.2,45.91,43.72,harsh_acceleration
V012,2026-08-22T14:00:57,Light Commercial,9,2.8,6129.5,CNG,19.126614,72.887497,105.0,3.3,4000.0,5,98.9,0.0,97.0,1.91,Rural,Low,28.1,1.659,0,49.18,45.91,43.72,harsh_acceleration
V012,2026-08-22T14:00:58,Light Commercial,9,2.8,6129.5,CNG,19.126876,72.887707,105.0,3.66,4000.0,5,88.1,0.0,91.7,0.74,Rural,Low,29.3,1.688,0,49.17,45.91,43.72,harsh_acceleration
V012,2026-08-22T14:00:59,Light Commercial,9,2.8,6129.5,CNG,19.127139,72.887917,105.0,3.41,4000.0,5,97.7,0.0,92.9,-0.19,Rural,Low,26.9,1.717,0,49.16,45.91,43.72,harsh_acceleration
V012,2026-08-22T14:01:00,Light Commercial,9,2.8,6129.5,CNG,19.127401,72.888127,105.0,4.08,4000.0,5,85.8,0.0,95.8,-1.31,Rural,Low,29.9,1.746,0,49.15,45.91,43.72,harsh_acceleration
V012,2026-08-22T14:01:01,Light Commercial,9,2.8,6129.5,CNG,19.127664,72.888337,105.0,3.18,4000.0,5,93.9,0.0,91.5,1.18,Rural,Low,23.2,1.776,0,49.13,45.91,43.72,harsh_acceleration
V012,2026-08-22T14:01:02,Light Commercial,9,2.8,6129.5,CNG,19.127926,72.888547,105.0,3.66,4000.0,5,97.0,0.0,91.4,-1.02,Rural,Low,28.7,1.805,0,49.12,45.91,43.72,harsh_acceleration
V012,2026-08-22T14:01:03,Light Commercial,9,2.8,6129.5,CNG,19.128189,72.888757,105.0,4.02,4000.0,5,85.4,0.0,94.3,-0.13,Rural,Low,29.2,1.834,0,49.11,45.91,43.72,harsh_acceleration
V012,2026-08-22T14:01:04,Light Commercial,9,2.8,6129.5,CNG,19.128451,72.888967,105.0,3.74,4000.0,5,87.5,0.0,98.8,1.43,Rural,Low,27.3,1.863,0,49.1,45.91,43.72,harsh_acceleration
V012,2026-08-22T14:01:05,Light Commercial,9,2.8,6129.5,CNG,19.128714,72.889177,105.0,2.83,4000.0,5,96.4,0.0,97.9,0.75,Rural,Low,27.8,1.892,0,49.08,45.91,43.72,harsh_acceleration
V012,2026-08-22T14:01:06,Light Commercial,9,2.8,6129.5,CNG,19.128976,72.889387,105.0,2.69,4000.0,5,91.9,0.0,90.3,1.44,Rural,Low,29.0,1.921,0,49.07,45.91,43.72,harsh_acceleration
V012,2026-08-22T14:01:07,Light Commercial,9,2.8,6129.5,CNG,19.129239,72.889597,105.0,2.66,4000.0,5,88.7,0.0,98.5,0.75,Rural,Low,27.4,1.951,0,49.06,45.91,43.72,harsh_acceleration
V012,2026-08-22T14:01:08,Light Commercial,9,2.8,6129.5,CNG,19.129501,72.889807,105.0,3.99,4000.0,5,93.0,0.0,95.8,-0.79,Rural,Low,24.2,1.98,0,49.04,45.91,43.72,harsh_acceleration
V012,2026-08-22T14:01:09,Light Commercial,9,2.8,6129.5,CNG,19.129764,72.890017,105.0,2.98,4000.0,5,86.5,0.0,96.6,0.13,Rural,Low,27.0,2.009,0,49.03,45.91,43.72,harsh_acceleration
V012,2026-08-22T14:01:10,Light Commercial,9,2.8,6129.5,CNG,19.130026,72.890227,105.0,2.61,4000.0,5,93.2,0.0,93.7,-0.48,Rural,Low,25.6,2.038,0,49.02,45.91,43.72,harsh_acceleration
V012,2026-08-22T14:01:11,Light Commercial,9,2.8,6129.5,CNG,19.130289,72.890437,105.0,3.18,4000.0,5,87.7,0.0,97.1,2.09,Rural,Low,28.1,2.067,0,49.01,45.91,43.72,harsh_acceleration
V012,2026-08-22T14:01:12,Light Commercial,9,2.8,6129.5,CNG,19.130551,72.890647,105.0,2.7,4000.0,5,87.6,0.0,93.8,-1.12,Rural,Low,27.7,2.096,0,48.99,45.91,43.72,harsh_acceleration
V012,2026-08-22T14:01:13,Light Commercial,9,2.8,6129.5,CNG,19.130814,72.890857,105.0,3.67,4000.0,5,87.9,0.0,98.1,-0.4,Rural,Low,28.1,2.126,0,48.98,45.91,43.72,harsh_acceleration
V012,2026-08-22T14:01:14,Light Commercial,9,2.8,6129.5,CNG,19.131076,72.891067,105.0,3.75,4000.0,5,93.0,0.0,88.4,-1.66,Rural,Low,25.6,2.155,0,48.97,45.91,43.72,harsh_acceleration
V012,2026-08-22T14:01:15,Light Commercial,9,2.8,6129.5,CNG,19.131339,72.891277,105.0,2.76,4000.0,5,91.2,0.0,93.3,2.4,Rural,Low,27.0,2.184,0,48.96,45.91,43.72,harsh_acceleration
V012,2026-08-22T14:01:16,Light Commercial,9,2.8,6129.5,CNG,19.131601,72.891487,105.0,4.18,4000.0,5,97.6,0.0,93.0,0.79,Rural,Low,30.9,2.213,0,48.94,45.91,43.72,harsh_acceleration
V012,2026-08-22T14:01:17,Light Commercial,9,2.8,6129.5,CNG,19.131864,72.891697,105.0,4.09,4000.0,5,99.5,0.0,96.9,2.1,Rural,Low,27.3,2.242,0,48.93,45.91,43.72,harsh_acceleration
V012,2026-08-22T14:01:18,Light Commercial,9,2.8,6129.5,CNG,19.132126,72.891907,105.0,4.08,4000.0,5,89.3,0.0,97.4,1.31,Rural,Low,28.1,2.271,0,48.92,45.91,43.72,harsh_acceleration
V012,2026-08-22T14:01:19,Light Commercial,9,2.8,6129.5,CNG,19.132389,72.892117,105.0,2.93,4000.0,5,88.5,0.0,95.4,-1.12,Rural,Low,27.5,2.301,0,48.9,45.91,43.72,harsh_acceleration
V012,2026-08-22T14:01:20,Light Commercial,9,2.8,6129.5,CNG,19.132651,72.892327,105.0,2.78,4000.0,5,85.3,0.0,92.0,-0.37,Rural,Low,28.6,2.33,0,48.89,45.91,43.72,harsh_acceleration
V012,2026-08-22T14:01:21,Light Commercial,9,2.8,6129.5,CNG,19.132914,72.892537,105.0,3.58,4000.0,5,99.3,0.0,95.6,0.87,Rural,Low,26.8,2.359,0,48.88,45.91,43.72,harsh_acceleration
V012,2026-08-22T14:01:22,Light Commercial,9,2.8,6129.5,CNG,19.133176,72.892747,105.0,2.8,4000.0,5,97.2,0.0,95.5,-0.73,Rural,Low,30.6,2.388,0,48.87,45.91,43.72,harsh_acceleration
V012,2026-08-22T14:01:23,Light Commercial,9,2.8,6129.5,CNG,19.133439,72.892957,105.0,2.73,4000.0,5,85.8,0.0,99.0,-0.36,Rural,Low,25.7,2.417,0,48.85,45.91,43.72,harsh_acceleration
V012,2026-08-22T14:01:24,Light Commercial,9,2.8,6129.5,CNG,19.133701,72.893167,105.0,2.77,4000.0,5,93.5,0.0,88.9,0.15,Rural,Low,27.0,2.446,0,48.84,45.91,43.72,harsh_acceleration
V012,2026-08-22T14:01:25,Light Commercial,9,2.8,6129.5,CNG,19.133964,72.893377,105.0,3.02,4000.0,5,96.0,0.0,92.7,1.28,Rural,Low,30.4,2.476,0,48.83,45.91,43.72,harsh_acceleration
V012,2026-08-22T14:01:26,Light Commercial,9,2.8,6129.5,CNG,19.134226,72.893587,105.0,3.07,4000.0,5,96.4,0.0,96.4,-0.35,Rural,Low,28.3,2.505,0,48.82,45.91,43.72,harsh_acceleration
V012,2026-08-22T14:01:27,Light Commercial,9,2.8,6129.5,CNG,19.134489,72.893797,105.0,3.92,4000.0,5,96.7,0.0,91.7,-0.16,Rural,Low,27.2,2.534,0,48.8,45.91,43.72,harsh_acceleration
V012,2026-08-22T14:01:28,Light Commercial,9,2.8,6129.5,CNG,19.134751,72.894007,105.0,2.74,4000.0,5,88.6,0.0,98.5,-1.73,Rural,Low,28.2,2.563,0,48.79,45.91,43.72,harsh_acceleration
V012,2026-08-22T14:01:29,Light Commercial,9,2.8,6129.5,CNG,19.135014,72.894217,105.0,3.05,4000.0,5,87.1,0.0,93.7,0.13,Rural,Low,26.5,2.592,0,48.78,45.91,43.72,harsh_acceleration
V012,2026-08-22T14:01:30,Light Commercial,9,2.8,6129.5,CNG,19.135276,72.894427,105.0,3.69,4000.0,5,91.9,0.0,93.1,1.28,Rural,Low,26.3,2.621,0,48.76,45.91,43.72,harsh_acceleration
V012,2026-08-22T14:01:31,Light Commercial,9,2.8,6129.5,CNG,19.135539,72.894637,105.0,4.1,4000.0,5,90.1,0.0,92.8,0.12,Rural,Low,24.7,2.651,0,48.75,45.91,43.72,harsh_acceleration
V012,2026-08-22T14:01:32,Light Commercial,9,2.8,6129.5,CNG,19.135801,72.894847,105.0,3.52,4000.0,5,99.8,0.0,97.7,1.54,Rural,Low,27.4,2.68,0,48.74,45.91,43.72,harsh_acceleration
V012,2026-08-22T14:01:33,Light Commercial,9,2.8,6129.5,CNG,19.136064,72.895057,105.0,3.11,4000.0,5,99.0,0.0,95.2,-0.53,Rural,Low,27.4,2.709,0,48.73,45.91,43.72,harsh_acceleration
V012,2026-08-22T14:01:34,Light Commercial,9,2.8,6129.5,CNG,19.136326,72.895267,105.0,3.34,4000.0,5,87.0,0.0,94.8,1.25,Rural,Low,27.1,2.738,0,48.71,45.91,43.72,harsh_acceleration
V012,2026-08-22T14:01:35,Light Commercial,9,2.8,6129.5,CNG,19.136589,72.895477,105.0,2.64,4000.0,5,95.2,0.0,92.8,-0.85,Rural,Low,27.0,2.767,0,48.7,45.91,43.72,harsh_acceleration
V012,2026-08-22T14:01:36,Light Commercial,9,2.8,6129.5,CNG,19.136851,72.895687,105.0,3.57,4000.0,5,90.1,0.0,91.1,-1.05,Rural,Low,29.7,2.796,0,48.69,45.91,43.72,harsh_acceleration
V012,2026-08-22T14:01:37,Light Commercial,9,2.8,6129.5,CNG,19.137114,72.895897,105.0,4.14,4000.0,5,93.0,0.0,99.6,1.24,Rural,Low,28.0,2.826,0,48.67,45.91,43.72,harsh_acceleration
V012,2026-08-22T14:01:38,Light Commercial,9,2.8,6129.5,CNG,19.137376,72.896107,105.0,3.8,4000.0,5,85.5,0.0,93.9,-2.16,Rural,Low,28.6,2.855,0,48.66,45.91,43.72,harsh_acceleration
V012,2026-08-22T14:01:39,Light Commercial,9,2.8,6129.5,CNG,19.137639,72.896317,105.0,3.77,4000.0,5,87.8,0.0,94.6,0.28,Rural,Low,24.7,2.884,0,48.65,45.91,43.72,harsh_acceleration
V012,2026-08-22T14:01:40,Light Commercial,9,2.8,6129.5,CNG,19.137901,72.896527,105.0,3.02,4000.0,5,90.7,0.0,89.3,-1.78,Rural,Low,29.2,2.913,0,48.64,45.91,43.72,harsh_acceleration
V012,2026-08-22T14:01:41,Light Commercial,9,2.8,6129.5,CNG,19.138164,72.896737,105.0,3.49,4000.0,5,86.7,0.0,93.1,1.41,Rural,Low,28.1,2.942,0,48.62,45.91,43.72,harsh_acceleration
V012,2026-08-22T14:01:42,Light Commercial,9,2.8,6129.5,CNG,19.138426,72.896947,105.0,4.01,4000.0,5,89.4,0.0,88.6,0.6,Rural,Low,28.3,2.971,0,48.61,45.91,43.72,harsh_acceleration
V012,2026-08-22T14:01:43,Light Commercial,9,2.8,6129.5,CNG,19.138689,72.897157,105.0,3.64,4000.0,5,91.3,0.0,94.2,-0.65,Rural,Low,29.5,3.001,0,48.6,45.91,43.72,harsh_acceleration
V012,2026-08-22T14:01:44,Light Commercial,9,2.8,6129.5,CNG,19.138951,72.897367,105.0,3.32,4000.0,5,95.4,0.0,88.3,-0.38,Rural,Low,28.9,3.03,0,48.59,45.91,43.72,harsh_acceleration
V012,2026-08-22T14:01:45,Light Commercial,9,2.8,6129.5,CNG,19.139214,72.897577,105.0,3.29,4000.0,5,91.0,0.0,91.6,-0.45,Rural,Low,27.3,3.059,0,48.57,45.91,43.72,harsh_acceleration
V012,2026-08-22T14:01:46,Light Commercial,9,2.8,6129.5,CNG,19.139476,72.897787,105.0,3.43,4000.0,5,94.7,0.0,98.9,0.82,Rural,Low,29.1,3.088,0,48.56,45.91,43.72,harsh_acceleration
V012,2026-08-22T14:01:47,Light Commercial,9,2.8,6129.5,CNG,19.139739,72.897997,105.0,3.65,4000.0,5,89.1,0.0,90.4,1.12,Rural,Low,29.9,3.117,0,48.55,45.91,43.72,harsh_acceleration
V012,2026-08-22T14:01:48,Light Commercial,9,2.8,6129.5,CNG,19.140001,72.898207,105.0,4.17,4000.0,5,93.3,0.0,90.6,0.85,Rural,Low,29.1,3.146,0,48.53,45.91,43.72,harsh_acceleration
V012,2026-08-22T14:01:49,Light Commercial,9,2.8,6129.5,CNG,19.140264,72.898417,105.0,3.98,4000.0,5,91.4,0.0,91.4,-1.29,Rural,Low,27.9,3.176,0,48.52,45.91,43.72,harsh_acceleration
V012,2026-08-22T14:01:50,Light Commercial,9,2.8,6129.5,CNG,19.140526,72.898627,105.0,2.79,4000.0,5,96.6,0.0,90.4,1.06,Rural,Low,29.5,3.205,0,48.51,45.91,43.72,harsh_acceleration
V012,2026-08-22T14:01:51,Light Commercial,9,2.8,6129.5,CNG,19.140789,72.898837,105.0,3.05,4000.0,5,100.0,0.0,98.2,-0.97,Rural,Low,28.0,3.234,0,48.5,45.91,43.72,harsh_acceleration
V012,2026-08-22T14:01:52,Light Commercial,9,2.8,6129.5,CNG,19.141051,72.899047,105.0,3.3,4000.0,5,98.6,0.0,92.4,-0.63,Rural,Low,28.1,3.263,0,48.48,45.91,43.72,harsh_acceleration
V012,2026-08-22T14:01:53,Light Commercial,9,2.8,6129.5,CNG,19.141314,72.899257,105.0,3.26,4000.0,5,92.5,0.0,95.9,0.24,Rural,Low,28.2,3.292,0,48.47,45.91,43.72,harsh_acceleration
V012,2026-08-22T14:01:54,Light Commercial,9,2.8,6129.5,CNG,19.141576,72.899467,105.0,4.12,4000.0,5,99.4,0.0,88.5,1.4,Rural,Low,26.2,3.321,0,48.46,45.91,43.72,harsh_acceleration
V012,2026-08-22T14:01:55,Light Commercial,9,2.8,6129.5,CNG,19.141839,72.899677,105.0,3.94,4000.0,5,98.8,0.0,92.6,-0.26,Rural,Low,26.8,3.351,0,48.45,45.91,43.72,harsh_acceleration
V012,2026-08-22T14:01:56,Light Commercial,9,2.8,6129.5,CNG,19.142101,72.899887,105.0,3.67,4000.0,5,97.5,0.0,90.0,0.77,Rural,Low,27.6,3.38,0,48.43,45.91,43.72,harsh_acceleration
V012,2026-08-22T14:01:57,Light Commercial,9,2.8,6129.5,CNG,19.142364,72.900097,105.0,4.11,4000.0,5,95.3,0.0,95.2,0.33,Rural,Low,28.9,3.409,0,48.42,45.91,43.72,harsh_acceleration
V012,2026-08-22T14:01:58,Light Commercial,9,2.8,6129.5,CNG,19.142626,72.900307,105.0,3.41,4000.0,5,95.2,0.0,91.7,-0.67,Rural,Low,28.4,3.438,0,48.41,45.91,43.72,harsh_acceleration
V012,2026-08-22T14:01:59,Light Commercial,9,2.8,6129.5,CNG,19.142889,72.900517,105.0,4.09,4000.0,5,94.3,0.0,88.6,-0.63,Rural,Low,27.1,3.467,0,48.39,45.91,43.72,harsh_acceleration
V012,2026-08-22T16:00:00,Light Commercial,9,2.8,5698.2,CNG,19.107827,72.926062,23.3,0.78,4000.0,2,65.9,0.0,40.1,-4.27,Highway,Medium,30.4,0.006,0,91.88,4.09,17.57,downhill_acceleration
V012,2026-08-22T16:00:01,Light Commercial,9,2.8,5698.2,CNG,19.10789,72.926113,25.5,0.61,4000.0,2,53.6,0.0,48.3,-3.42,Highway,Medium,29.7,0.014,0,91.87,4.48,17.57,downhill_acceleration
V012,2026-08-22T16:00:02,Light Commercial,9,2.8,5698.2,CNG,19.107968,72.926175,31.0,1.53,4000.0,2,52.0,0.0,47.0,-2.92,Highway,Medium,27.4,0.022,0,91.87,5.45,17.57,downhill_acceleration
V012,2026-08-22T16:00:03,Light Commercial,9,2.8,5698.2,CNG,19.10806,72.926248,36.8,1.61,4000.0,3,47.2,0.0,61.0,-4.49,Highway,Medium,30.0,0.032,0,91.87,6.46,17.57,downhill_acceleration
V012,2026-08-22T16:00:04,Light Commercial,9,2.8,5698.2,CNG,19.108167,72.926334,43.1,1.75,4000.0,3,50.7,0.0,41.0,-4.42,Highway,Medium,27.1,0.044,0,91.87,7.57,17.57,downhill_acceleration
V012,2026-08-22T16:00:05,Light Commercial,9,2.8,5698.2,CNG,19.108289,72.926431,48.4,1.5,4000.0,3,48.8,0.0,55.8,-3.53,Highway,Medium,24.3,0.058,0,91.87,8.51,17.57,downhill_acceleration
V012,2026-08-22T16:00:06,Light Commercial,9,2.8,5698.2,CNG,19.108419,72.926535,52.0,0.98,4000.0,3,72.3,0.0,54.4,-2.46,Highway,Medium,27.7,0.072,0,91.86,9.14,17.57,downhill_acceleration
V012,2026-08-22T16:00:07,Light Commercial,9,2.8,5698.2,CNG,19.108561,72.926649,56.8,1.34,4000.0,4,48.8,0.0,43.3,-4.39,Highway,Medium,26.4,0.088,0,91.86,9.98,17.57,downhill_acceleration
V012,2026-08-22T16:00:08,Light Commercial,9,2.8,5698.2,CNG,19.108718,72.926775,63.1,1.76,4000.0,4,46.5,0.0,56.8,-3.73,Highway,Medium,27.6,0.106,0,91.86,11.1,17.57,downhill_acceleration
V012,2026-08-22T16:00:09,Light Commercial,9,2.8,5698.2,CNG,19.108885,72.926908,66.5,0.93,4000.0,4,54.0,0.0,41.7,-3.9,Highway,Medium,30.2,0.124,0,91.85,11.69,17.57,downhill_acceleration
V012,2026-08-22T16:00:10,Light Commercial,9,2.8,5698.2,CNG,19.109065,72.927053,72.3,1.62,4000.0,5,49.4,0.0,59.2,-4.17,Highway,Medium,28.1,0.144,0,91.85,12.71,17.57,downhill_acceleration
V012,2026-08-22T16:00:11,Light Commercial,9,2.8,5698.2,CNG,19.109262,72.92721,78.7,1.76,4000.0,5,60.7,0.0,54.7,-3.85,Highway,Medium,27.4,0.166,0,91.85,13.82,17.57,downhill_acceleration
V012,2026-08-22T16:00:12,Light Commercial,9,2.8,5698.2,CNG,19.109465,72.927373,81.2,0.71,4000.0,5,62.9,0.0,42.8,-3.27,Highway,Medium,29.0,0.189,0,91.84,14.27,17.57,downhill_acceleration
V012,2026-08-22T16:00:13,Light Commercial,9,2.8,5698.2,CNG,19.109682,72.927546,86.9,1.58,4000.0,5,66.9,0.0,51.5,-3.36,Highway,Medium,29.0,0.213,0,91.84,15.27,17.57,downhill_acceleration
V012,2026-08-22T16:00:14,Light Commercial,9,2.8,5698.2,CNG,19.109912,72.92773,91.7,1.35,4000.0,6,65.8,0.0,47.3,-3.7,Highway,Medium,28.8,0.238,0,91.83,16.12,17.57,downhill_acceleration
V012,2026-08-22T16:00:15,Light Commercial,9,2.8,5698.2,CNG,19.110149,72.92792,95.0,1.28,4000.0,6,55.8,0.0,45.9,-2.49,Highway,Medium,27.9,0.265,0,91.83,16.69,17.57,downhill_acceleration
V012,2026-08-22T16:00:16,Light Commercial,9,2.8,5698.2,CNG,19.110387,72.92811,95.0,1.08,4000.0,6,52.9,0.0,47.0,-2.26,Highway,Medium,29.2,0.291,0,91.83,16.69,17.57,downhill_acceleration
V012,2026-08-22T16:00:17,Light Commercial,9,2.8,5698.2,CNG,19.110624,72.9283,95.0,1.57,4000.0,6,58.0,0.0,56.9,-2.74,Highway,Medium,28.9,0.317,0,91.82,16.69,17.57,downhill_acceleration
V012,2026-08-22T16:00:18,Light Commercial,9,2.8,5698.2,CNG,19.110862,72.92849,95.0,1.7,4000.0,6,67.5,0.0,42.1,-2.88,Highway,Medium,27.6,0.344,0,91.82,16.69,17.57,downhill_acceleration
V012,2026-08-22T16:00:19,Light Commercial,9,2.8,5698.2,CNG,19.111099,72.92868,95.0,1.5,4000.0,6,53.5,0.0,48.6,-3.3,Highway,Medium,30.0,0.37,0,91.81,16.69,17.57,downhill_acceleration
V012,2026-08-22T16:00:20,Light Commercial,9,2.8,5698.2,CNG,19.111337,72.92887,95.0,0.76,4000.0,6,58.0,0.0,53.5,-2.81,Highway,Medium,27.2,0.396,0,91.81,16.69,17.57,downhill_acceleration
V012,2026-08-22T16:00:21,Light Commercial,9,2.8,5698.2,CNG,19.111574,72.92906,95.0,1.64,4000.0,6,65.6,0.0,60.1,-2.4,Highway,Medium,28.7,0.423,0,91.8,16.69,17.57,downhill_acceleration
V012,2026-08-22T16:00:22,Light Commercial,9,2.8,5698.2,CNG,19.111812,72.92925,95.0,1.04,4000.0,6,74.9,0.0,49.9,-2.6,Highway,Medium,27.7,0.449,0,91.8,16.69,17.57,downhill_acceleration
V012,2026-08-22T16:00:23,Light Commercial,9,2.8,5698.2,CNG,19.112049,72.92944,95.0,1.56,4000.0,6,53.2,0.0,43.4,-4.2,Highway,Medium,27.4,0.476,0,91.79,16.69,17.57,downhill_acceleration
V012,2026-08-22T16:00:24,Light Commercial,9,2.8,5698.2,CNG,19.112287,72.92963,95.0,1.57,4000.0,6,50.8,0.0,54.6,-3.37,Highway,Medium,31.1,0.502,0,91.79,16.69,17.57,downhill_acceleration
V012,2026-08-22T16:00:25,Light Commercial,9,2.8,5698.2,CNG,19.112524,72.92982,95.0,0.91,4000.0,6,56.1,0.0,53.8,-2.52,Highway,Medium,25.6,0.528,0,91.78,16.69,17.57,downhill_acceleration
V012,2026-08-22T16:00:26,Light Commercial,9,2.8,5698.2,CNG,19.112762,72.93001,95.0,1.49,4000.0,6,46.5,0.0,40.6,-2.74,Highway,Medium,31.3,0.555,0,91.78,16.69,17.57,downhill_acceleration
V012,2026-08-22T16:00:27,Light Commercial,9,2.8,5698.2,CNG,19.112999,72.9302,95.0,1.08,4000.0,6,71.1,0.0,41.5,-4.2,Highway,Medium,27.5,0.581,0,91.77,16.69,17.57,downhill_acceleration
V012,2026-08-22T16:00:28,Light Commercial,9,2.8,5698.2,CNG,19.113237,72.93039,95.0,1.3,4000.0,6,67.4,0.0,43.2,-4.3,Highway,Medium,27.0,0.608,0,91.77,16.69,17.57,downhill_acceleration
V012,2026-08-22T16:00:29,Light Commercial,9,2.8,5698.2,CNG,19.113474,72.93058,95.0,1.59,4000.0,6,74.1,0.0,59.9,-3.1,Highway,Medium,25.5,0.634,0,91.76,16.69,17.57,downhill_acceleration
V012,2026-08-22T16:00:30,Light Commercial,9,2.8,5698.2,CNG,19.113712,72.93077,95.0,0.91,4000.0,6,62.7,0.0,48.9,-3.21,Highway,Medium,31.2,0.66,0,91.76,16.69,17.57,downhill_acceleration
V012,2026-08-22T16:00:31,Light Commercial,9,2.8,5698.2,CNG,19.113949,72.93096,95.0,1.06,4000.0,6,64.1,0.0,44.4,-2.48,Highway,Medium,27.1,0.687,0,91.76,16.69,17.57,downhill_acceleration
V012,2026-08-22T16:00:32,Light Commercial,9,2.8,5698.2,CNG,19.114187,72.93115,95.0,1.4,4000.0,6,72.6,0.0,41.5,-2.24,Highway,Medium,26.7,0.713,0,91.75,16.69,17.57,downhill_acceleration
V012,2026-08-22T16:00:33,Light Commercial,9,2.8,5698.2,CNG,19.114424,72.93134,95.0,1.21,4000.0,6,57.7,0.0,59.8,-2.25,Highway,Medium,27.7,0.74,0,91.75,16.69,17.57,downhill_acceleration
V012,2026-08-22T16:00:34,Light Commercial,9,2.8,5698.2,CNG,19.114662,72.93153,95.0,0.87,4000.0,6,70.4,0.0,46.2,-4.08,Highway,Medium,24.5,0.766,0,91.74,16.69,17.57,downhill_acceleration
V012,2026-08-22T16:00:35,Light Commercial,9,2.8,5698.2,CNG,19.114899,72.93172,95.0,1.56,4000.0,6,69.5,0.0,48.7,-2.21,Highway,Medium,27.4,0.792,0,91.74,16.69,17.57,downhill_acceleration
V012,2026-08-22T16:00:36,Light Commercial,9,2.8,5698.2,CNG,19.115137,72.93191,95.0,0.81,4000.0,6,64.7,0.0,50.0,-3.45,Highway,Medium,26.4,0.819,0,91.73,16.69,17.57,downhill_acceleration
V012,2026-08-22T16:00:37,Light Commercial,9,2.8,5698.2,CNG,19.115374,72.9321,95.0,1.36,4000.0,6,58.6,0.0,48.4,-2.75,Highway,Medium,30.6,0.845,0,91.73,16.69,17.57,downhill_acceleration
V012,2026-08-22T16:00:38,Light Commercial,9,2.8,5698.2,CNG,19.115612,72.93229,95.0,1.51,4000.0,6,53.6,0.0,62.8,-2.47,Highway,Medium,30.5,0.871,0,91.72,16.69,17.57,downhill_acceleration
V012,2026-08-22T16:00:39,Light Commercial,9,2.8,5698.2,CNG,19.115849,72.93248,95.0,0.75,4000.0,6,61.0,0.0,63.4,-2.8,Highway,Medium,30.2,0.898,0,91.72,16.69,17.57,downhill_acceleration
V012,2026-08-22T16:00:40,Light Commercial,9,2.8,5698.2,CNG,19.116087,72.93267,95.0,0.77,4000.0,6,66.6,0.0,57.6,-2.44,Highway,Medium,28.7,0.924,0,91.71,16.69,17.57,downhill_acceleration
V012,2026-08-22T16:00:41,Light Commercial,9,2.8,5698.2,CNG,19.116324,72.93286,95.0,1.53,4000.0,6,73.1,0.0,50.3,-3.08,Highway,Medium,28.4,0.951,0,91.71,16.69,17.57,downhill_acceleration
V012,2026-08-22T16:00:42,Light Commercial,9,2.8,5698.2,CNG,19.116562,72.93305,95.0,1.07,4000.0,6,65.9,0.0,44.1,-2.66,Highway,Medium,27.7,0.977,0,91.7,16.69,17.57,downhill_acceleration
V012,2026-08-22T16:00:43,Light Commercial,9,2.8,5698.2,CNG,19.116799,72.93324,95.0,1.5,4000.0,6,72.2,0.0,59.4,-2.65,Highway,Medium,25.9,1.003,0,91.7,16.69,17.57,downhill_acceleration
V012,2026-08-22T16:00:44,Light Commercial,9,2.8,5698.2,CNG,19.117037,72.93343,95.0,1.21,4000.0,6,46.6,0.0,41.5,-3.93,Highway,Medium,28.2,1.03,0,91.7,16.69,17.57,downhill_acceleration
V012,2026-08-22T16:00:45,Light Commercial,9,2.8,5698.2,CNG,19.117274,72.93362,95.0,1.64,4000.0,6,54.1,0.0,48.6,-4.09,Highway,Medium,27.0,1.056,0,91.69,16.69,17.57,downhill_acceleration
V012,2026-08-22T16:00:46,Light Commercial,9,2.8,5698.2,CNG,19.117512,72.93381,95.0,1.33,4000.0,6,70.3,0.0,42.1,-4.09,Highway,Medium,29.3,1.083,0,91.69,16.69,17.57,downhill_acceleration
V012,2026-08-22T16:00:47,Light Commercial,9,2.8,5698.2,CNG,19.117749,72.934,95.0,1.6,4000.0,6,45.7,0.0,56.4,-2.99,Highway,Medium,27.9,1.109,0,91.68,16.69,17.57,downhill_acceleration
V012,2026-08-22T16:00:48,Light Commercial,9,2.8,5698.2,CNG,19.117987,72.93419,95.0,1.79,4000.0,6,65.8,0.0,61.4,-2.6,Highway,Medium,27.4,1.135,0,91.68,16.69,17.57,downhill_acceleration
V012,2026-08-22T16:00:49,Light Commercial,9,2.8,5698.2,CNG,19.118224,72.93438,95.0,1.57,4000.0,6,74.9,0.0,56.6,-2.87,Highway,Medium,27.6,1.162,0,91.67,16.69,17.57,downhill_acceleration
V012,2026-08-22T16:00:50,Light Commercial,9,2.8,5698.2,CNG,19.118462,72.93457,95.0,0.63,4000.0,6,57.1,0.0,53.4,-3.84,Highway,Medium,27.5,1.188,0,91.67,16.69,17.57,downhill_acceleration
V012,2026-08-22T16:00:51,Light Commercial,9,2.8,5698.2,CNG,19.118699,72.93476,95.0,1.28,4000.0,6,49.1,0.0,59.9,-4.37,Highway,Medium,28.4,1.215,0,91.66,16.69,17.57,downhill_acceleration
V012,2026-08-22T16:00:52,Light Commercial,9,2.8,5698.2,CNG,19.118937,72.93495,95.0,0.9,4000.0,6,48.9,0.0,57.5,-4.08,Highway,Medium,29.7,1.241,0,91.66,16.69,17.57,downhill_acceleration
V012,2026-08-22T16:00:53,Light Commercial,9,2.8,5698.2,CNG,19.119174,72.93514,95.0,0.99,4000.0,6,46.9,0.0,56.4,-3.6,Highway,Medium,27.4,1.267,0,91.65,16.69,17.57,downhill_acceleration
V012,2026-08-22T16:00:54,Light Commercial,9,2.8,5698.2,CNG,19.119412,72.93533,95.0,0.88,4000.0,6,49.8,0.0,50.7,-4.08,Highway,Medium,29.4,1.294,0,91.65,16.69,17.57,downhill_acceleration
V012,2026-08-22T16:00:55,Light Commercial,9,2.8,5698.2,CNG,19.119649,72.93552,95.0,0.84,4000.0,6,65.1,0.0,57.8,-3.08,Highway,Medium,27.6,1.32,0,91.64,16.69,17.57,downhill_acceleration
V012,2026-08-22T16:00:56,Light Commercial,9,2.8,5698.2,CNG,19.119887,72.93571,95.0,0.66,4000.0,6,65.8,0.0,53.2,-2.92,Highway,Medium,28.4,1.346,0,91.64,16.69,17.57,downhill_acceleration
V012,2026-08-22T16:00:57,Light Commercial,9,2.8,5698.2,CNG,19.120124,72.9359,95.0,0.61,4000.0,6,48.2,0.0,42.6,-3.5,Highway,Medium,26.9,1.373,0,91.63,16.69,17.57,downhill_acceleration
V012,2026-08-22T16:00:58,Light Commercial,9,2.8,5698.2,CNG,19.120362,72.93609,95.0,1.27,4000.0,6,47.5,0.0,46.7,-3.55,Highway,Medium,29.2,1.399,0,91.63,16.69,17.57,downhill_acceleration
V012,2026-08-22T16:00:59,Light Commercial,9,2.8,5698.2,CNG,19.120599,72.93628,95.0,0.68,4000.0,6,58.9,0.0,56.9,-3.6,Highway,Medium,32.5,1.426,0,91.63,16.69,17.57,downhill_acceleration
V012,2026-08-22T16:01:00,Light Commercial,9,2.8,5698.2,CNG,19.120837,72.93647,95.0,0.69,4000.0,6,51.4,0.0,40.2,-4.09,Highway,Medium,27.2,1.452,0,91.62,16.69,17.57,downhill_acceleration
V012,2026-08-22T16:01:01,Light Commercial,9,2.8,5698.2,CNG,19.121074,72.93666,95.0,1.61,4000.0,6,50.2,0.0,64.6,-4.14,Highway,Medium,27.1,1.478,0,91.62,16.69,17.57,downhill_acceleration
V012,2026-08-22T16:01:02,Light Commercial,9,2.8,5698.2,CNG,19.121312,72.93685,95.0,1.26,4000.0,6,48.7,0.0,42.8,-2.7,Highway,Medium,29.6,1.505,0,91.61,16.69,17.57,downhill_acceleration
V012,2026-08-22T16:01:03,Light Commercial,9,2.8,5698.2,CNG,19.121549,72.93704,95.0,1.28,4000.0,6,55.3,0.0,59.9,-2.76,Highway,Medium,30.4,1.531,0,91.61,16.69,17.57,downhill_acceleration
V012,2026-08-22T16:01:04,Light Commercial,9,2.8,5698.2,CNG,19.121787,72.93723,95.0,0.76,4000.0,6,61.5,0.0,53.8,-2.88,Highway,Medium,26.8,1.558,0,91.6,16.69,17.57,downhill_acceleration
V012,2026-08-22T16:01:05,Light Commercial,9,2.8,5698.2,CNG,19.122024,72.93742,95.0,1.49,4000.0,6,52.7,0.0,58.5,-3.66,Highway,Medium,27.7,1.584,0,91.6,16.69,17.57,downhill_acceleration
V012,2026-08-22T16:01:06,Light Commercial,9,2.8,5698.2,CNG,19.122262,72.93761,95.0,0.91,4000.0,6,72.6,0.0,56.2,-4.12,Highway,Medium,27.5,1.61,0,91.59,16.69,17.57,downhill_acceleration
V012,2026-08-22T16:01:07,Light Commercial,9,2.8,5698.2,CNG,19.122499,72.9378,95.0,0.62,4000.0,6,67.2,0.0,44.9,-2.77,Highway,Medium,27.5,1.637,0,91.59,16.69,17.57,downhill_acceleration
V012,2026-08-22T16:01:08,Light Commercial,9,2.8,5698.2,CNG,19.122737,72.93799,95.0,1.66,4000.0,6,65.4,0.0,54.1,-2.25,Highway,Medium,28.0,1.663,0,91.58,16.69,17.57,downhill_acceleration
V012,2026-08-22T16:01:09,Light Commercial,9,2.8,5698.2,CNG,19.122974,72.93818,95.0,0.73,4000.0,6,72.9,0.0,45.1,-3.95,Highway,Medium,27.5,1.69,0,91.58,16.69,17.57,downhill_acceleration
V012,2026-08-22T16:01:10,Light Commercial,9,2.8,5698.2,CNG,19.123212,72.93837,95.0,1.78,4000.0,6,49.0,0.0,62.9,-3.31,Highway,Medium,28.5,1.716,0,91.57,16.69,17.57,downhill_acceleration
V012,2026-08-22T16:01:11,Light Commercial,9,2.8,5698.2,CNG,19.123449,72.93856,95.0,0.77,4000.0,6,73.8,0.0,58.2,-2.46,Highway,Medium,26.8,1.742,0,91.57,16.69,17.57,downhill_acceleration
V012,2026-08-22T16:01:12,Light Commercial,9,2.8,5698.2,CNG,19.123687,72.93875,95.0,1.57,4000.0,6,61.1,0.0,57.4,-3.17,Highway,Medium,28.6,1.769,0,91.57,16.69,17.57,downhill_acceleration
V012,2026-08-22T16:01:13,Light Commercial,9,2.8,5698.2,CNG,19.123924,72.93894,95.0,1.32,4000.0,6,47.8,0.0,59.1,-2.86,Highway,Medium,30.8,1.795,0,91.56,16.69,17.57,downhill_acceleration
V012,2026-08-22T16:01:14,Light Commercial,9,2.8,5698.2,CNG,19.124162,72.93913,95.0,1.38,4000.0,6,68.2,0.0,60.4,-3.57,Highway,Medium,28.3,1.821,0,91.56,16.69,17.57,downhill_acceleration
V012,2026-08-22T16:01:15,Light Commercial,9,2.8,5698.2,CNG,19.124399,72.93932,95.0,0.76,4000.0,6,69.2,0.0,54.9,-2.76,Highway,Medium,26.1,1.848,0,91.55,16.69,17.57,downhill_acceleration
V012,2026-08-22T16:01:16,Light Commercial,9,2.8,5698.2,CNG,19.124637,72.93951,95.0,1.11,4000.0,6,68.7,0.0,55.1,-4.16,Highway,Medium,30.1,1.874,0,91.55,16.69,17.57,downhill_acceleration
V012,2026-08-22T16:01:17,Light Commercial,9,2.8,5698.2,CNG,19.124874,72.9397,95.0,1.71,4000.0,6,66.5,0.0,48.3,-3.42,Highway,Medium,27.9,1.901,0,91.54,16.69,17.57,downhill_acceleration
V012,2026-08-22T16:01:18,Light Commercial,9,2.8,5698.2,CNG,19.125112,72.93989,95.0,0.88,4000.0,6,58.6,0.0,58.2,-4.39,Highway,Medium,26.9,1.927,0,91.54,16.69,17.57,downhill_acceleration
V012,2026-08-22T16:01:19,Light Commercial,9,2.8,5698.2,CNG,19.125349,72.94008,95.0,1.02,4000.0,6,58.1,0.0,41.7,-4.18,Highway,Medium,28.5,1.953,0,91.53,16.69,17.57,downhill_acceleration
V012,2026-08-22T16:01:20,Light Commercial,9,2.8,5698.2,CNG,19.125587,72.94027,95.0,1.61,4000.0,6,67.8,0.0,53.7,-2.54,Highway,Medium,28.2,1.98,0,91.53,16.69,17.57,downhill_acceleration
V012,2026-08-22T16:01:21,Light Commercial,9,2.8,5698.2,CNG,19.125824,72.94046,95.0,1.49,4000.0,6,65.8,0.0,52.0,-3.72,Highway,Medium,27.6,2.006,0,91.52,16.69,17.57,downhill_acceleration
V012,2026-08-22T16:01:22,Light Commercial,9,2.8,5698.2,CNG,19.126062,72.94065,95.0,1.04,4000.0,6,48.6,0.0,60.9,-2.27,Highway,Medium,27.1,2.033,0,91.52,16.69,17.57,downhill_acceleration
V012,2026-08-22T16:01:23,Light Commercial,9,2.8,5698.2,CNG,19.126299,72.94084,95.0,0.88,4000.0,6,66.2,0.0,54.8,-3.01,Highway,Medium,29.5,2.059,0,91.51,16.69,17.57,downhill_acceleration
V012,2026-08-22T16:01:24,Light Commercial,9,2.8,5698.2,CNG,19.126537,72.94103,95.0,0.73,4000.0,6,59.5,0.0,63.3,-3.02,Highway,Medium,28.6,2.085,0,91.51,16.69,17.57,downhill_acceleration
V012,2026-08-22T16:01:25,Light Commercial,9,2.8,5698.2,CNG,19.126774,72.94122,95.0,1.28,4000.0,6,50.1,0.0,46.0,-3.05,Highway,Medium,26.9,2.112,0,91.51,16.69,17.57,downhill_acceleration
V012,2026-08-22T16:01:26,Light Commercial,9,2.8,5698.2,CNG,19.127012,72.94141,95.0,1.67,4000.0,6,61.4,0.0,58.5,-2.38,Highway,Medium,27.2,2.138,0,91.5,16.69,17.57,downhill_acceleration
V012,2026-08-22T16:01:27,Light Commercial,9,2.8,5698.2,CNG,19.127249,72.9416,95.0,1.3,4000.0,6,53.4,0.0,56.3,-4.1,Highway,Medium,29.3,2.165,0,91.5,16.69,17.57,downhill_acceleration
V012,2026-08-22T16:01:28,Light Commercial,9,2.8,5698.2,CNG,19.127487,72.94179,95.0,1.69,4000.0,6,54.2,0.0,47.0,-3.21,Highway,Medium,24.6,2.191,0,91.49,16.69,17.57,downhill_acceleration
V012,2026-08-22T16:01:29,Light Commercial,9,2.8,5698.2,CNG,19.127724,72.94198,95.0,0.88,4000.0,6,47.4,0.0,44.9,-2.75,Highway,Medium,29.9,2.217,0,91.49,16.69,17.57,downhill_acceleration
V012,2026-08-22T16:01:30,Light Commercial,9,2.8,5698.2,CNG,19.127962,72.94217,95.0,1.77,4000.0,6,48.8,0.0,43.5,-2.41,Highway,Medium,28.4,2.244,0,91.48,16.69,17.57,downhill_acceleration
V012,2026-08-22T16:01:31,Light Commercial,9,2.8,5698.2,CNG,19.128199,72.94236,95.0,1.62,4000.0,6,67.3,0.0,58.8,-2.3,Highway,Medium,27.8,2.27,0,91.48,16.69,17.57,downhill_acceleration
V012,2026-08-22T16:01:32,Light Commercial,9,2.8,5698.2,CNG,19.128437,72.94255,95.0,1.57,4000.0,6,65.0,0.0,46.8,-2.35,Highway,Medium,27.1,2.296,0,91.47,16.69,17.57,downhill_acceleration
V012,2026-08-22T16:01:33,Light Commercial,9,2.8,5698.2,CNG,19.128674,72.94274,95.0,0.81,4000.0,6,50.3,0.0,45.5,-3.7,Highway,Medium,27.4,2.323,0,91.47,16.69,17.57,downhill_acceleration
V012,2026-08-22T16:01:34,Light Commercial,9,2.8,5698.2,CNG,19.128912,72.94293,95.0,0.61,4000.0,6,52.5,0.0,58.3,-4.35,Highway,Medium,28.3,2.349,0,91.46,16.69,17.57,downhill_acceleration
V012,2026-08-22T16:01:35,Light Commercial,9,2.8,5698.2,CNG,19.129149,72.94312,95.0,1.19,4000.0,6,69.8,0.0,51.7,-4.04,Highway,Medium,29.3,2.376,0,91.46,16.69,17.57,downhill_acceleration
V012,2026-08-22T16:01:36,Light Commercial,9,2.8,5698.2,CNG,19.129387,72.94331,95.0,0.91,4000.0,6,69.5,0.0,50.0,-3.47,Highway,Medium,24.9,2.402,0,91.45,16.69,17.57,downhill_acceleration
V012,2026-08-22T16:01:37,Light Commercial,9,2.8,5698.2,CNG,19.129624,72.9435,95.0,1.7,4000.0,6,64.9,0.0,50.9,-2.93,Highway,Medium,28.5,2.428,0,91.45,16.69,17.57,downhill_acceleration
V012,2026-08-22T16:01:38,Light Commercial,9,2.8,5698.2,CNG,19.129862,72.94369,95.0,0.66,4000.0,6,62.4,0.0,59.7,-3.38,Highway,Medium,29.9,2.455,0,91.44,16.69,17.57,downhill_acceleration
V012,2026-08-22T16:01:39,Light Commercial,9,2.8,5698.2,CNG,19.130099,72.94388,95.0,1.01,4000.0,6,53.3,0.0,55.8,-3.05,Highway,Medium,28.4,2.481,0,91.44,16.69,17.57,downhill_acceleration
V012,2026-08-22T16:01:40,Light Commercial,9,2.8,5698.2,CNG,19.130337,72.94407,95.0,1.68,4000.0,6,67.4,0.0,58.5,-3.39,Highway,Medium,30.3,2.508,0,91.44,16.69,17.57,downhill_acceleration
V012,2026-08-22T16:01:41,Light Commercial,9,2.8,5698.2,CNG,19.130574,72.94426,95.0,1.12,4000.0,6,49.8,0.0,52.5,-3.0,Highway,Medium,26.3,2.534,0,91.43,16.69,17.57,downhill_acceleration
V012,2026-08-22T16:01:42,Light Commercial,9,2.8,5698.2,CNG,19.130812,72.94445,95.0,1.53,4000.0,6,59.4,0.0,47.0,-4.16,Highway,Medium,26.5,2.56,0,91.43,16.69,17.57,downhill_acceleration
V012,2026-08-22T16:01:43,Light Commercial,9,2.8,5698.2,CNG,19.131049,72.94464,95.0,1.23,4000.0,6,72.1,0.0,62.8,-3.81,Highway,Medium,28.6,2.587,0,91.42,16.69,17.57,downhill_acceleration
V012,2026-08-22T16:01:44,Light Commercial,9,2.8,5698.2,CNG,19.131287,72.94483,95.0,0.88,4000.0,6,72.5,0.0,58.8,-4.13,Highway,Medium,28.0,2.613,0,91.42,16.69,17.57,downhill_acceleration
V012,2026-08-22T16:01:45,Light Commercial,9,2.8,5698.2,CNG,19.131524,72.94502,95.0,0.85,4000.0,6,66.8,0.0,40.9,-4.1,Highway,Medium,30.6,2.64,0,91.41,16.69,17.57,downhill_acceleration
V012,2026-08-22T16:01:46,Light Commercial,9,2.8,5698.2,CNG,19.131762,72.94521,95.0,1.25,4000.0,6,64.9,0.0,50.4,-2.85,Highway,Medium,30.4,2.666,0,91.41,16.69,17.57,downhill_acceleration
V012,2026-08-22T16:01:47,Light Commercial,9,2.8,5698.2,CNG,19.131999,72.9454,95.0,1.55,4000.0,6,52.7,0.0,54.3,-3.27,Highway,Medium,27.8,2.692,0,91.4,16.69,17.57,downhill_acceleration
V012,2026-08-22T16:01:48,Light Commercial,9,2.8,5698.2,CNG,19.132237,72.94559,95.0,1.72,4000.0,6,53.6,0.0,63.0,-3.67,Highway,Medium,27.9,2.719,0,91.4,16.69,17.57,downhill_acceleration
V012,2026-08-22T16:01:49,Light Commercial,9,2.8,5698.2,CNG,19.132474,72.94578,95.0,1.71,4000.0,6,59.9,0.0,58.2,-4.02,Highway,Medium,27.1,2.745,0,91.39,16.69,17.57,downhill_acceleration
V012,2026-08-22T16:01:50,Light Commercial,9,2.8,5698.2,CNG,19.132712,72.94597,95.0,1.78,4000.0,6,67.6,0.0,49.2,-3.7,Highway,Medium,26.9,2.771,0,91.39,16.69,17.57,downhill_acceleration
V012,2026-08-22T16:01:51,Light Commercial,9,2.8,5698.2,CNG,19.132949,72.94616,95.0,0.76,4000.0,6,65.2,0.0,54.9,-3.01,Highway,Medium,27.5,2.798,0,91.38,16.69,17.57,downhill_acceleration
V012,2026-08-22T16:01:52,Light Commercial,9,2.8,5698.2,CNG,19.133187,72.94635,95.0,1.49,4000.0,6,47.1,0.0,50.7,-3.56,Highway,Medium,27.7,2.824,0,91.38,16.69,17.57,downhill_acceleration
V012,2026-08-22T16:01:53,Light Commercial,9,2.8,5698.2,CNG,19.133424,72.94654,95.0,1.05,4000.0,6,48.4,0.0,56.8,-3.56,Highway,Medium,28.5,2.851,0,91.38,16.69,17.57,downhill_acceleration
V012,2026-08-22T16:01:54,Light Commercial,9,2.8,5698.2,CNG,19.133662,72.94673,95.0,1.3,4000.0,6,70.5,0.0,45.4,-3.66,Highway,Medium,26.2,2.877,0,91.37,16.69,17.57,downhill_acceleration
V012,2026-08-22T16:01:55,Light Commercial,9,2.8,5698.2,CNG,19.133899,72.94692,95.0,1.62,4000.0,6,58.7,0.0,41.5,-3.57,Highway,Medium,30.1,2.903,0,91.37,16.69,17.57,downhill_acceleration
V012,2026-08-22T16:01:56,Light Commercial,9,2.8,5698.2,CNG,19.134137,72.94711,95.0,1.0,4000.0,6,55.9,0.0,57.7,-3.06,Highway,Medium,29.0,2.93,0,91.36,16.69,17.57,downhill_acceleration
V012,2026-08-22T16:01:57,Light Commercial,9,2.8,5698.2,CNG,19.134374,72.9473,95.0,1.14,4000.0,6,66.0,0.0,53.2,-3.49,Highway,Medium,28.9,2.956,0,91.36,16.69,17.57,downhill_acceleration
V012,2026-08-22T16:01:58,Light Commercial,9,2.8,5698.2,CNG,19.134612,72.94749,95.0,0.94,4000.0,6,74.4,0.0,57.7,-2.57,Highway,Medium,28.5,2.983,0,91.35,16.69,17.57,downhill_acceleration
V012,2026-08-22T16:01:59,Light Commercial,9,2.8,5698.2,CNG,19.134849,72.94768,95.0,1.77,4000.0,6,74.2,0.0,60.9,-3.73,Highway,Medium,26.8,3.009,0,91.35,16.69,17.57,downhill_acceleration
